SET foreign_key_checks = 0;
DELETE FROM keycloak.DATABASECHANGELOGLOCK;
DELETE FROM keycloak.DATABASECHANGELOG;
DELETE FROM keycloak.POLICY_CONFIG;
DELETE FROM keycloak.CLIENT;
DELETE FROM keycloak.ADMIN_EVENT_ENTITY;
DELETE FROM keycloak.CLIENT_SESSION_ROLE;
DELETE FROM keycloak.WEB_ORIGINS;
DELETE FROM keycloak.FEDERATED_USER;
DELETE FROM keycloak.EVENT_ENTITY;
DELETE FROM keycloak.USER_CONSENT;
DELETE FROM keycloak.CLIENT_SESSION_NOTE;
DELETE FROM keycloak.MIGRATION_MODEL;
DELETE FROM keycloak.REALM_EVENTS_LISTENERS;
DELETE FROM keycloak.OFFLINE_CLIENT_SESSION;
DELETE FROM keycloak.KEYCLOAK_ROLE;
DELETE FROM keycloak.GROUP_ATTRIBUTE;
DELETE FROM keycloak.PROTOCOL_MAPPER_CONFIG;
DELETE FROM keycloak.REDIRECT_URIS;
DELETE FROM keycloak.SCOPE_MAPPING;
DELETE FROM keycloak.KEYCLOAK_GROUP;
DELETE FROM keycloak.USER_ATTRIBUTE;
DELETE FROM keycloak.USER_ENTITY;
DELETE FROM keycloak.USER_FEDERATION_PROVIDER;
DELETE FROM keycloak.RESOURCE_POLICY;
DELETE FROM keycloak.RESOURCE_SCOPE;
DELETE FROM keycloak.FEDERATED_IDENTITY;
DELETE FROM keycloak.USER_SESSION;
DELETE FROM keycloak.IDENTITY_PROVIDER_CONFIG;
DELETE FROM keycloak.COMPOSITE_ROLE;
DELETE FROM keycloak.SCOPE_POLICY;
DELETE FROM keycloak.REALM_ATTRIBUTE;
DELETE FROM keycloak.CLIENT_SESSION;
DELETE FROM keycloak.USER_ROLE_MAPPING;
DELETE FROM keycloak.CLIENT_ATTRIBUTES;
DELETE FROM keycloak.REALM_SMTP_CONFIG;
DELETE FROM keycloak.BROKER_LINK;
DELETE FROM keycloak.REALM;
DELETE FROM keycloak.REALM_ENABLED_EVENT_TYPES;
DELETE FROM keycloak.REALM_REQUIRED_CREDENTIAL;
DELETE FROM keycloak.FED_USER_CONSENT;
DELETE FROM keycloak.USER_FEDERATION_CONFIG;
DELETE FROM keycloak.IDENTITY_PROVIDER;
DELETE FROM keycloak.FED_USER_CONSENT_CL_SCOPE;
DELETE FROM keycloak.REALM_SUPPORTED_LOCALES;
DELETE FROM keycloak.USER_SESSION_NOTE;
DELETE FROM keycloak.CLIENT_SCOPE_CLIENT;
DELETE FROM keycloak.FED_USER_ATTRIBUTE;
DELETE FROM keycloak.CLIENT_AUTH_FLOW_BINDINGS;
DELETE FROM keycloak.CREDENTIAL;
DELETE FROM keycloak.IDENTITY_PROVIDER_MAPPER;
DELETE FROM keycloak.USER_CONSENT_CLIENT_SCOPE;
DELETE FROM keycloak.CLIENT_SESSION_PROT_MAPPER;
DELETE FROM keycloak.CLIENT_NODE_REGISTRATIONS;
DELETE FROM keycloak.CLIENT_SCOPE;
DELETE FROM keycloak.CLIENT_SCOPE_ROLE_MAPPING;
DELETE FROM keycloak.RESOURCE_ATTRIBUTE;
DELETE FROM keycloak.FED_USER_GROUP_MEMBERSHIP;
DELETE FROM keycloak.FED_USER_ROLE_MAPPING;
DELETE FROM keycloak.COMPONENT_CONFIG;
DELETE FROM keycloak.USER_REQUIRED_ACTION;
DELETE FROM keycloak.RESOURCE_SERVER_RESOURCE;
DELETE FROM keycloak.CLIENT_SESSION_AUTH_STATUS;
DELETE FROM keycloak.AUTHENTICATION_FLOW;
DELETE FROM keycloak.AUTHENTICATION_EXECUTION;
DELETE FROM keycloak.USER_FEDERATION_MAPPER;
DELETE FROM keycloak.USER_FEDERATION_MAPPER_CONFIG;
DELETE FROM keycloak.IDP_MAPPER_CONFIG;
DELETE FROM keycloak.AUTHENTICATOR_CONFIG_ENTRY;
DELETE FROM keycloak.AUTHENTICATOR_CONFIG;
DELETE FROM keycloak.RESOURCE_SERVER_SCOPE;
DELETE FROM keycloak.REQUIRED_ACTION_CONFIG;
DELETE FROM keycloak.CLIENT_SCOPE_ATTRIBUTES;
DELETE FROM keycloak.DEFAULT_CLIENT_SCOPE;
DELETE FROM keycloak.REQUIRED_ACTION_PROVIDER;
DELETE FROM keycloak.CLIENT_USER_SESSION_NOTE;
DELETE FROM keycloak.OFFLINE_USER_SESSION;
DELETE FROM keycloak.RESOURCE_URIS;
DELETE FROM keycloak.CLIENT_INITIAL_ACCESS;
DELETE FROM keycloak.ROLE_ATTRIBUTE;
DELETE FROM keycloak.USERNAME_LOGIN_FAILURE;
DELETE FROM keycloak.USER_GROUP_MEMBERSHIP;
DELETE FROM keycloak.GROUP_ROLE_MAPPING;
DELETE FROM keycloak.REALM_DEFAULT_GROUPS;
DELETE FROM keycloak.COMPONENT;
DELETE FROM keycloak.PROTOCOL_MAPPER;
DELETE FROM keycloak.RESOURCE_SERVER_POLICY;
DELETE FROM keycloak.ASSOCIATED_POLICY;
DELETE FROM keycloak.FED_USER_CREDENTIAL;
DELETE FROM keycloak.FED_USER_REQUIRED_ACTION;
DELETE FROM keycloak.RESOURCE_SERVER_PERM_TICKET;
DELETE FROM keycloak.REALM_LOCALIZATIONS;
DELETE FROM keycloak.RESOURCE_SERVER;
DELETE FROM platform.T_PLATFORM_VERSION;
DELETE FROM platform.T_PLATFORM_MIGRATION_HISTORY;
DELETE FROM platform.T_PLATFORM_PRIVATE;
DELETE FROM platform.T_ORGANIZATION;
DELETE FROM platform.T_ORGANIZATION_DB;
DELETE FROM platform.T_ORGANIZATION_PLAN;
DELETE FROM platform.T_PLAN;
DELETE FROM platform.T_PLAN_ITEM;
DELETE FROM platform.T_REFRESH_TOKEN;
DELETE FROM platform.M_SYSTEM_CONFIG;
DELETE FROM platform.T_MAINTENANCE_MODE;
DELETE FROM platform.T_PROCESS_QUEUE;
DELETE FROM platform.T_PLAN_LIMIT;
DELETE FROM platform.T_PROCESS_QUEUE_LOCK;
DELETE FROM PF_ORG_EJAZXMTPQTINWQZ16444.T_ORGANIZATION_PRIVATE;
DELETE FROM PF_ORG_EJAZXMTPQTINWQZ16444.T_WORKSPACE;
DELETE FROM PF_ORG_EJAZXMTPQTINWQZ16444.T_REFRESH_TOKEN;
DELETE FROM PF_ORG_EJAZXMTPQTINWQZ16444.M_SMTP_SERVER;
DELETE FROM PF_ORG_EJAZXMTPQTINWQZ16444.T_JOBS_USER;
DELETE FROM PF_ORG_EJAZXMTPQTINWQZ16444.T_JOBS_USER_FILE;
DELETE FROM PF_ORG_EJAZXMTPQTINWQZ16444.T_JOBS_USER_RESULT;
DELETE FROM PF_ORG_EJAZXMTPQTINWQZ16444.T_JOBS_USER_EXPORT;
DELETE FROM PF_ORG_EJAZXMTPQTINWQZ16444.T_JOBS_USER_FILE_EXPORT;
DELETE FROM PF_ORG_EJAZXMTPQTINWQZ16444.T_WORKSPACE_DB;
DELETE FROM PF_ORG_EJAZXMTPQTINWQZ16444.T_AUDIT_LOG;
DELETE FROM PF_ORG_EJAZXMTPQTINWQZ16444.T_JOBS_AUDIT_LOG;
DELETE FROM PF_ORG_EJAZXMTPQTINWQZ16444.T_JOBS_AUDIT_LOG_FILE;
DELETE FROM PF_WS_XKQKZT1L4HYSFEGAQO08.M_NOTIFICATION_DESTINATION;
DELETE FROM PF_WS_XKQKZT1L4HYSFEGAQO08.T_NOTIFICATION_MESSAGE;
DELETE FROM PF_WS_XFKVDFP3YUZD8K2DTKR9.M_NOTIFICATION_DESTINATION;
DELETE FROM PF_WS_XFKVDFP3YUZD8K2DTKR9.T_NOTIFICATION_MESSAGE;
DELETE FROM PF_WS_L1VM339M8ECNS2ULTIIU.M_NOTIFICATION_DESTINATION;
DELETE FROM PF_WS_L1VM339M8ECNS2ULTIIU.T_NOTIFICATION_MESSAGE;
DELETE FROM PF_ORG_3ZFT04BZQ7EFICH92F9P.T_ORGANIZATION_PRIVATE;
DELETE FROM PF_ORG_3ZFT04BZQ7EFICH92F9P.T_WORKSPACE;
DELETE FROM PF_ORG_3ZFT04BZQ7EFICH92F9P.T_REFRESH_TOKEN;
DELETE FROM PF_ORG_3ZFT04BZQ7EFICH92F9P.M_SMTP_SERVER;
DELETE FROM PF_ORG_3ZFT04BZQ7EFICH92F9P.T_JOBS_USER;
DELETE FROM PF_ORG_3ZFT04BZQ7EFICH92F9P.T_JOBS_USER_FILE;
DELETE FROM PF_ORG_3ZFT04BZQ7EFICH92F9P.T_JOBS_USER_RESULT;
DELETE FROM PF_ORG_3ZFT04BZQ7EFICH92F9P.T_JOBS_USER_EXPORT;
DELETE FROM PF_ORG_3ZFT04BZQ7EFICH92F9P.T_JOBS_USER_FILE_EXPORT;
DELETE FROM PF_ORG_3ZFT04BZQ7EFICH92F9P.T_WORKSPACE_DB;
DELETE FROM PF_ORG_3ZFT04BZQ7EFICH92F9P.T_AUDIT_LOG;
DELETE FROM PF_ORG_3ZFT04BZQ7EFICH92F9P.T_JOBS_AUDIT_LOG;
DELETE FROM PF_ORG_3ZFT04BZQ7EFICH92F9P.T_JOBS_AUDIT_LOG_FILE;
DELETE FROM PF_WS_0WE16BADQSJ7JUW4T1TA.M_NOTIFICATION_DESTINATION;
DELETE FROM PF_WS_0WE16BADQSJ7JUW4T1TA.T_NOTIFICATION_MESSAGE;
DELETE FROM PF_WS_W0CD4LK5SA12BRWUJ39L.M_NOTIFICATION_DESTINATION;
DELETE FROM PF_WS_W0CD4LK5SA12BRWUJ39L.T_NOTIFICATION_MESSAGE;
DELETE FROM PF_WS_FPNY2O3RD85Z3KJQ2TC5.M_NOTIFICATION_DESTINATION;
DELETE FROM PF_WS_FPNY2O3RD85Z3KJQ2TC5.T_NOTIFICATION_MESSAGE;
DELETE FROM PF_ORG_88TRICA7QF3FWGGEBERO.T_ORGANIZATION_PRIVATE;
DELETE FROM PF_ORG_88TRICA7QF3FWGGEBERO.T_WORKSPACE;
DELETE FROM PF_ORG_88TRICA7QF3FWGGEBERO.T_REFRESH_TOKEN;
DELETE FROM PF_ORG_88TRICA7QF3FWGGEBERO.M_SMTP_SERVER;
DELETE FROM PF_ORG_88TRICA7QF3FWGGEBERO.T_JOBS_USER;
DELETE FROM PF_ORG_88TRICA7QF3FWGGEBERO.T_JOBS_USER_FILE;
DELETE FROM PF_ORG_88TRICA7QF3FWGGEBERO.T_JOBS_USER_RESULT;
DELETE FROM PF_ORG_88TRICA7QF3FWGGEBERO.T_JOBS_USER_EXPORT;
DELETE FROM PF_ORG_88TRICA7QF3FWGGEBERO.T_JOBS_USER_FILE_EXPORT;
DELETE FROM PF_ORG_88TRICA7QF3FWGGEBERO.T_WORKSPACE_DB;
DELETE FROM PF_ORG_88TRICA7QF3FWGGEBERO.T_AUDIT_LOG;
DELETE FROM PF_ORG_88TRICA7QF3FWGGEBERO.T_JOBS_AUDIT_LOG;
DELETE FROM PF_ORG_88TRICA7QF3FWGGEBERO.T_JOBS_AUDIT_LOG_FILE;
DELETE FROM PF_WS_N1HW4CXTBSBEI3TO19QK.M_NOTIFICATION_DESTINATION;
DELETE FROM PF_WS_N1HW4CXTBSBEI3TO19QK.T_NOTIFICATION_MESSAGE;
DELETE FROM PF_WS_4SM6XNRVPSYAVS1JNUT2.M_NOTIFICATION_DESTINATION;
DELETE FROM PF_WS_4SM6XNRVPSYAVS1JNUT2.T_NOTIFICATION_MESSAGE;
DELETE FROM PF_WS_FPUKCCKW39BWT8GZAUEU.M_NOTIFICATION_DESTINATION;
DELETE FROM PF_WS_FPUKCCKW39BWT8GZAUEU.T_NOTIFICATION_MESSAGE;
DELETE FROM PF_ORG_DGZ00V7W0MS6UE8FCB69.T_ORGANIZATION_PRIVATE;
DELETE FROM PF_ORG_DGZ00V7W0MS6UE8FCB69.T_WORKSPACE;
DELETE FROM PF_ORG_DGZ00V7W0MS6UE8FCB69.T_REFRESH_TOKEN;
DELETE FROM PF_ORG_DGZ00V7W0MS6UE8FCB69.M_SMTP_SERVER;
DELETE FROM PF_ORG_DGZ00V7W0MS6UE8FCB69.T_JOBS_USER;
DELETE FROM PF_ORG_DGZ00V7W0MS6UE8FCB69.T_JOBS_USER_FILE;
DELETE FROM PF_ORG_DGZ00V7W0MS6UE8FCB69.T_JOBS_USER_RESULT;
DELETE FROM PF_ORG_DGZ00V7W0MS6UE8FCB69.T_JOBS_USER_EXPORT;
DELETE FROM PF_ORG_DGZ00V7W0MS6UE8FCB69.T_JOBS_USER_FILE_EXPORT;
DELETE FROM PF_ORG_DGZ00V7W0MS6UE8FCB69.T_WORKSPACE_DB;
DELETE FROM PF_ORG_DGZ00V7W0MS6UE8FCB69.T_AUDIT_LOG;
DELETE FROM PF_ORG_DGZ00V7W0MS6UE8FCB69.T_JOBS_AUDIT_LOG;
DELETE FROM PF_ORG_DGZ00V7W0MS6UE8FCB69.T_JOBS_AUDIT_LOG_FILE;
DELETE FROM PF_WS_FK4ZN1D1GUMW9KSL5R7Q.M_NOTIFICATION_DESTINATION;
DELETE FROM PF_WS_FK4ZN1D1GUMW9KSL5R7Q.T_NOTIFICATION_MESSAGE;
DELETE FROM PF_WS_0RFUQBJ5WBLLU42A6UOH.M_NOTIFICATION_DESTINATION;
DELETE FROM PF_WS_0RFUQBJ5WBLLU42A6UOH.T_NOTIFICATION_MESSAGE;
DELETE FROM PF_WS_ST1KKO7A8JGGPGTM0X2U.M_NOTIFICATION_DESTINATION;
DELETE FROM PF_WS_ST1KKO7A8JGGPGTM0X2U.T_NOTIFICATION_MESSAGE;
DELETE FROM PF_ORG_SFRZWK33L31NYHF3VHNU.T_ORGANIZATION_PRIVATE;
DELETE FROM PF_ORG_SFRZWK33L31NYHF3VHNU.T_WORKSPACE;
DELETE FROM PF_ORG_SFRZWK33L31NYHF3VHNU.T_REFRESH_TOKEN;
DELETE FROM PF_ORG_SFRZWK33L31NYHF3VHNU.M_SMTP_SERVER;
DELETE FROM PF_ORG_SFRZWK33L31NYHF3VHNU.T_JOBS_USER;
DELETE FROM PF_ORG_SFRZWK33L31NYHF3VHNU.T_JOBS_USER_FILE;
DELETE FROM PF_ORG_SFRZWK33L31NYHF3VHNU.T_JOBS_USER_RESULT;
DELETE FROM PF_ORG_SFRZWK33L31NYHF3VHNU.T_JOBS_USER_EXPORT;
DELETE FROM PF_ORG_SFRZWK33L31NYHF3VHNU.T_JOBS_USER_FILE_EXPORT;
DELETE FROM PF_ORG_SFRZWK33L31NYHF3VHNU.T_WORKSPACE_DB;
DELETE FROM PF_ORG_SFRZWK33L31NYHF3VHNU.T_AUDIT_LOG;
DELETE FROM PF_ORG_SFRZWK33L31NYHF3VHNU.T_JOBS_AUDIT_LOG;
DELETE FROM PF_ORG_SFRZWK33L31NYHF3VHNU.T_JOBS_AUDIT_LOG_FILE;
DELETE FROM PF_WS_WE7JHVTBFG6WNZNLU3R4.M_NOTIFICATION_DESTINATION;
DELETE FROM PF_WS_WE7JHVTBFG6WNZNLU3R4.T_NOTIFICATION_MESSAGE;
DELETE FROM PF_WS_4YHY1C6HPA3JZWWPD6YM.M_NOTIFICATION_DESTINATION;
DELETE FROM PF_WS_4YHY1C6HPA3JZWWPD6YM.T_NOTIFICATION_MESSAGE;
DELETE FROM PF_WS_TGOF6K6KCHYCWKB23QSU.M_NOTIFICATION_DESTINATION;
DELETE FROM PF_WS_TGOF6K6KCHYCWKB23QSU.T_NOTIFICATION_MESSAGE;
-- MySQL dump 10.13  Distrib 8.0.43, for Linux (x86_64)
--
-- Host: platform-db    Database: keycloak
-- ------------------------------------------------------
-- Server version	5.5.5-10.4.8-MariaDB-1:10.4.8+maria~bionic

/*!40101 SET @OLD_CHARACTER_SET_CLIENT=@@CHARACTER_SET_CLIENT */;
/*!40101 SET @OLD_CHARACTER_SET_RESULTS=@@CHARACTER_SET_RESULTS */;
/*!40101 SET @OLD_COLLATION_CONNECTION=@@COLLATION_CONNECTION */;
/*!50503 SET NAMES utf8mb4 */;
/*!40103 SET @OLD_TIME_ZONE=@@TIME_ZONE */;
/*!40103 SET TIME_ZONE='+00:00' */;
/*!40014 SET @OLD_UNIQUE_CHECKS=@@UNIQUE_CHECKS, UNIQUE_CHECKS=0 */;
/*!40014 SET @OLD_FOREIGN_KEY_CHECKS=@@FOREIGN_KEY_CHECKS, FOREIGN_KEY_CHECKS=0 */;
/*!40101 SET @OLD_SQL_MODE=@@SQL_MODE, SQL_MODE='NO_AUTO_VALUE_ON_ZERO' */;
/*!40111 SET @OLD_SQL_NOTES=@@SQL_NOTES, SQL_NOTES=0 */;

--
-- Current Database: `keycloak`
--

USE `keycloak`;

--
-- Dumping data for table `ADMIN_EVENT_ENTITY`
--

LOCK TABLES `ADMIN_EVENT_ENTITY` WRITE;
INSERT INTO `ADMIN_EVENT_ENTITY` VALUES ('005ca4ed-a4f2-43c0-8177-175500f937de',1755591035551,'org2','CREATE','9643073e-80de-4254-9166-5c75e800fbb5','1bb141eb-f6ea-4e73-a5c5-9902dd89cd08','11e8c7e0-cfb5-45f4-be0c-87c51eccd434','172.18.0.6','users/f01d8325-1d93-43f5-8d50-6f4011b117c6/role-mappings/clients/75d96194-d217-4f3b-a78b-539477dc2615','[{\"id\":\"7ff33427-a382-4133-809d-9a27f1f51688\",\"name\":\"realm-admin\",\"description\":\"${role_realm-admin}\",\"composite\":true,\"clientRole\":true,\"containerId\":\"75d96194-d217-4f3b-a78b-539477dc2615\",\"attributes\":{}}]',NULL,'CLIENT_ROLE_MAPPING'),('0072e7fb-fcea-4f36-a64e-83561a0dd13a',1755591060673,'org3','CREATE','org3','d137d744-bd8f-4564-a08a-42c321fcd1ef','57df7deb-9bdd-41da-8092-d56544d6ede7','172.18.0.6','clients/d137d744-bd8f-4564-a08a-42c321fcd1ef/roles/ws3','{\"id\":\"a6991074-464f-4d30-883f-823245ae8f2c\",\"name\":\"ws3\",\"composite\":false,\"attributes\":{\"kind\":[\"workspace\"]}}',NULL,'CLIENT_ROLE'),('00943364-8cd3-485e-b51c-7b046d273c78',1755591035341,'org2','CREATE','9643073e-80de-4254-9166-5c75e800fbb5','1bb141eb-f6ea-4e73-a5c5-9902dd89cd08','11e8c7e0-cfb5-45f4-be0c-87c51eccd434','172.18.0.6','clients/2e4723a1-d81b-4639-bb6b-9f411f27d91d/roles/_organization-manager/composites','[{\"id\":\"9fe516b0-25b6-42b4-91be-e5a95b2e8764\",\"name\":\"_og-upd\",\"composite\":false,\"clientRole\":true,\"containerId\":\"25395b94-d108-4733-bde2-275d838f2ad2\",\"attributes\":{}},{\"id\":\"e8a9dbf5-9791-4bae-ab3b-504b904288fc\",\"name\":\"_og-own-mt\",\"composite\":false,\"clientRole\":true,\"containerId\":\"25395b94-d108-4733-bde2-275d838f2ad2\",\"attributes\":{}},{\"id\":\"49234111-3df0-4101-9de7-b813497543a7\",\"name\":\"_og-role-usr\",\"composite\":false,\"clientRole\":true,\"containerId\":\"25395b94-d108-4733-bde2-275d838f2ad2\",\"attributes\":{}},{\"id\":\"0add5fbb-b696-45b2-8586-73291c5343f1\",\"name\":\"_og-usage\",\"composite\":false,\"clientRole\":true,\"containerId\":\"25395b94-d108-4733-bde2-275d838f2ad2\",\"attributes\":{}},{\"id\":\"34c1f2c5-f962-44d3-8c5d-b0a990b259f3\",\"name\":\"_og-usr-mt\",\"composite\":false,\"clientRole\":true,\"containerId\":\"25395b94-d108-4733-bde2-275d838f2ad2\",\"attributes\":{}},{\"id\":\"541b2ce5-3475-4c0e-aa5b-4a5b973aa4e1\",\"name\":\"_og-ws-role-mt\",\"composite\":false,\"clientRole\":true,\"containerId\":\"25395b94-d108-4733-bde2-275d838f2ad2\",\"attributes\":{}},{\"id\":\"d285209e-8a7e-4afe-8efb-7bc939fd2791\",\"name\":\"_og-ws-role-usr\",\"composite\":false,\"clientRole\":true,\"containerId\":\"25395b94-d108-4733-bde2-275d838f2ad2\",\"attributes\":{}},{\"id\":\"11a8e9c4-558b-4ce8-b2c9-4487bafa1090\",\"name\":\"_og-ws-mt\",\"composite\":false,\"clientRole\":true,\"containerId\":\"25395b94-d108-4733-bde2-275d838f2ad2\",\"attributes\":{}},{\"id\":\"386d6f45-e3fc-4a35-b1d7-5c90d41d97e8\",\"name\":\"_og-audit-log\",\"composite\":false,\"clientRole\":true,\"containerId\":\"25395b94-d108-4733-bde2-275d838f2ad2\",\"attributes\":{}},{\"id\":\"3096ce5e-50e5-4a51-b2b1-edd0261b95e1\",\"name\":\"manage-identity-providers\",\"description\":\"${role_manage-identity-providers}\",\"composite\":false,\"clientRole\":true,\"containerId\":\"75d96194-d217-4f3b-a78b-539477dc2615\",\"attributes\":{}},{\"id\":\"afec86fe-47e1-440a-87cd-5f8c888a8be4\",\"name\":\"view-identity-providers\",\"description\":\"${role_view-identity-providers}\",\"composite\":false,\"clientRole\":true,\"containerId\":\"75d96194-d217-4f3b-a78b-539477dc2615\",\"attributes\":{}},{\"id\":\"531bc4c9-154d-46e1-9650-ff9768700561\",\"name\":\"view-realm\",\"description\":\"${role_view-realm}\",\"composite\":false,\"clientRole\":true,\"containerId\":\"75d96194-d217-4f3b-a78b-539477dc2615\",\"attributes\":{}},{\"id\":\"49313b13-cea7-435c-91f9-a8fc10a75ebe\",\"name\":\"view-clients\",\"description\":\"${role_view-clients}\",\"composite\":true,\"clientRole\":true,\"containerId\":\"75d96194-d217-4f3b-a78b-539477dc2615\",\"attributes\":{}},{\"id\":\"6cb7c1a2-d4a2-4ae3-9602-fae1ec0b77d3\",\"name\":\"manage-realm\",\"description\":\"${role_manage-realm}\",\"composite\":false,\"clientRole\":true,\"containerId\":\"75d96194-d217-4f3b-a78b-539477dc2615\",\"attributes\":{}}]',NULL,'CLIENT_ROLE'),('0161ff88-597a-450d-8538-e233a8bb105a',1755591071788,'org4','CREATE','org4','a0940068-fbaf-4ef7-a62c-c38b71f55474','da698bab-f61b-455a-9d24-9128e9515c92','172.18.0.6','clients/a0940068-fbaf-4ef7-a62c-c38b71f55474/roles/_ws2-admin','{\"id\":\"cf2b1444-5e34-419f-be90-33d604ac1d68\",\"name\":\"_ws2-admin\",\"composite\":false,\"attributes\":{\"kind\":[\"workspace\"]}}',NULL,'CLIENT_ROLE'),('023e3dbd-a31b-43d1-bddd-dbc16a97578b',1755591045276,'org2','CREATE','org2','25395b94-d108-4733-bde2-275d838f2ad2','f01d8325-1d93-43f5-8d50-6f4011b117c6','172.18.0.6','users/2e17e43b-654c-47b3-91fa-35a9cd5e1067/role-mappings/clients/2e4723a1-d81b-4639-bb6b-9f411f27d91d','[{\"id\":\"6958e33b-b0c2-4c19-9081-7592d165c555\",\"name\":\"_ws3-admin\",\"composite\":true,\"clientRole\":true,\"containerId\":\"2e4723a1-d81b-4639-bb6b-9f411f27d91d\",\"attributes\":{\"kind\":[\"workspace\"]}}]',NULL,'CLIENT_ROLE_MAPPING'),('02e93b57-226e-4241-9706-0e23a1f6c7cd',1755591019150,'org1','UPDATE','9643073e-80de-4254-9166-5c75e800fbb5','1bb141eb-f6ea-4e73-a5c5-9902dd89cd08','11e8c7e0-cfb5-45f4-be0c-87c51eccd434','172.18.0.6','users/profile','{\"attributes\":[{\"name\":\"username\",\"displayName\":\"${username}\",\"validations\":{\"length\":{\"min\":3,\"max\":255},\"username-prohibited-characters\":{},\"up-username-not-idn-homograph\":{}},\"permissions\":{\"view\":[\"admin\",\"user\"],\"edit\":[\"admin\",\"user\"]},\"multivalued\":false},{\"name\":\"email\",\"displayName\":\"${email}\",\"validations\":{\"email\":{},\"length\":{\"max\":255}},\"required\":{\"roles\":[\"user\"]},\"permissions\":{\"view\":[\"admin\",\"user\"],\"edit\":[\"admin\",\"user\"]},\"multivalued\":false},{\"name\":\"firstName\",\"displayName\":\"${firstName}\",\"validations\":{\"length\":{\"max\":255},\"person-name-prohibited-characters\":{}},\"required\":{\"roles\":[\"user\"]},\"permissions\":{\"view\":[\"admin\",\"user\"],\"edit\":[\"admin\",\"user\"]},\"multivalued\":false},{\"name\":\"lastName\",\"displayName\":\"${lastName}\",\"validations\":{\"length\":{\"max\":255},\"person-name-prohibited-characters\":{}},\"required\":{\"roles\":[\"user\"]},\"permissions\":{\"view\":[\"admin\",\"user\"],\"edit\":[\"admin\",\"user\"]},\"multivalued\":false},{\"name\":\"affiliation\",\"displayName\":\"所属 / Affiliation\",\"validations\":{\"length\":{\"max\":255}},\"permissions\":{\"view\":[\"admin\",\"user\"],\"edit\":[\"admin\",\"user\"]},\"multivalued\":false},{\"name\":\"description\",\"displayName\":\"説明 / Description\",\"validations\":{\"length\":{\"max\":255}},\"permissions\":{\"view\":[\"admin\",\"user\"],\"edit\":[\"admin\",\"user\"]},\"multivalued\":false},{\"name\":\"service_account_user_type\",\"permissions\":{\"view\":[\"admin\"],\"edit\":[\"admin\"]},\"multivalued\":false}],\"groups\":[{\"name\":\"user-metadata\",\"displayHeader\":\"User metadata\",\"displayDescription\":\"Attributes, which refer to user metadata\"}]}',NULL,'USER_PROFILE'),('04baa51c-cb6f-469f-a59c-6fc7a056f775',1755591075221,'org4','CREATE','org4','a0940068-fbaf-4ef7-a62c-c38b71f55474','da698bab-f61b-455a-9d24-9128e9515c92','172.18.0.6','clients/61d92538-9a22-412e-b7a4-661fb81930ee/roles/_ws3-admin','{\"id\":\"e5b00e1c-2e64-429b-a054-98bb9fddd4ab\",\"name\":\"_ws3-admin\",\"composite\":false,\"attributes\":{\"kind\":[\"workspace\"]}}',NULL,'CLIENT_ROLE'),('061c1b36-240d-4e2d-9aae-da7b4a316fae',1755591051058,'org3','CREATE','9643073e-80de-4254-9166-5c75e800fbb5','1bb141eb-f6ea-4e73-a5c5-9902dd89cd08','11e8c7e0-cfb5-45f4-be0c-87c51eccd434','172.18.0.6','users/eb0170e4-dc33-4912-a268-052b8234c43c','{\"username\":\"admin\",\"firstName\":\"admin\",\"lastName\":\"admin\",\"email\":\"admin@example.com\",\"enabled\":true,\"requiredActions\":[]}',NULL,'USER'),('06a1aed3-518d-4668-bfb2-dd846ebb1f3d',1755591087599,'org5','CREATE','org5','8fc726dc-fdaf-4ade-b55e-f33c7111bf95','9a65e6ea-bcd8-41e4-9003-727e8b57e54b','172.18.0.6','users/1be43b9e-0ad6-4401-980f-3ef5a5a6b889/role-mappings/clients/65f6db45-0ad5-4094-92a4-606ec7018502','[{\"id\":\"e215219d-ebb0-4fd3-8301-0d1f01617938\",\"name\":\"_ws2-admin\",\"composite\":true,\"clientRole\":true,\"containerId\":\"65f6db45-0ad5-4094-92a4-606ec7018502\",\"attributes\":{\"kind\":[\"workspace\"]}}]',NULL,'CLIENT_ROLE_MAPPING'),('06a715aa-9839-412f-8699-9c317f8d7bc4',1755591052909,'org3','UPDATE','9643073e-80de-4254-9166-5c75e800fbb5','1bb141eb-f6ea-4e73-a5c5-9902dd89cd08','11e8c7e0-cfb5-45f4-be0c-87c51eccd434','172.18.0.6',NULL,'{\"enabled\":true}',NULL,'REALM'),('07bd4061-6d8e-484c-92bb-954f68292e9b',1755591068601,'org4','CREATE','org4','a0940068-fbaf-4ef7-a62c-c38b71f55474','da698bab-f61b-455a-9d24-9128e9515c92','172.18.0.6','clients/61d92538-9a22-412e-b7a4-661fb81930ee/roles/_ws1-ansible-execution-agent/composites','[{\"id\":\"1c9b31c7-9def-4212-945b-11f238e342f8\",\"name\":\"ws1\",\"composite\":false,\"clientRole\":true,\"containerId\":\"a0940068-fbaf-4ef7-a62c-c38b71f55474\",\"attributes\":{\"kind\":[\"workspace\"]}}]',NULL,'CLIENT_ROLE'),('08b42e6f-6026-40cd-bbe5-e55d8f27a3bc',1755591022200,'org1','CREATE','org1','742e6a45-dd6c-42b9-8bac-676ee77ef264','e9eccc79-6f5f-478a-9277-6ae4bea39d98','172.18.0.6','clients/fc17abd5-4aba-48b9-a5e2-1a070c96267d/roles/_ws1-ansible-execution-agent','{\"id\":\"53fdf5c3-b9d5-4b7a-9ab7-4c5189077e58\",\"name\":\"_ws1-ansible-execution-agent\",\"composite\":false,\"attributes\":{\"kind\":[\"workspace\"]}}',NULL,'CLIENT_ROLE'),('0968f3f4-7706-4728-b1dc-d42188cb37f1',1755591038272,'org2','CREATE','org2','25395b94-d108-4733-bde2-275d838f2ad2','f01d8325-1d93-43f5-8d50-6f4011b117c6','172.18.0.6','clients/25395b94-d108-4733-bde2-275d838f2ad2/roles/ws1','{\"id\":\"f5a667a7-6e62-4214-83c2-fcd74aa5a0ef\",\"name\":\"ws1\",\"composite\":false,\"attributes\":{\"kind\":[\"workspace\"]}}',NULL,'CLIENT_ROLE'),('09c03be6-fb61-4573-9ee2-12cce1325e17',1755591022245,'org1','CREATE','org1','742e6a45-dd6c-42b9-8bac-676ee77ef264','e9eccc79-6f5f-478a-9277-6ae4bea39d98','172.18.0.6','clients/fc17abd5-4aba-48b9-a5e2-1a070c96267d/roles/_ws1-oase-agent/composites','[{\"id\":\"6d49a40c-6aea-437a-8772-931795aa2eb7\",\"name\":\"ws1\",\"composite\":false,\"clientRole\":true,\"containerId\":\"742e6a45-dd6c-42b9-8bac-676ee77ef264\",\"attributes\":{\"kind\":[\"workspace\"]}}]',NULL,'CLIENT_ROLE'),('0a743681-4e59-43e3-8f36-4c78db5de567',1755591034980,'org2','CREATE','9643073e-80de-4254-9166-5c75e800fbb5','1bb141eb-f6ea-4e73-a5c5-9902dd89cd08','11e8c7e0-cfb5-45f4-be0c-87c51eccd434','172.18.0.6','clients/25395b94-d108-4733-bde2-275d838f2ad2/roles/_og-usage','{\"id\":\"0add5fbb-b696-45b2-8586-73291c5343f1\",\"name\":\"_og-usage\",\"composite\":false}',NULL,'CLIENT_ROLE'),('0a83714b-134b-4ef0-8d2d-61a4337fd5c7',1755591075259,'org4','CREATE','org4','a0940068-fbaf-4ef7-a62c-c38b71f55474','da698bab-f61b-455a-9d24-9128e9515c92','172.18.0.6','clients/61d92538-9a22-412e-b7a4-661fb81930ee/roles/_ws3-admin/composites','[{\"id\":\"2e3c84b8-ecea-4073-b301-763cd220ca30\",\"name\":\"ws3\",\"composite\":false,\"clientRole\":true,\"containerId\":\"a0940068-fbaf-4ef7-a62c-c38b71f55474\",\"attributes\":{\"kind\":[\"workspace\"]}},{\"id\":\"7cf7d1e7-fc35-4df5-913d-5f9741eaef2e\",\"name\":\"_ws3-admin\",\"composite\":false,\"clientRole\":true,\"containerId\":\"a0940068-fbaf-4ef7-a62c-c38b71f55474\",\"attributes\":{\"kind\":[\"workspace\"]}}]',NULL,'CLIENT_ROLE'),('0b43861e-1982-4fb5-9d91-cf194afeaf0c',1755591080610,'org5','CREATE','9643073e-80de-4254-9166-5c75e800fbb5','1bb141eb-f6ea-4e73-a5c5-9902dd89cd08','11e8c7e0-cfb5-45f4-be0c-87c51eccd434','172.18.0.6','clients/8fc726dc-fdaf-4ade-b55e-f33c7111bf95/roles/_og-usr-mt','{\"id\":\"a07fa6bc-e49f-434c-8e1e-cc5d19673e4d\",\"name\":\"_og-usr-mt\",\"composite\":false}',NULL,'CLIENT_ROLE'),('0c9bbff4-15e1-41b1-9dda-d981c443f3d4',1755591041745,'org2','CREATE','org2','25395b94-d108-4733-bde2-275d838f2ad2','f01d8325-1d93-43f5-8d50-6f4011b117c6','172.18.0.6','clients/2e4723a1-d81b-4639-bb6b-9f411f27d91d/roles/_ws2-ansible-execution-agent','{\"id\":\"ec42044e-1857-4780-a49f-c2e211892783\",\"name\":\"_ws2-ansible-execution-agent\",\"composite\":false,\"attributes\":{\"kind\":[\"workspace\"]}}',NULL,'CLIENT_ROLE'),('0d214ee3-3c0a-432f-8578-19e65d01056a',1755591022134,'org1','CREATE','org1','742e6a45-dd6c-42b9-8bac-676ee77ef264','e9eccc79-6f5f-478a-9277-6ae4bea39d98','172.18.0.6','clients/fc17abd5-4aba-48b9-a5e2-1a070c96267d/roles/_ws1-admin/composites','[{\"id\":\"6d49a40c-6aea-437a-8772-931795aa2eb7\",\"name\":\"ws1\",\"composite\":false,\"clientRole\":true,\"containerId\":\"742e6a45-dd6c-42b9-8bac-676ee77ef264\",\"attributes\":{\"kind\":[\"workspace\"]}},{\"id\":\"e4b4e9b1-2dde-4d00-92e1-bd5932a99ff1\",\"name\":\"_ws1-admin\",\"composite\":false,\"clientRole\":true,\"containerId\":\"742e6a45-dd6c-42b9-8bac-676ee77ef264\",\"attributes\":{\"kind\":[\"workspace\"]}}]',NULL,'CLIENT_ROLE'),('0dc82471-06dc-42b3-9fff-abe8ca64a388',1755591083878,'org5','CREATE','org5','8fc726dc-fdaf-4ade-b55e-f33c7111bf95','9a65e6ea-bcd8-41e4-9003-727e8b57e54b','172.18.0.6','clients/65f6db45-0ad5-4094-92a4-606ec7018502/roles/_ws1-oase-agent/composites','[{\"id\":\"ef857485-9a31-44e8-a26d-82e56d05a36b\",\"name\":\"ws1\",\"composite\":false,\"clientRole\":true,\"containerId\":\"8fc726dc-fdaf-4ade-b55e-f33c7111bf95\",\"attributes\":{\"kind\":[\"workspace\"]}}]',NULL,'CLIENT_ROLE'),('1360f3f7-0bcc-4d6e-a4e1-d292ce6658e8',1755591025916,'org1','CREATE','org1','742e6a45-dd6c-42b9-8bac-676ee77ef264','e9eccc79-6f5f-478a-9277-6ae4bea39d98','172.18.0.6','clients/fc17abd5-4aba-48b9-a5e2-1a070c96267d/roles/_ws2-oase-agent/composites','[{\"id\":\"6fc18984-33cb-4a45-9e14-9c56eb8a310f\",\"name\":\"ws2\",\"composite\":false,\"clientRole\":true,\"containerId\":\"742e6a45-dd6c-42b9-8bac-676ee77ef264\",\"attributes\":{\"kind\":[\"workspace\"]}}]',NULL,'CLIENT_ROLE'),('136ec442-b81e-47c7-86a7-c5db4ee4ea68',1755591087577,'org5','CREATE','org5','8fc726dc-fdaf-4ade-b55e-f33c7111bf95','9a65e6ea-bcd8-41e4-9003-727e8b57e54b','172.18.0.6','clients/65f6db45-0ad5-4094-92a4-606ec7018502/roles/_ws2-admin/composites','[{\"id\":\"b6560c2f-f57b-4e22-a3e3-212717466cc4\",\"name\":\"ws2\",\"composite\":false,\"clientRole\":true,\"containerId\":\"8fc726dc-fdaf-4ade-b55e-f33c7111bf95\",\"attributes\":{\"kind\":[\"workspace\"]}},{\"id\":\"24917eb1-d781-4f1a-9c27-4b24c82854a3\",\"name\":\"_ws2-admin\",\"composite\":false,\"clientRole\":true,\"containerId\":\"8fc726dc-fdaf-4ade-b55e-f33c7111bf95\",\"attributes\":{\"kind\":[\"workspace\"]}}]',NULL,'CLIENT_ROLE'),('16ba10cd-3ae4-4d5a-a730-4d71a69ec19e',1755591034925,'org2','CREATE','9643073e-80de-4254-9166-5c75e800fbb5','1bb141eb-f6ea-4e73-a5c5-9902dd89cd08','11e8c7e0-cfb5-45f4-be0c-87c51eccd434','172.18.0.6','clients/25395b94-d108-4733-bde2-275d838f2ad2/roles/_og-upd','{\"id\":\"9fe516b0-25b6-42b4-91be-e5a95b2e8764\",\"name\":\"_og-upd\",\"composite\":false}',NULL,'CLIENT_ROLE'),('195758aa-cd81-4a29-b18e-81c449bbbc16',1755591053088,'org3','CREATE','org3','d137d744-bd8f-4564-a08a-42c321fcd1ef','57df7deb-9bdd-41da-8092-d56544d6ede7','172.18.0.6','clients/d137d744-bd8f-4564-a08a-42c321fcd1ef/roles/ws1','{\"id\":\"10a92bbc-99d2-494c-b266-7b2e7a6f72f4\",\"name\":\"ws1\",\"composite\":false,\"attributes\":{\"kind\":[\"workspace\"]}}',NULL,'CLIENT_ROLE'),('19a057c1-fb56-4ed2-a2d2-5f3da0c587a0',1755591066006,'org4','ACTION','9643073e-80de-4254-9166-5c75e800fbb5','1bb141eb-f6ea-4e73-a5c5-9902dd89cd08','11e8c7e0-cfb5-45f4-be0c-87c51eccd434','172.18.0.6','clients/a0940068-fbaf-4ef7-a62c-c38b71f55474/client-secret','{\"type\":\"secret\",\"value\":\"XQEuedoxrQVjfNjrAGjNK2tzIwS3vOue\"}',NULL,'CLIENT'),('1b743260-6fb2-44f0-8a4f-4eff964aee96',1755591049787,'org3','ACTION','9643073e-80de-4254-9166-5c75e800fbb5','1bb141eb-f6ea-4e73-a5c5-9902dd89cd08','11e8c7e0-cfb5-45f4-be0c-87c51eccd434','172.18.0.6','clients/09a856e4-4e30-4266-9325-adf59490f8b1/client-secret','{\"type\":\"secret\",\"value\":\"S5lG3nVAQpRidwW4QTbIVL915bTrxBAe\"}',NULL,'CLIENT'),('1b7f3d3b-0425-46b3-ae70-099e6f7cba5c',1755591045295,'org2','CREATE','org2','25395b94-d108-4733-bde2-275d838f2ad2','f01d8325-1d93-43f5-8d50-6f4011b117c6','172.18.0.6','clients/2e4723a1-d81b-4639-bb6b-9f411f27d91d/roles/_ws3-ansible-execution-agent','{\"id\":\"01419763-5308-45f8-8557-5b86cf8f4b31\",\"name\":\"_ws3-ansible-execution-agent\",\"composite\":false,\"attributes\":{\"kind\":[\"workspace\"]}}',NULL,'CLIENT_ROLE'),('1d030c83-75ff-4065-9c01-ef793319ecb4',1755591066450,'org4','CREATE','9643073e-80de-4254-9166-5c75e800fbb5','1bb141eb-f6ea-4e73-a5c5-9902dd89cd08','11e8c7e0-cfb5-45f4-be0c-87c51eccd434','172.18.0.6','clients/a0940068-fbaf-4ef7-a62c-c38b71f55474/roles/_og-ws-mt','{\"id\":\"7d3ca58a-42c1-4d7e-b080-ea7b878876f7\",\"name\":\"_og-ws-mt\",\"composite\":false}',NULL,'CLIENT_ROLE'),('1f0dfdbf-8914-497d-9848-4ca139b51e16',1755591018126,'org1','ACTION','9643073e-80de-4254-9166-5c75e800fbb5','1bb141eb-f6ea-4e73-a5c5-9902dd89cd08','11e8c7e0-cfb5-45f4-be0c-87c51eccd434','172.18.0.6','clients/fc17abd5-4aba-48b9-a5e2-1a070c96267d/client-secret','{\"type\":\"secret\",\"value\":\"zRxnEEdZyJRapC5BtfteTNQOPeYTtDrJ\"}',NULL,'CLIENT'),('1f419934-c50b-464b-8f29-0ef953a133df',1755591025735,'org1','CREATE','org1','742e6a45-dd6c-42b9-8bac-676ee77ef264','e9eccc79-6f5f-478a-9277-6ae4bea39d98','172.18.0.6','clients/742e6a45-dd6c-42b9-8bac-676ee77ef264/roles/ws2','{\"id\":\"6fc18984-33cb-4a45-9e14-9c56eb8a310f\",\"name\":\"ws2\",\"composite\":false,\"attributes\":{\"kind\":[\"workspace\"]}}',NULL,'CLIENT_ROLE'),('1f76fadb-a9e8-42e3-9f78-ae0947cb3006',1755591050021,'org3','CREATE','9643073e-80de-4254-9166-5c75e800fbb5','1bb141eb-f6ea-4e73-a5c5-9902dd89cd08','11e8c7e0-cfb5-45f4-be0c-87c51eccd434','172.18.0.6','clients/d137d744-bd8f-4564-a08a-42c321fcd1ef/roles/_og-own-mt','{\"id\":\"2371ee76-16d0-474a-af8a-1e6979e242e3\",\"name\":\"_og-own-mt\",\"composite\":false}',NULL,'CLIENT_ROLE'),('1f9ac8fc-5b7f-4af8-83ac-6e56d2d83c6e',1755591080206,'org5','CREATE','9643073e-80de-4254-9166-5c75e800fbb5','1bb141eb-f6ea-4e73-a5c5-9902dd89cd08','11e8c7e0-cfb5-45f4-be0c-87c51eccd434','172.18.0.6','clients/8fc726dc-fdaf-4ade-b55e-f33c7111bf95','{\"id\":\"8fc726dc-fdaf-4ade-b55e-f33c7111bf95\",\"clientId\":\"org5-workspaces\",\"surrogateAuthRequired\":false,\"enabled\":true,\"alwaysDisplayInConsole\":false,\"clientAuthenticatorType\":\"client-secret\",\"redirectUris\":[],\"webOrigins\":[],\"notBefore\":0,\"bearerOnly\":false,\"consentRequired\":false,\"standardFlowEnabled\":false,\"implicitFlowEnabled\":false,\"directAccessGrantsEnabled\":true,\"serviceAccountsEnabled\":true,\"publicClient\":false,\"frontchannelLogout\":false,\"protocol\":\"openid-connect\",\"attributes\":{\"id.token.as.detached.signature\":\"false\",\"saml.assertion.signature\":\"false\",\"saml.force.post.binding\":\"false\",\"saml.multivalued.roles\":\"false\",\"saml.encrypt\":\"false\",\"oauth2.device.authorization.grant.enabled\":\"false\",\"backchannel.logout.revoke.offline.tokens\":\"false\",\"saml.server.signature\":\"false\",\"saml.server.signature.keyinfo.ext\":\"false\",\"use.refresh.tokens\":\"true\",\"exclude.session.state.from.auth.response\":\"false\",\"oidc.ciba.grant.enabled\":\"false\",\"saml.artifact.binding\":\"false\",\"backchannel.logout.session.required\":\"true\",\"client_credentials.use_refresh_token\":\"false\",\"saml_force_name_id_format\":\"false\",\"require.pushed.authorization.requests\":\"false\",\"saml.client.signature\":\"false\",\"tls.client.certificate.bound.access.tokens\":\"false\",\"saml.authnstatement\":\"false\",\"display.on.consent.screen\":\"false\",\"saml.onetimeuse.condition\":\"false\"},\"authenticationFlowBindingOverrides\":{},\"fullScopeAllowed\":true,\"nodeReRegistrationTimeout\":-1,\"protocolMappers\":[{\"name\":\"Client Host\",\"protocol\":\"openid-connect\",\"protocolMapper\":\"oidc-usersessionmodel-note-mapper\",\"consentRequired\":false,\"config\":{\"user.session.note\":\"clientHost\",\"userinfo.token.claim\":\"true\",\"id.token.claim\":\"true\",\"access.token.claim\":\"true\",\"claim.name\":\"clientHost\",\"jsonType.label\":\"String\"}},{\"name\":\"Client IP Address\",\"protocol\":\"openid-connect\",\"protocolMapper\":\"oidc-usersessionmodel-note-mapper\",\"consentRequired\":false,\"config\":{\"user.session.note\":\"clientAddress\",\"userinfo.token.claim\":\"true\",\"id.token.claim\":\"true\",\"access.token.claim\":\"true\",\"claim.name\":\"clientAddress\",\"jsonType.label\":\"String\"}},{\"name\":\"Client ID\",\"protocol\":\"openid-connect\",\"protocolMapper\":\"oidc-usersessionmodel-note-mapper\",\"consentRequired\":false,\"config\":{\"user.session.note\":\"clientId\",\"userinfo.token.claim\":\"true\",\"id.token.claim\":\"true\",\"access.token.claim\":\"true\",\"claim.name\":\"clientId\",\"jsonType.label\":\"String\"}}],\"defaultClientScopes\":[\"web-origins\",\"profile\",\"roles\",\"email\"],\"optionalClientScopes\":[\"address\",\"phone\",\"offline_access\",\"microprofile-jwt\"],\"access\":{\"view\":true,\"configure\":true,\"manage\":true}}',NULL,'CLIENT'),('1f9c9133-adf8-4886-918e-5a1ff2b5a3f0',1755591045255,'org2','CREATE','org2','25395b94-d108-4733-bde2-275d838f2ad2','f01d8325-1d93-43f5-8d50-6f4011b117c6','172.18.0.6','clients/2e4723a1-d81b-4639-bb6b-9f411f27d91d/roles/_ws3-admin/composites','[{\"id\":\"b447b11e-d67a-4b60-a8ba-fd761b94fd58\",\"name\":\"ws3\",\"composite\":false,\"clientRole\":true,\"containerId\":\"25395b94-d108-4733-bde2-275d838f2ad2\",\"attributes\":{\"kind\":[\"workspace\"]}},{\"id\":\"6653450c-8eb4-4fc3-80a2-4338860bf01b\",\"name\":\"_ws3-admin\",\"composite\":false,\"clientRole\":true,\"containerId\":\"25395b94-d108-4733-bde2-275d838f2ad2\",\"attributes\":{\"kind\":[\"workspace\"]}}]',NULL,'CLIENT_ROLE'),('1fab54d5-ddb7-4050-8d93-6f1eb9a1dd9d',1755591091083,'org5','CREATE','org5','8fc726dc-fdaf-4ade-b55e-f33c7111bf95','9a65e6ea-bcd8-41e4-9003-727e8b57e54b','172.18.0.6','clients/65f6db45-0ad5-4094-92a4-606ec7018502/roles/_ws3-ansible-execution-agent/composites','[{\"id\":\"e64d6af9-89e0-4324-b5f3-ee16c91824f3\",\"name\":\"ws3\",\"composite\":false,\"clientRole\":true,\"containerId\":\"8fc726dc-fdaf-4ade-b55e-f33c7111bf95\",\"attributes\":{\"kind\":[\"workspace\"]}}]',NULL,'CLIENT_ROLE'),('20e7c54a-79a3-4c14-8f81-8a8488318bc2',1755591053196,'org3','CREATE','org3','d137d744-bd8f-4564-a08a-42c321fcd1ef','57df7deb-9bdd-41da-8092-d56544d6ede7','172.18.0.6','users/eb0170e4-dc33-4912-a268-052b8234c43c/role-mappings/clients/91dc2268-6b73-482b-b0d1-7756adb51d46','[{\"id\":\"37ede91c-7651-48f2-ac14-13da8fec72af\",\"name\":\"_ws1-admin\",\"composite\":true,\"clientRole\":true,\"containerId\":\"91dc2268-6b73-482b-b0d1-7756adb51d46\",\"attributes\":{\"kind\":[\"workspace\"]}}]',NULL,'CLIENT_ROLE_MAPPING'),('216f4681-e2a0-47c4-acba-40cd67e2fbfc',1755591045333,'org2','CREATE','org2','25395b94-d108-4733-bde2-275d838f2ad2','f01d8325-1d93-43f5-8d50-6f4011b117c6','172.18.0.6','clients/2e4723a1-d81b-4639-bb6b-9f411f27d91d/roles/_ws3-oase-agent/composites','[{\"id\":\"b447b11e-d67a-4b60-a8ba-fd761b94fd58\",\"name\":\"ws3\",\"composite\":false,\"clientRole\":true,\"containerId\":\"25395b94-d108-4733-bde2-275d838f2ad2\",\"attributes\":{\"kind\":[\"workspace\"]}}]',NULL,'CLIENT_ROLE'),('22f55f21-cbf1-4cc5-a29f-8ae9b6387e1d',1755591041698,'org2','CREATE','org2','25395b94-d108-4733-bde2-275d838f2ad2','f01d8325-1d93-43f5-8d50-6f4011b117c6','172.18.0.6','clients/2e4723a1-d81b-4639-bb6b-9f411f27d91d/roles/_ws2-admin/composites','[{\"id\":\"d1dc780e-4b81-4f73-96da-c9579299e532\",\"name\":\"ws2\",\"composite\":false,\"clientRole\":true,\"containerId\":\"25395b94-d108-4733-bde2-275d838f2ad2\",\"attributes\":{\"kind\":[\"workspace\"]}},{\"id\":\"3cc1d8b7-8788-449c-9315-96d13f5fab25\",\"name\":\"_ws2-admin\",\"composite\":false,\"clientRole\":true,\"containerId\":\"25395b94-d108-4733-bde2-275d838f2ad2\",\"attributes\":{\"kind\":[\"workspace\"]}}]',NULL,'CLIENT_ROLE'),('24152c4f-8d6b-4cc2-8308-30e594e9522f',1755591018335,'org1','CREATE','9643073e-80de-4254-9166-5c75e800fbb5','1bb141eb-f6ea-4e73-a5c5-9902dd89cd08','11e8c7e0-cfb5-45f4-be0c-87c51eccd434','172.18.0.6','clients/742e6a45-dd6c-42b9-8bac-676ee77ef264/roles/_og-own-mt','{\"id\":\"ff976da0-7d61-4279-8ac8-56b21c2d1cf6\",\"name\":\"_og-own-mt\",\"composite\":false}',NULL,'CLIENT_ROLE'),('25490bfe-48cc-4b09-9f8b-206b97ffa73c',1755591080971,'org5','CREATE','9643073e-80de-4254-9166-5c75e800fbb5','1bb141eb-f6ea-4e73-a5c5-9902dd89cd08','11e8c7e0-cfb5-45f4-be0c-87c51eccd434','172.18.0.6','clients/65f6db45-0ad5-4094-92a4-606ec7018502/roles/_organization-user-role-manager/composites','[{\"id\":\"a07fa6bc-e49f-434c-8e1e-cc5d19673e4d\",\"name\":\"_og-usr-mt\",\"composite\":false,\"clientRole\":true,\"containerId\":\"8fc726dc-fdaf-4ade-b55e-f33c7111bf95\",\"attributes\":{}},{\"id\":\"cbe54869-d9e4-45cf-a9ac-36c97968715d\",\"name\":\"_og-ws-role-mt\",\"composite\":false,\"clientRole\":true,\"containerId\":\"8fc726dc-fdaf-4ade-b55e-f33c7111bf95\",\"attributes\":{}},{\"id\":\"5ea6a27f-391f-4182-9f2e-e9490602560f\",\"name\":\"_og-ws-role-usr\",\"composite\":false,\"clientRole\":true,\"containerId\":\"8fc726dc-fdaf-4ade-b55e-f33c7111bf95\",\"attributes\":{}}]',NULL,'CLIENT_ROLE'),('26a70f74-eb65-4b33-bddc-caf321b96bcc',1755591083800,'org5','CREATE','org5','8fc726dc-fdaf-4ade-b55e-f33c7111bf95','9a65e6ea-bcd8-41e4-9003-727e8b57e54b','172.18.0.6','clients/65f6db45-0ad5-4094-92a4-606ec7018502/roles/_ws1-admin/composites','[{\"id\":\"ef857485-9a31-44e8-a26d-82e56d05a36b\",\"name\":\"ws1\",\"composite\":false,\"clientRole\":true,\"containerId\":\"8fc726dc-fdaf-4ade-b55e-f33c7111bf95\",\"attributes\":{\"kind\":[\"workspace\"]}},{\"id\":\"83e34751-5196-4229-8562-0834cf915f1e\",\"name\":\"_ws1-admin\",\"composite\":false,\"clientRole\":true,\"containerId\":\"8fc726dc-fdaf-4ade-b55e-f33c7111bf95\",\"attributes\":{\"kind\":[\"workspace\"]}}]',NULL,'CLIENT_ROLE'),('28382d47-c510-4d73-8f8f-40210db3d809',1755591035593,'org2','UPDATE','9643073e-80de-4254-9166-5c75e800fbb5','1bb141eb-f6ea-4e73-a5c5-9902dd89cd08','11e8c7e0-cfb5-45f4-be0c-87c51eccd434','172.18.0.6','users/profile','{\"attributes\":[{\"name\":\"username\",\"displayName\":\"${username}\",\"validations\":{\"length\":{\"min\":3,\"max\":255},\"username-prohibited-characters\":{},\"up-username-not-idn-homograph\":{}},\"permissions\":{\"view\":[\"admin\",\"user\"],\"edit\":[\"admin\",\"user\"]},\"multivalued\":false},{\"name\":\"email\",\"displayName\":\"${email}\",\"validations\":{\"email\":{},\"length\":{\"max\":255}},\"required\":{\"roles\":[\"user\"]},\"permissions\":{\"view\":[\"admin\",\"user\"],\"edit\":[\"admin\",\"user\"]},\"multivalued\":false},{\"name\":\"firstName\",\"displayName\":\"${firstName}\",\"validations\":{\"length\":{\"max\":255},\"person-name-prohibited-characters\":{}},\"required\":{\"roles\":[\"user\"]},\"permissions\":{\"view\":[\"admin\",\"user\"],\"edit\":[\"admin\",\"user\"]},\"multivalued\":false},{\"name\":\"lastName\",\"displayName\":\"${lastName}\",\"validations\":{\"length\":{\"max\":255},\"person-name-prohibited-characters\":{}},\"required\":{\"roles\":[\"user\"]},\"permissions\":{\"view\":[\"admin\",\"user\"],\"edit\":[\"admin\",\"user\"]},\"multivalued\":false},{\"name\":\"affiliation\",\"displayName\":\"所属 / Affiliation\",\"validations\":{\"length\":{\"max\":255}},\"permissions\":{\"view\":[\"admin\",\"user\"],\"edit\":[\"admin\",\"user\"]},\"multivalued\":false},{\"name\":\"description\",\"displayName\":\"説明 / Description\",\"validations\":{\"length\":{\"max\":255}},\"permissions\":{\"view\":[\"admin\",\"user\"],\"edit\":[\"admin\",\"user\"]},\"multivalued\":false},{\"name\":\"service_account_user_type\",\"permissions\":{\"view\":[\"admin\"],\"edit\":[\"admin\"]},\"multivalued\":false}],\"groups\":[{\"name\":\"user-metadata\",\"displayHeader\":\"User metadata\",\"displayDescription\":\"Attributes, which refer to user metadata\"}]}',NULL,'USER_PROFILE'),('2a23639f-5d69-4ba9-a316-8aab3693a2d8',1755591066791,'org4','CREATE','9643073e-80de-4254-9166-5c75e800fbb5','1bb141eb-f6ea-4e73-a5c5-9902dd89cd08','11e8c7e0-cfb5-45f4-be0c-87c51eccd434','172.18.0.6','clients/61d92538-9a22-412e-b7a4-661fb81930ee/roles/_organization-user-role-manager/composites','[{\"id\":\"97420c98-82ac-4a33-ab96-e5e74491fcdb\",\"name\":\"_og-usr-mt\",\"composite\":false,\"clientRole\":true,\"containerId\":\"a0940068-fbaf-4ef7-a62c-c38b71f55474\",\"attributes\":{}},{\"id\":\"a8a37711-ee09-401a-b267-fd011287b0f0\",\"name\":\"_og-ws-role-mt\",\"composite\":false,\"clientRole\":true,\"containerId\":\"a0940068-fbaf-4ef7-a62c-c38b71f55474\",\"attributes\":{}},{\"id\":\"c03c91da-f28b-45ff-8ca2-94bde5078abc\",\"name\":\"_og-ws-role-usr\",\"composite\":false,\"clientRole\":true,\"containerId\":\"a0940068-fbaf-4ef7-a62c-c38b71f55474\",\"attributes\":{}}]',NULL,'CLIENT_ROLE'),('2ebce9ea-15c6-4400-9cae-6df5d7184046',1755591066105,'org4','ACTION','9643073e-80de-4254-9166-5c75e800fbb5','1bb141eb-f6ea-4e73-a5c5-9902dd89cd08','11e8c7e0-cfb5-45f4-be0c-87c51eccd434','172.18.0.6','clients/8fd586fb-6edb-482c-ad94-abe111951d1c/client-secret','{\"type\":\"secret\",\"value\":\"TzicuTuaIr2QpdvvF5hLOCxYUy50gUjX\"}',NULL,'CLIENT'),('31454169-8f19-4cca-ac1c-a94b8567c2ad',1755591034941,'org2','CREATE','9643073e-80de-4254-9166-5c75e800fbb5','1bb141eb-f6ea-4e73-a5c5-9902dd89cd08','11e8c7e0-cfb5-45f4-be0c-87c51eccd434','172.18.0.6','clients/25395b94-d108-4733-bde2-275d838f2ad2/roles/_og-own-mt','{\"id\":\"e8a9dbf5-9791-4bae-ab3b-504b904288fc\",\"name\":\"_og-own-mt\",\"composite\":false}',NULL,'CLIENT_ROLE'),('314ab18f-683a-4fa1-bf98-f38f538957c4',1755591066733,'org4','CREATE','9643073e-80de-4254-9166-5c75e800fbb5','1bb141eb-f6ea-4e73-a5c5-9902dd89cd08','11e8c7e0-cfb5-45f4-be0c-87c51eccd434','172.18.0.6','clients/61d92538-9a22-412e-b7a4-661fb81930ee/roles/_organization-manager/composites','[{\"id\":\"c6528721-23c5-4c2e-95a7-5f9265d3ad4c\",\"name\":\"_og-upd\",\"composite\":false,\"clientRole\":true,\"containerId\":\"a0940068-fbaf-4ef7-a62c-c38b71f55474\",\"attributes\":{}},{\"id\":\"0cd1ffc6-bc97-4ee0-94a3-4e06605e1da0\",\"name\":\"_og-own-mt\",\"composite\":false,\"clientRole\":true,\"containerId\":\"a0940068-fbaf-4ef7-a62c-c38b71f55474\",\"attributes\":{}},{\"id\":\"a4168aab-c39f-448b-a74b-2558d484aaf7\",\"name\":\"_og-role-usr\",\"composite\":false,\"clientRole\":true,\"containerId\":\"a0940068-fbaf-4ef7-a62c-c38b71f55474\",\"attributes\":{}},{\"id\":\"ba7ebb7e-3852-43da-a25c-3cd28805d6d1\",\"name\":\"_og-usage\",\"composite\":false,\"clientRole\":true,\"containerId\":\"a0940068-fbaf-4ef7-a62c-c38b71f55474\",\"attributes\":{}},{\"id\":\"97420c98-82ac-4a33-ab96-e5e74491fcdb\",\"name\":\"_og-usr-mt\",\"composite\":false,\"clientRole\":true,\"containerId\":\"a0940068-fbaf-4ef7-a62c-c38b71f55474\",\"attributes\":{}},{\"id\":\"a8a37711-ee09-401a-b267-fd011287b0f0\",\"name\":\"_og-ws-role-mt\",\"composite\":false,\"clientRole\":true,\"containerId\":\"a0940068-fbaf-4ef7-a62c-c38b71f55474\",\"attributes\":{}},{\"id\":\"c03c91da-f28b-45ff-8ca2-94bde5078abc\",\"name\":\"_og-ws-role-usr\",\"composite\":false,\"clientRole\":true,\"containerId\":\"a0940068-fbaf-4ef7-a62c-c38b71f55474\",\"attributes\":{}},{\"id\":\"7d3ca58a-42c1-4d7e-b080-ea7b878876f7\",\"name\":\"_og-ws-mt\",\"composite\":false,\"clientRole\":true,\"containerId\":\"a0940068-fbaf-4ef7-a62c-c38b71f55474\",\"attributes\":{}},{\"id\":\"297fa8ae-7631-41bb-a563-18549e660148\",\"name\":\"_og-audit-log\",\"composite\":false,\"clientRole\":true,\"containerId\":\"a0940068-fbaf-4ef7-a62c-c38b71f55474\",\"attributes\":{}},{\"id\":\"5731218e-3844-44d3-a2e5-bbf181f3af29\",\"name\":\"manage-identity-providers\",\"description\":\"${role_manage-identity-providers}\",\"composite\":false,\"clientRole\":true,\"containerId\":\"318e9877-e404-46cd-82a4-e2787db90b65\",\"attributes\":{}},{\"id\":\"a954f237-db8d-4393-8453-b10e61613059\",\"name\":\"view-identity-providers\",\"description\":\"${role_view-identity-providers}\",\"composite\":false,\"clientRole\":true,\"containerId\":\"318e9877-e404-46cd-82a4-e2787db90b65\",\"attributes\":{}},{\"id\":\"861addb4-d8d4-4f18-a14b-a39e3b2a486f\",\"name\":\"view-realm\",\"description\":\"${role_view-realm}\",\"composite\":false,\"clientRole\":true,\"containerId\":\"318e9877-e404-46cd-82a4-e2787db90b65\",\"attributes\":{}},{\"id\":\"dc4a74fa-b158-4207-9b99-db31ceda9989\",\"name\":\"view-clients\",\"description\":\"${role_view-clients}\",\"composite\":true,\"clientRole\":true,\"containerId\":\"318e9877-e404-46cd-82a4-e2787db90b65\",\"attributes\":{}},{\"id\":\"49cc6ea3-6e01-4c94-8906-ea6e3cb8fcdb\",\"name\":\"manage-realm\",\"description\":\"${role_manage-realm}\",\"composite\":false,\"clientRole\":true,\"containerId\":\"318e9877-e404-46cd-82a4-e2787db90b65\",\"attributes\":{}}]',NULL,'CLIENT_ROLE'),('31736366-511a-476f-b45a-b7b24408ba26',1755591029632,'org1','CREATE','org1','742e6a45-dd6c-42b9-8bac-676ee77ef264','e9eccc79-6f5f-478a-9277-6ae4bea39d98','172.18.0.6','users/52e0b689-8b97-48c6-b85c-861f6daf5497/role-mappings/clients/fc17abd5-4aba-48b9-a5e2-1a070c96267d','[{\"id\":\"ba19c3fc-3a45-434b-84ed-6497d55e257a\",\"name\":\"_ws3-admin\",\"composite\":true,\"clientRole\":true,\"containerId\":\"fc17abd5-4aba-48b9-a5e2-1a070c96267d\",\"attributes\":{\"kind\":[\"workspace\"]}}]',NULL,'CLIENT_ROLE_MAPPING'),('31c9b560-6d03-45bb-922f-3c0ed0ef5c96',1755591049673,'org3','ACTION','9643073e-80de-4254-9166-5c75e800fbb5','1bb141eb-f6ea-4e73-a5c5-9902dd89cd08','11e8c7e0-cfb5-45f4-be0c-87c51eccd434','172.18.0.6','clients/d137d744-bd8f-4564-a08a-42c321fcd1ef/client-secret','{\"type\":\"secret\",\"value\":\"GAzph816lYuEHkwkXUoOgGPW26n6FZjV\"}',NULL,'CLIENT'),('33a37156-5157-49a3-95c5-3071aa672f2a',1755591025748,'org1','CREATE','org1','742e6a45-dd6c-42b9-8bac-676ee77ef264','e9eccc79-6f5f-478a-9277-6ae4bea39d98','172.18.0.6','clients/742e6a45-dd6c-42b9-8bac-676ee77ef264/roles/_ws2-admin','{\"id\":\"a394ed9e-c1ab-4eba-b255-6cf18c7dad81\",\"name\":\"_ws2-admin\",\"composite\":false,\"attributes\":{\"kind\":[\"workspace\"]}}',NULL,'CLIENT_ROLE'),('34a54d55-69e9-4551-800d-d01af5144709',1755591041721,'org2','CREATE','org2','25395b94-d108-4733-bde2-275d838f2ad2','f01d8325-1d93-43f5-8d50-6f4011b117c6','172.18.0.6','users/2e17e43b-654c-47b3-91fa-35a9cd5e1067/role-mappings/clients/2e4723a1-d81b-4639-bb6b-9f411f27d91d','[{\"id\":\"0e425cf5-f647-4eac-b55b-341e4c548ed5\",\"name\":\"_ws2-admin\",\"composite\":true,\"clientRole\":true,\"containerId\":\"2e4723a1-d81b-4639-bb6b-9f411f27d91d\",\"attributes\":{\"kind\":[\"workspace\"]}}]',NULL,'CLIENT_ROLE_MAPPING'),('355fc7c8-73ea-47e4-a14e-ae39e7efe4ea',1755591060690,'org3','CREATE','org3','d137d744-bd8f-4564-a08a-42c321fcd1ef','57df7deb-9bdd-41da-8092-d56544d6ede7','172.18.0.6','clients/d137d744-bd8f-4564-a08a-42c321fcd1ef/roles/_ws3-admin','{\"id\":\"75d03edf-048f-4584-b70a-7e47482292f0\",\"name\":\"_ws3-admin\",\"composite\":false,\"attributes\":{\"kind\":[\"workspace\"]}}',NULL,'CLIENT_ROLE'),('35739093-7064-4b03-9f2e-026d79d4558e',1755591083583,'org5','UPDATE','9643073e-80de-4254-9166-5c75e800fbb5','1bb141eb-f6ea-4e73-a5c5-9902dd89cd08','11e8c7e0-cfb5-45f4-be0c-87c51eccd434','172.18.0.6',NULL,'{\"enabled\":true}',NULL,'REALM'),('36931467-4af1-459d-99cc-a5107c471a59',1755591081770,'org5','CREATE','9643073e-80de-4254-9166-5c75e800fbb5','1bb141eb-f6ea-4e73-a5c5-9902dd89cd08','11e8c7e0-cfb5-45f4-be0c-87c51eccd434','172.18.0.6','users/1be43b9e-0ad6-4401-980f-3ef5a5a6b889/role-mappings/clients/65f6db45-0ad5-4094-92a4-606ec7018502','[{\"id\":\"ed8d9449-9273-4cd8-98c3-84cb5b87fc8f\",\"name\":\"_organization-manager\",\"composite\":true,\"clientRole\":true,\"containerId\":\"65f6db45-0ad5-4094-92a4-606ec7018502\",\"attributes\":{\"kind\":[\"organization\"]}}]',NULL,'CLIENT_ROLE_MAPPING'),('36ba14fe-698c-452a-b23f-f23da6d650ee',1755591050135,'org3','CREATE','9643073e-80de-4254-9166-5c75e800fbb5','1bb141eb-f6ea-4e73-a5c5-9902dd89cd08','11e8c7e0-cfb5-45f4-be0c-87c51eccd434','172.18.0.6','clients/d137d744-bd8f-4564-a08a-42c321fcd1ef/roles/_og-audit-log','{\"id\":\"d28d4588-1f7c-4c27-93dd-cc5a3714c9c0\",\"name\":\"_og-audit-log\",\"composite\":false}',NULL,'CLIENT_ROLE'),('37b91e5e-2d53-4fb3-a830-a98cbe1d2c5c',1755591050438,'org3','CREATE','9643073e-80de-4254-9166-5c75e800fbb5','1bb141eb-f6ea-4e73-a5c5-9902dd89cd08','11e8c7e0-cfb5-45f4-be0c-87c51eccd434','172.18.0.6','clients/91dc2268-6b73-482b-b0d1-7756adb51d46/roles/_organization-user-manager/composites','[{\"id\":\"0dfb0ead-c2c5-4aa0-b982-03e413573b30\",\"name\":\"_og-usr-mt\",\"composite\":false,\"clientRole\":true,\"containerId\":\"d137d744-bd8f-4564-a08a-42c321fcd1ef\",\"attributes\":{}},{\"id\":\"e2c4ad12-9149-4502-9839-140ffaf7a6d2\",\"name\":\"_og-ws-role-usr\",\"composite\":false,\"clientRole\":true,\"containerId\":\"d137d744-bd8f-4564-a08a-42c321fcd1ef\",\"attributes\":{}}]',NULL,'CLIENT_ROLE'),('3842f3e6-93e0-4c7d-8bc9-c1640e410f67',1755591083856,'org5','CREATE','org5','8fc726dc-fdaf-4ade-b55e-f33c7111bf95','9a65e6ea-bcd8-41e4-9003-727e8b57e54b','172.18.0.6','clients/65f6db45-0ad5-4094-92a4-606ec7018502/roles/_ws1-ansible-execution-agent/composites','[{\"id\":\"ef857485-9a31-44e8-a26d-82e56d05a36b\",\"name\":\"ws1\",\"composite\":false,\"clientRole\":true,\"containerId\":\"8fc726dc-fdaf-4ade-b55e-f33c7111bf95\",\"attributes\":{\"kind\":[\"workspace\"]}}]',NULL,'CLIENT_ROLE'),('388d0d96-2314-4fcc-94c0-f8cbc61203df',1755591087648,'org5','CREATE','org5','8fc726dc-fdaf-4ade-b55e-f33c7111bf95','9a65e6ea-bcd8-41e4-9003-727e8b57e54b','172.18.0.6','clients/65f6db45-0ad5-4094-92a4-606ec7018502/roles/_ws2-oase-agent/composites','[{\"id\":\"b6560c2f-f57b-4e22-a3e3-212717466cc4\",\"name\":\"ws2\",\"composite\":false,\"clientRole\":true,\"containerId\":\"8fc726dc-fdaf-4ade-b55e-f33c7111bf95\",\"attributes\":{\"kind\":[\"workspace\"]}}]',NULL,'CLIENT_ROLE'),('393b133b-a8b5-4d56-a226-1bd311d96f7a',1755591066466,'org4','CREATE','9643073e-80de-4254-9166-5c75e800fbb5','1bb141eb-f6ea-4e73-a5c5-9902dd89cd08','11e8c7e0-cfb5-45f4-be0c-87c51eccd434','172.18.0.6','clients/a0940068-fbaf-4ef7-a62c-c38b71f55474/roles/_og-audit-log','{\"id\":\"297fa8ae-7631-41bb-a563-18549e660148\",\"name\":\"_og-audit-log\",\"composite\":false}',NULL,'CLIENT_ROLE'),('3a1f176f-c507-41b1-a806-9fd208b05210',1755591075281,'org4','CREATE','org4','a0940068-fbaf-4ef7-a62c-c38b71f55474','da698bab-f61b-455a-9d24-9128e9515c92','172.18.0.6','users/87e9d871-9812-4e8f-9ae8-25b1de8007c3/role-mappings/clients/61d92538-9a22-412e-b7a4-661fb81930ee','[{\"id\":\"e5b00e1c-2e64-429b-a054-98bb9fddd4ab\",\"name\":\"_ws3-admin\",\"composite\":true,\"clientRole\":true,\"containerId\":\"61d92538-9a22-412e-b7a4-661fb81930ee\",\"attributes\":{\"kind\":[\"workspace\"]}}]',NULL,'CLIENT_ROLE_MAPPING'),('3aeddc2c-a485-4b78-a1de-3e3410df91d7',1755591060816,'org3','CREATE','org3','d137d744-bd8f-4564-a08a-42c321fcd1ef','57df7deb-9bdd-41da-8092-d56544d6ede7','172.18.0.6','clients/91dc2268-6b73-482b-b0d1-7756adb51d46/roles/_ws3-ansible-execution-agent','{\"id\":\"927640f9-d877-4fd6-b965-8bc086c727b1\",\"name\":\"_ws3-ansible-execution-agent\",\"composite\":false,\"attributes\":{\"kind\":[\"workspace\"]}}',NULL,'CLIENT_ROLE'),('3c440531-2f5a-47a2-b04b-a988bd325fc6',1755591068304,'org4','UPDATE','9643073e-80de-4254-9166-5c75e800fbb5','1bb141eb-f6ea-4e73-a5c5-9902dd89cd08','11e8c7e0-cfb5-45f4-be0c-87c51eccd434','172.18.0.6',NULL,'{\"enabled\":true}',NULL,'REALM'),('3db69a7c-8e91-47ea-a868-e11d1e38e72e',1755591081109,'org5','CREATE','9643073e-80de-4254-9166-5c75e800fbb5','1bb141eb-f6ea-4e73-a5c5-9902dd89cd08','11e8c7e0-cfb5-45f4-be0c-87c51eccd434','172.18.0.6','users/9a65e6ea-bcd8-41e4-9003-727e8b57e54b/role-mappings/clients/3f50a502-35ff-41a2-8166-3b8afa0fdd66','[{\"id\":\"8960a001-9fc4-41b7-b400-a4bc0e39fd76\",\"name\":\"realm-admin\",\"description\":\"${role_realm-admin}\",\"composite\":true,\"clientRole\":true,\"containerId\":\"3f50a502-35ff-41a2-8166-3b8afa0fdd66\",\"attributes\":{}}]',NULL,'CLIENT_ROLE_MAPPING'),('3e792eba-320d-448e-a741-0e71829b056f',1755591083759,'org5','CREATE','org5','8fc726dc-fdaf-4ade-b55e-f33c7111bf95','9a65e6ea-bcd8-41e4-9003-727e8b57e54b','172.18.0.6','clients/65f6db45-0ad5-4094-92a4-606ec7018502/roles/_ws1-admin','{\"id\":\"c875a7c9-26fb-4195-96f0-3f689a4f5819\",\"name\":\"_ws1-admin\",\"composite\":false,\"attributes\":{\"kind\":[\"workspace\"]}}',NULL,'CLIENT_ROLE'),('3e84615d-cc9f-46d1-aac6-1b17b48be275',1755591060854,'org3','CREATE','org3','d137d744-bd8f-4564-a08a-42c321fcd1ef','57df7deb-9bdd-41da-8092-d56544d6ede7','172.18.0.6','clients/91dc2268-6b73-482b-b0d1-7756adb51d46/roles/_ws3-oase-agent/composites','[{\"id\":\"a6991074-464f-4d30-883f-823245ae8f2c\",\"name\":\"ws3\",\"composite\":false,\"clientRole\":true,\"containerId\":\"d137d744-bd8f-4564-a08a-42c321fcd1ef\",\"attributes\":{\"kind\":[\"workspace\"]}}]',NULL,'CLIENT_ROLE'),('3fa14fb6-1404-494d-bd78-e26920b1504f',1755591050551,'org3','UPDATE','9643073e-80de-4254-9166-5c75e800fbb5','1bb141eb-f6ea-4e73-a5c5-9902dd89cd08','11e8c7e0-cfb5-45f4-be0c-87c51eccd434','172.18.0.6','users/profile','{\"attributes\":[{\"name\":\"username\",\"displayName\":\"${username}\",\"validations\":{\"length\":{\"min\":3,\"max\":255},\"username-prohibited-characters\":{},\"up-username-not-idn-homograph\":{}},\"permissions\":{\"view\":[\"admin\",\"user\"],\"edit\":[\"admin\",\"user\"]},\"multivalued\":false},{\"name\":\"email\",\"displayName\":\"${email}\",\"validations\":{\"email\":{},\"length\":{\"max\":255}},\"required\":{\"roles\":[\"user\"]},\"permissions\":{\"view\":[\"admin\",\"user\"],\"edit\":[\"admin\",\"user\"]},\"multivalued\":false},{\"name\":\"firstName\",\"displayName\":\"${firstName}\",\"validations\":{\"length\":{\"max\":255},\"person-name-prohibited-characters\":{}},\"required\":{\"roles\":[\"user\"]},\"permissions\":{\"view\":[\"admin\",\"user\"],\"edit\":[\"admin\",\"user\"]},\"multivalued\":false},{\"name\":\"lastName\",\"displayName\":\"${lastName}\",\"validations\":{\"length\":{\"max\":255},\"person-name-prohibited-characters\":{}},\"required\":{\"roles\":[\"user\"]},\"permissions\":{\"view\":[\"admin\",\"user\"],\"edit\":[\"admin\",\"user\"]},\"multivalued\":false},{\"name\":\"affiliation\",\"displayName\":\"所属 / Affiliation\",\"validations\":{\"length\":{\"max\":255}},\"permissions\":{\"view\":[\"admin\",\"user\"],\"edit\":[\"admin\",\"user\"]},\"multivalued\":false},{\"name\":\"description\",\"displayName\":\"説明 / Description\",\"validations\":{\"length\":{\"max\":255}},\"permissions\":{\"view\":[\"admin\",\"user\"],\"edit\":[\"admin\",\"user\"]},\"multivalued\":false},{\"name\":\"service_account_user_type\",\"permissions\":{\"view\":[\"admin\"],\"edit\":[\"admin\"]},\"multivalued\":false}],\"groups\":[{\"name\":\"user-metadata\",\"displayHeader\":\"User metadata\",\"displayDescription\":\"Attributes, which refer to user metadata\"}]}',NULL,'USER_PROFILE'),('3fca2b10-d4bb-43ab-ba02-0e9d1410e569',1755591075299,'org4','CREATE','org4','a0940068-fbaf-4ef7-a62c-c38b71f55474','da698bab-f61b-455a-9d24-9128e9515c92','172.18.0.6','clients/61d92538-9a22-412e-b7a4-661fb81930ee/roles/_ws3-ansible-execution-agent','{\"id\":\"11eeb637-6b8a-4ab9-aaa1-1cfbb63838a5\",\"name\":\"_ws3-ansible-execution-agent\",\"composite\":false,\"attributes\":{\"kind\":[\"workspace\"]}}',NULL,'CLIENT_ROLE'),('40e509bf-cfd0-44a4-ae44-9e149df8d370',1755591071918,'org4','CREATE','org4','a0940068-fbaf-4ef7-a62c-c38b71f55474','da698bab-f61b-455a-9d24-9128e9515c92','172.18.0.6','clients/61d92538-9a22-412e-b7a4-661fb81930ee/roles/_ws2-oase-agent','{\"id\":\"ca877a4e-b403-442c-8faf-12baf7099d61\",\"name\":\"_ws2-oase-agent\",\"composite\":false,\"attributes\":{\"kind\":[\"workspace\"]}}',NULL,'CLIENT_ROLE'),('4171b682-7b56-4ae2-a085-a6401e5e2076',1755591081155,'org5','UPDATE','9643073e-80de-4254-9166-5c75e800fbb5','1bb141eb-f6ea-4e73-a5c5-9902dd89cd08','11e8c7e0-cfb5-45f4-be0c-87c51eccd434','172.18.0.6','users/profile','{\"attributes\":[{\"name\":\"username\",\"displayName\":\"${username}\",\"validations\":{\"length\":{\"min\":3,\"max\":255},\"username-prohibited-characters\":{},\"up-username-not-idn-homograph\":{}},\"permissions\":{\"view\":[\"admin\",\"user\"],\"edit\":[\"admin\",\"user\"]},\"multivalued\":false},{\"name\":\"email\",\"displayName\":\"${email}\",\"validations\":{\"email\":{},\"length\":{\"max\":255}},\"required\":{\"roles\":[\"user\"]},\"permissions\":{\"view\":[\"admin\",\"user\"],\"edit\":[\"admin\",\"user\"]},\"multivalued\":false},{\"name\":\"firstName\",\"displayName\":\"${firstName}\",\"validations\":{\"length\":{\"max\":255},\"person-name-prohibited-characters\":{}},\"required\":{\"roles\":[\"user\"]},\"permissions\":{\"view\":[\"admin\",\"user\"],\"edit\":[\"admin\",\"user\"]},\"multivalued\":false},{\"name\":\"lastName\",\"displayName\":\"${lastName}\",\"validations\":{\"length\":{\"max\":255},\"person-name-prohibited-characters\":{}},\"required\":{\"roles\":[\"user\"]},\"permissions\":{\"view\":[\"admin\",\"user\"],\"edit\":[\"admin\",\"user\"]},\"multivalued\":false},{\"name\":\"affiliation\",\"displayName\":\"所属 / Affiliation\",\"validations\":{\"length\":{\"max\":255}},\"permissions\":{\"view\":[\"admin\",\"user\"],\"edit\":[\"admin\",\"user\"]},\"multivalued\":false},{\"name\":\"description\",\"displayName\":\"説明 / Description\",\"validations\":{\"length\":{\"max\":255}},\"permissions\":{\"view\":[\"admin\",\"user\"],\"edit\":[\"admin\",\"user\"]},\"multivalued\":false},{\"name\":\"service_account_user_type\",\"permissions\":{\"view\":[\"admin\"],\"edit\":[\"admin\"]},\"multivalued\":false}],\"groups\":[{\"name\":\"user-metadata\",\"displayHeader\":\"User metadata\",\"displayDescription\":\"Attributes, which refer to user metadata\"}]}',NULL,'USER_PROFILE'),('433fb34a-dbd9-4f1d-9e00-b9795b3cb173',1755591018473,'org1','CREATE','9643073e-80de-4254-9166-5c75e800fbb5','1bb141eb-f6ea-4e73-a5c5-9902dd89cd08','11e8c7e0-cfb5-45f4-be0c-87c51eccd434','172.18.0.6','clients/742e6a45-dd6c-42b9-8bac-676ee77ef264/roles/_og-audit-log','{\"id\":\"ea103037-cad1-4cdb-9846-3fe974be19de\",\"name\":\"_og-audit-log\",\"composite\":false}',NULL,'CLIENT_ROLE'),('439d7189-a0d1-4789-8ad4-91377d142ea5',1755591018846,'org1','CREATE','9643073e-80de-4254-9166-5c75e800fbb5','1bb141eb-f6ea-4e73-a5c5-9902dd89cd08','11e8c7e0-cfb5-45f4-be0c-87c51eccd434','172.18.0.6','clients/fc17abd5-4aba-48b9-a5e2-1a070c96267d/roles/_organization-manager/composites','[{\"id\":\"20a5468d-4ae2-483a-a77b-7a5fcf0a9d6b\",\"name\":\"_og-upd\",\"composite\":false,\"clientRole\":true,\"containerId\":\"742e6a45-dd6c-42b9-8bac-676ee77ef264\",\"attributes\":{}},{\"id\":\"ff976da0-7d61-4279-8ac8-56b21c2d1cf6\",\"name\":\"_og-own-mt\",\"composite\":false,\"clientRole\":true,\"containerId\":\"742e6a45-dd6c-42b9-8bac-676ee77ef264\",\"attributes\":{}},{\"id\":\"1f467f11-cc05-45f8-a7ca-3edcc7b60a51\",\"name\":\"_og-role-usr\",\"composite\":false,\"clientRole\":true,\"containerId\":\"742e6a45-dd6c-42b9-8bac-676ee77ef264\",\"attributes\":{}},{\"id\":\"a43b2bd7-5ae0-49f8-adcf-2dcde7d04640\",\"name\":\"_og-usage\",\"composite\":false,\"clientRole\":true,\"containerId\":\"742e6a45-dd6c-42b9-8bac-676ee77ef264\",\"attributes\":{}},{\"id\":\"16dd1507-03fa-483c-8b46-359573483a8c\",\"name\":\"_og-usr-mt\",\"composite\":false,\"clientRole\":true,\"containerId\":\"742e6a45-dd6c-42b9-8bac-676ee77ef264\",\"attributes\":{}},{\"id\":\"404c78c7-a902-4228-9112-c0ffa08cda20\",\"name\":\"_og-ws-role-mt\",\"composite\":false,\"clientRole\":true,\"containerId\":\"742e6a45-dd6c-42b9-8bac-676ee77ef264\",\"attributes\":{}},{\"id\":\"88a7ae48-12e5-49e7-a7f3-ec8fa908c649\",\"name\":\"_og-ws-role-usr\",\"composite\":false,\"clientRole\":true,\"containerId\":\"742e6a45-dd6c-42b9-8bac-676ee77ef264\",\"attributes\":{}},{\"id\":\"780f5ace-09fb-4d7f-a274-414992d522df\",\"name\":\"_og-ws-mt\",\"composite\":false,\"clientRole\":true,\"containerId\":\"742e6a45-dd6c-42b9-8bac-676ee77ef264\",\"attributes\":{}},{\"id\":\"ea103037-cad1-4cdb-9846-3fe974be19de\",\"name\":\"_og-audit-log\",\"composite\":false,\"clientRole\":true,\"containerId\":\"742e6a45-dd6c-42b9-8bac-676ee77ef264\",\"attributes\":{}},{\"id\":\"fac00ba2-0360-4ad0-8d95-9fa132d29e7a\",\"name\":\"manage-identity-providers\",\"description\":\"${role_manage-identity-providers}\",\"composite\":false,\"clientRole\":true,\"containerId\":\"3e5528d0-4651-41dd-8b09-eab39bf2a102\",\"attributes\":{}},{\"id\":\"f4a88e00-d34c-4b37-816f-d73b3254da1a\",\"name\":\"view-identity-providers\",\"description\":\"${role_view-identity-providers}\",\"composite\":false,\"clientRole\":true,\"containerId\":\"3e5528d0-4651-41dd-8b09-eab39bf2a102\",\"attributes\":{}},{\"id\":\"1cd441bd-42c4-4682-9f98-ec9d86347282\",\"name\":\"view-realm\",\"description\":\"${role_view-realm}\",\"composite\":false,\"clientRole\":true,\"containerId\":\"3e5528d0-4651-41dd-8b09-eab39bf2a102\",\"attributes\":{}},{\"id\":\"48672029-557f-4a4d-8730-3b1592ccdc49\",\"name\":\"view-clients\",\"description\":\"${role_view-clients}\",\"composite\":true,\"clientRole\":true,\"containerId\":\"3e5528d0-4651-41dd-8b09-eab39bf2a102\",\"attributes\":{}},{\"id\":\"f9ba9047-a839-4e25-bf3b-67ef5a5f6b92\",\"name\":\"manage-realm\",\"description\":\"${role_manage-realm}\",\"composite\":false,\"clientRole\":true,\"containerId\":\"3e5528d0-4651-41dd-8b09-eab39bf2a102\",\"attributes\":{}}]',NULL,'CLIENT_ROLE'),('4625ba6a-a6a9-4489-af09-5d677746669d',1755591066407,'org4','CREATE','9643073e-80de-4254-9166-5c75e800fbb5','1bb141eb-f6ea-4e73-a5c5-9902dd89cd08','11e8c7e0-cfb5-45f4-be0c-87c51eccd434','172.18.0.6','clients/a0940068-fbaf-4ef7-a62c-c38b71f55474/roles/_og-usr-mt','{\"id\":\"97420c98-82ac-4a33-ab96-e5e74491fcdb\",\"name\":\"_og-usr-mt\",\"composite\":false}',NULL,'CLIENT_ROLE'),('477160db-ae39-4bb7-a261-05a887eee742',1755591036193,'org2','CREATE','9643073e-80de-4254-9166-5c75e800fbb5','1bb141eb-f6ea-4e73-a5c5-9902dd89cd08','11e8c7e0-cfb5-45f4-be0c-87c51eccd434','172.18.0.6','users/2e17e43b-654c-47b3-91fa-35a9cd5e1067/role-mappings/clients/2e4723a1-d81b-4639-bb6b-9f411f27d91d','[{\"id\":\"25f712e7-1c59-4307-b7ea-e884108d3320\",\"name\":\"_organization-manager\",\"composite\":true,\"clientRole\":true,\"containerId\":\"2e4723a1-d81b-4639-bb6b-9f411f27d91d\",\"attributes\":{\"kind\":[\"organization\"]}}]',NULL,'CLIENT_ROLE_MAPPING'),('482488f7-d0bb-4547-875d-694f25940b1d',1755591029708,'org1','CREATE','org1','742e6a45-dd6c-42b9-8bac-676ee77ef264','e9eccc79-6f5f-478a-9277-6ae4bea39d98','172.18.0.6','clients/fc17abd5-4aba-48b9-a5e2-1a070c96267d/roles/_ws3-oase-agent','{\"id\":\"c99b8965-1c0d-4253-90c4-2fa88fd0b777\",\"name\":\"_ws3-oase-agent\",\"composite\":false,\"attributes\":{\"kind\":[\"workspace\"]}}',NULL,'CLIENT_ROLE'),('48c06563-3747-4759-8cd0-82d1740e393d',1755591041657,'org2','CREATE','org2','25395b94-d108-4733-bde2-275d838f2ad2','f01d8325-1d93-43f5-8d50-6f4011b117c6','172.18.0.6','clients/2e4723a1-d81b-4639-bb6b-9f411f27d91d/roles/_ws2-admin','{\"id\":\"0e425cf5-f647-4eac-b55b-341e4c548ed5\",\"name\":\"_ws2-admin\",\"composite\":false,\"attributes\":{\"kind\":[\"workspace\"]}}',NULL,'CLIENT_ROLE'),('49ed210d-4a9c-42aa-9763-b513a173e473',1755591035023,'org2','CREATE','9643073e-80de-4254-9166-5c75e800fbb5','1bb141eb-f6ea-4e73-a5c5-9902dd89cd08','11e8c7e0-cfb5-45f4-be0c-87c51eccd434','172.18.0.6','clients/25395b94-d108-4733-bde2-275d838f2ad2/roles/_og-ws-role-usr','{\"id\":\"d285209e-8a7e-4afe-8efb-7bc939fd2791\",\"name\":\"_og-ws-role-usr\",\"composite\":false}',NULL,'CLIENT_ROLE'),('49ff6ec6-4916-4945-8041-28ac47e2a16a',1755591049743,'org3','CREATE','9643073e-80de-4254-9166-5c75e800fbb5','1bb141eb-f6ea-4e73-a5c5-9902dd89cd08','11e8c7e0-cfb5-45f4-be0c-87c51eccd434','172.18.0.6','clients/09a856e4-4e30-4266-9325-adf59490f8b1','{\"id\":\"09a856e4-4e30-4266-9325-adf59490f8b1\",\"clientId\":\"system-org3-auth\",\"surrogateAuthRequired\":false,\"enabled\":true,\"alwaysDisplayInConsole\":false,\"clientAuthenticatorType\":\"client-secret\",\"redirectUris\":[],\"webOrigins\":[],\"notBefore\":0,\"bearerOnly\":true,\"consentRequired\":false,\"standardFlowEnabled\":true,\"implicitFlowEnabled\":false,\"directAccessGrantsEnabled\":true,\"serviceAccountsEnabled\":false,\"publicClient\":false,\"frontchannelLogout\":false,\"protocol\":\"openid-connect\",\"attributes\":{\"id.token.as.detached.signature\":\"false\",\"saml.assertion.signature\":\"false\",\"saml.force.post.binding\":\"false\",\"saml.multivalued.roles\":\"false\",\"saml.encrypt\":\"false\",\"oauth2.device.authorization.grant.enabled\":\"false\",\"backchannel.logout.revoke.offline.tokens\":\"false\",\"saml.server.signature\":\"false\",\"saml.server.signature.keyinfo.ext\":\"false\",\"use.refresh.tokens\":\"true\",\"exclude.session.state.from.auth.response\":\"false\",\"oidc.ciba.grant.enabled\":\"false\",\"saml.artifact.binding\":\"false\",\"backchannel.logout.session.required\":\"true\",\"client_credentials.use_refresh_token\":\"false\",\"saml_force_name_id_format\":\"false\",\"require.pushed.authorization.requests\":\"false\",\"saml.client.signature\":\"false\",\"tls.client.certificate.bound.access.tokens\":\"false\",\"saml.authnstatement\":\"false\",\"display.on.consent.screen\":\"false\",\"saml.onetimeuse.condition\":\"false\"},\"authenticationFlowBindingOverrides\":{},\"fullScopeAllowed\":true,\"nodeReRegistrationTimeout\":-1,\"defaultClientScopes\":[\"web-origins\",\"profile\",\"roles\",\"email\"],\"optionalClientScopes\":[\"address\",\"phone\",\"offline_access\",\"microprofile-jwt\"],\"access\":{\"view\":true,\"configure\":true,\"manage\":true}}',NULL,'CLIENT'),('4a462710-bcaf-4c90-9a08-0a62a7beebb0',1755591029727,'org1','CREATE','org1','742e6a45-dd6c-42b9-8bac-676ee77ef264','e9eccc79-6f5f-478a-9277-6ae4bea39d98','172.18.0.6','clients/fc17abd5-4aba-48b9-a5e2-1a070c96267d/roles/_ws3-oase-agent/composites','[{\"id\":\"5549ac43-0569-43a5-95aa-03ef6547a892\",\"name\":\"ws3\",\"composite\":false,\"clientRole\":true,\"containerId\":\"742e6a45-dd6c-42b9-8bac-676ee77ef264\",\"attributes\":{\"kind\":[\"workspace\"]}}]',NULL,'CLIENT_ROLE'),('4b18d28d-aed9-45c7-9230-4e650fbe5727',1755591019694,'org1','CREATE','9643073e-80de-4254-9166-5c75e800fbb5','1bb141eb-f6ea-4e73-a5c5-9902dd89cd08','11e8c7e0-cfb5-45f4-be0c-87c51eccd434','172.18.0.6','users/52e0b689-8b97-48c6-b85c-861f6daf5497','{\"username\":\"admin\",\"firstName\":\"admin\",\"lastName\":\"admin\",\"email\":\"admin@example.com\",\"enabled\":true,\"requiredActions\":[]}',NULL,'USER'),('4ccb1173-fb4d-4e57-bde2-d653c6a13110',1755591050361,'org3','CREATE','9643073e-80de-4254-9166-5c75e800fbb5','1bb141eb-f6ea-4e73-a5c5-9902dd89cd08','11e8c7e0-cfb5-45f4-be0c-87c51eccd434','172.18.0.6','clients/91dc2268-6b73-482b-b0d1-7756adb51d46/roles/_organization-user-role-manager','{\"id\":\"d1c30e8b-4d71-4d97-9c45-1da8f318c2aa\",\"name\":\"_organization-user-role-manager\",\"composite\":false,\"attributes\":{\"kind\":[\"organization\"]}}',NULL,'CLIENT_ROLE'),('4d2eb8a7-0b12-49b4-8c32-d58dae37fda8',1755591067500,'org4','CREATE','9643073e-80de-4254-9166-5c75e800fbb5','1bb141eb-f6ea-4e73-a5c5-9902dd89cd08','11e8c7e0-cfb5-45f4-be0c-87c51eccd434','172.18.0.6','users/87e9d871-9812-4e8f-9ae8-25b1de8007c3','{\"username\":\"admin\",\"firstName\":\"admin\",\"lastName\":\"admin\",\"email\":\"admin@example.com\",\"enabled\":true,\"requiredActions\":[]}',NULL,'USER'),('4d59128f-7802-4d0f-a34f-521a63a6c002',1755591075324,'org4','CREATE','org4','a0940068-fbaf-4ef7-a62c-c38b71f55474','da698bab-f61b-455a-9d24-9128e9515c92','172.18.0.6','clients/61d92538-9a22-412e-b7a4-661fb81930ee/roles/_ws3-oase-agent','{\"id\":\"35949c2d-f190-48ee-8a49-29e0c23fcdca\",\"name\":\"_ws3-oase-agent\",\"composite\":false,\"attributes\":{\"kind\":[\"workspace\"]}}',NULL,'CLIENT_ROLE'),('4eeb6afe-4cea-479c-9fc7-a57628c3ef2d',1755591057046,'org3','CREATE','org3','d137d744-bd8f-4564-a08a-42c321fcd1ef','57df7deb-9bdd-41da-8092-d56544d6ede7','172.18.0.6','clients/91dc2268-6b73-482b-b0d1-7756adb51d46/roles/_ws2-ansible-execution-agent','{\"id\":\"d67e0755-a1ed-4d6b-b5f1-accf35407a35\",\"name\":\"_ws2-ansible-execution-agent\",\"composite\":false,\"attributes\":{\"kind\":[\"workspace\"]}}',NULL,'CLIENT_ROLE'),('508cfeca-0a5a-47ca-8005-a8ae9bc24b2f',1755591068504,'org4','CREATE','org4','a0940068-fbaf-4ef7-a62c-c38b71f55474','da698bab-f61b-455a-9d24-9128e9515c92','172.18.0.6','clients/61d92538-9a22-412e-b7a4-661fb81930ee/roles/_ws1-admin','{\"id\":\"3a9e82f2-513f-4839-bff9-666cdce60589\",\"name\":\"_ws1-admin\",\"composite\":false,\"attributes\":{\"kind\":[\"workspace\"]}}',NULL,'CLIENT_ROLE'),('515f612c-853d-4ba0-bf44-adb42d057d15',1755591066512,'org4','CREATE','9643073e-80de-4254-9166-5c75e800fbb5','1bb141eb-f6ea-4e73-a5c5-9902dd89cd08','11e8c7e0-cfb5-45f4-be0c-87c51eccd434','172.18.0.6','clients/61d92538-9a22-412e-b7a4-661fb81930ee/roles/_organization-manager','{\"id\":\"7a467c7c-8c4d-4432-a08e-b72cadfa3245\",\"name\":\"_organization-manager\",\"composite\":false,\"attributes\":{\"kind\":[\"organization\"]}}',NULL,'CLIENT_ROLE'),('51e33bb8-3793-43e1-bcdb-d71ddd932fbf',1755591066356,'org4','CREATE','9643073e-80de-4254-9166-5c75e800fbb5','1bb141eb-f6ea-4e73-a5c5-9902dd89cd08','11e8c7e0-cfb5-45f4-be0c-87c51eccd434','172.18.0.6','clients/a0940068-fbaf-4ef7-a62c-c38b71f55474/roles/_og-upd','{\"id\":\"c6528721-23c5-4c2e-95a7-5f9265d3ad4c\",\"name\":\"_og-upd\",\"composite\":false}',NULL,'CLIENT_ROLE'),('51e517e8-ff3b-4511-b798-0eccf8032aed',1755591053161,'org3','CREATE','org3','d137d744-bd8f-4564-a08a-42c321fcd1ef','57df7deb-9bdd-41da-8092-d56544d6ede7','172.18.0.6','clients/91dc2268-6b73-482b-b0d1-7756adb51d46/roles/_ws1-admin/composites','[{\"id\":\"10a92bbc-99d2-494c-b266-7b2e7a6f72f4\",\"name\":\"ws1\",\"composite\":false,\"clientRole\":true,\"containerId\":\"d137d744-bd8f-4564-a08a-42c321fcd1ef\",\"attributes\":{\"kind\":[\"workspace\"]}},{\"id\":\"fc54d871-1aaf-4038-9051-ee7b3f34f689\",\"name\":\"_ws1-admin\",\"composite\":false,\"clientRole\":true,\"containerId\":\"d137d744-bd8f-4564-a08a-42c321fcd1ef\",\"attributes\":{\"kind\":[\"workspace\"]}}]',NULL,'CLIENT_ROLE'),('52879559-5491-4774-9367-337845cf6842',1755591018024,'org1','ACTION','9643073e-80de-4254-9166-5c75e800fbb5','1bb141eb-f6ea-4e73-a5c5-9902dd89cd08','11e8c7e0-cfb5-45f4-be0c-87c51eccd434','172.18.0.6','clients/18e7b0e7-2c8d-44b2-b435-36efa33a6ca1/client-secret','{\"type\":\"secret\",\"value\":\"Os6ZW1IJPhL1VXRVb1WvLTYBGJDH3by9\"}',NULL,'CLIENT'),('53c4f551-47cc-4063-9570-2b6bc02bbca4',1755591018412,'org1','CREATE','9643073e-80de-4254-9166-5c75e800fbb5','1bb141eb-f6ea-4e73-a5c5-9902dd89cd08','11e8c7e0-cfb5-45f4-be0c-87c51eccd434','172.18.0.6','clients/742e6a45-dd6c-42b9-8bac-676ee77ef264/roles/_og-ws-role-mt','{\"id\":\"404c78c7-a902-4228-9112-c0ffa08cda20\",\"name\":\"_og-ws-role-mt\",\"composite\":false}',NULL,'CLIENT_ROLE'),('5531eebf-7a44-4941-8506-a3cf21e4240b',1755591041774,'org2','CREATE','org2','25395b94-d108-4733-bde2-275d838f2ad2','f01d8325-1d93-43f5-8d50-6f4011b117c6','172.18.0.6','clients/2e4723a1-d81b-4639-bb6b-9f411f27d91d/roles/_ws2-oase-agent','{\"id\":\"8100ba4d-af3b-4fe1-8b24-f8ef29eb339b\",\"name\":\"_ws2-oase-agent\",\"composite\":false,\"attributes\":{\"kind\":[\"workspace\"]}}',NULL,'CLIENT_ROLE'),('562a3e47-f8e8-40f1-9814-1374416f2410',1755591018391,'org1','CREATE','9643073e-80de-4254-9166-5c75e800fbb5','1bb141eb-f6ea-4e73-a5c5-9902dd89cd08','11e8c7e0-cfb5-45f4-be0c-87c51eccd434','172.18.0.6','clients/742e6a45-dd6c-42b9-8bac-676ee77ef264/roles/_og-usr-mt','{\"id\":\"16dd1507-03fa-483c-8b46-359573483a8c\",\"name\":\"_og-usr-mt\",\"composite\":false}',NULL,'CLIENT_ROLE'),('572e5726-fe57-4c66-a889-941ce5e9f669',1755591068572,'org4','CREATE','org4','a0940068-fbaf-4ef7-a62c-c38b71f55474','da698bab-f61b-455a-9d24-9128e9515c92','172.18.0.6','users/87e9d871-9812-4e8f-9ae8-25b1de8007c3/role-mappings/clients/61d92538-9a22-412e-b7a4-661fb81930ee','[{\"id\":\"3a9e82f2-513f-4839-bff9-666cdce60589\",\"name\":\"_ws1-admin\",\"composite\":true,\"clientRole\":true,\"containerId\":\"61d92538-9a22-412e-b7a4-661fb81930ee\",\"attributes\":{\"kind\":[\"workspace\"]}}]',NULL,'CLIENT_ROLE_MAPPING'),('5829ea73-c174-4e67-879e-c55011546b77',1755591090971,'org5','CREATE','org5','8fc726dc-fdaf-4ade-b55e-f33c7111bf95','9a65e6ea-bcd8-41e4-9003-727e8b57e54b','172.18.0.6','clients/65f6db45-0ad5-4094-92a4-606ec7018502/roles/_ws3-admin','{\"id\":\"d8d01d7f-3e5a-4a99-87a7-00a9228aeaf8\",\"name\":\"_ws3-admin\",\"composite\":false,\"attributes\":{\"kind\":[\"workspace\"]}}',NULL,'CLIENT_ROLE'),('59ee51b8-cabc-4dfa-8337-53717b6f9c09',1755591050508,'org3','CREATE','9643073e-80de-4254-9166-5c75e800fbb5','1bb141eb-f6ea-4e73-a5c5-9902dd89cd08','11e8c7e0-cfb5-45f4-be0c-87c51eccd434','172.18.0.6','users/57df7deb-9bdd-41da-8092-d56544d6ede7/role-mappings/clients/44961bdd-6c85-4958-a299-04e1ae46c08f','[{\"id\":\"48c10856-3b1c-44f6-8a9d-ab499fec27f7\",\"name\":\"realm-admin\",\"description\":\"${role_realm-admin}\",\"composite\":true,\"clientRole\":true,\"containerId\":\"44961bdd-6c85-4958-a299-04e1ae46c08f\",\"attributes\":{}}]',NULL,'CLIENT_ROLE_MAPPING'),('59f678c5-a2cf-4198-9f14-c55652801e2b',1755591053116,'org3','CREATE','org3','d137d744-bd8f-4564-a08a-42c321fcd1ef','57df7deb-9bdd-41da-8092-d56544d6ede7','172.18.0.6','clients/91dc2268-6b73-482b-b0d1-7756adb51d46/roles/_ws1-admin','{\"id\":\"37ede91c-7651-48f2-ac14-13da8fec72af\",\"name\":\"_ws1-admin\",\"composite\":false,\"attributes\":{\"kind\":[\"workspace\"]}}',NULL,'CLIENT_ROLE'),('5bf9bfe9-3a28-486a-aeb0-29536e212c34',1755591071767,'org4','CREATE','org4','a0940068-fbaf-4ef7-a62c-c38b71f55474','da698bab-f61b-455a-9d24-9128e9515c92','172.18.0.6','clients/a0940068-fbaf-4ef7-a62c-c38b71f55474/roles/ws2','{\"id\":\"34666c82-3aa3-4de1-9953-636ffed9e16e\",\"name\":\"ws2\",\"composite\":false,\"attributes\":{\"kind\":[\"workspace\"]}}',NULL,'CLIENT_ROLE'),('5e9b5fe3-4b6d-4d9f-a56a-f205776f0a3e',1755591018181,'org1','CREATE','9643073e-80de-4254-9166-5c75e800fbb5','1bb141eb-f6ea-4e73-a5c5-9902dd89cd08','11e8c7e0-cfb5-45f4-be0c-87c51eccd434','172.18.0.6','clients/d0b0c1e6-ea07-4ac5-b32b-dacc23704ee1','{\"id\":\"d0b0c1e6-ea07-4ac5-b32b-dacc23704ee1\",\"clientId\":\"_org1-api\",\"surrogateAuthRequired\":false,\"enabled\":true,\"alwaysDisplayInConsole\":false,\"clientAuthenticatorType\":\"client-secret\",\"redirectUris\":[],\"webOrigins\":[],\"notBefore\":0,\"bearerOnly\":false,\"consentRequired\":false,\"standardFlowEnabled\":false,\"implicitFlowEnabled\":false,\"directAccessGrantsEnabled\":true,\"serviceAccountsEnabled\":false,\"publicClient\":true,\"frontchannelLogout\":false,\"protocol\":\"openid-connect\",\"attributes\":{\"access.token.lifespan\":\"86400\",\"saml.force.post.binding\":\"false\",\"saml.multivalued.roles\":\"false\",\"frontchannel.logout.session.required\":\"false\",\"oauth2.device.authorization.grant.enabled\":\"false\",\"backchannel.logout.revoke.offline.tokens\":\"false\",\"saml.server.signature.keyinfo.ext\":\"false\",\"use.refresh.tokens\":\"true\",\"oidc.ciba.grant.enabled\":\"false\",\"backchannel.logout.session.required\":\"true\",\"client_credentials.use_refresh_token\":\"false\",\"require.pushed.authorization.requests\":\"false\",\"saml.client.signature\":\"false\",\"client.session.max.lifespan\":\"86400\",\"saml.allow.ecp.flow\":\"false\",\"client.session.idle.timeout\":\"86400\",\"id.token.as.detached.signature\":\"false\",\"saml.assertion.signature\":\"false\",\"saml.encrypt\":\"false\",\"saml.server.signature\":\"false\",\"exclude.session.state.from.auth.response\":\"false\",\"saml.artifact.binding\":\"false\",\"saml_force_name_id_format\":\"false\",\"acr.loa.map\":\"{}\",\"tls.client.certificate.bound.access.tokens\":\"false\",\"saml.authnstatement\":\"false\",\"display.on.consent.screen\":\"false\",\"token.response.type.bearer.lower-case\":\"false\",\"saml.onetimeuse.condition\":\"false\"},\"authenticationFlowBindingOverrides\":{},\"fullScopeAllowed\":true,\"nodeReRegistrationTimeout\":-1,\"defaultClientScopes\":[\"web-origins\",\"acr\",\"profile\",\"roles\",\"email\"],\"optionalClientScopes\":[\"address\",\"phone\",\"offline_access\",\"microprofile-jwt\"]}',NULL,'CLIENT'),('5f7d9c97-bf6f-4386-a1c1-7485be18350f',1755591049639,'org3','CREATE','9643073e-80de-4254-9166-5c75e800fbb5','1bb141eb-f6ea-4e73-a5c5-9902dd89cd08','11e8c7e0-cfb5-45f4-be0c-87c51eccd434','172.18.0.6','clients/d137d744-bd8f-4564-a08a-42c321fcd1ef','{\"id\":\"d137d744-bd8f-4564-a08a-42c321fcd1ef\",\"clientId\":\"org3-workspaces\",\"surrogateAuthRequired\":false,\"enabled\":true,\"alwaysDisplayInConsole\":false,\"clientAuthenticatorType\":\"client-secret\",\"redirectUris\":[],\"webOrigins\":[],\"notBefore\":0,\"bearerOnly\":false,\"consentRequired\":false,\"standardFlowEnabled\":false,\"implicitFlowEnabled\":false,\"directAccessGrantsEnabled\":true,\"serviceAccountsEnabled\":true,\"publicClient\":false,\"frontchannelLogout\":false,\"protocol\":\"openid-connect\",\"attributes\":{\"id.token.as.detached.signature\":\"false\",\"saml.assertion.signature\":\"false\",\"saml.force.post.binding\":\"false\",\"saml.multivalued.roles\":\"false\",\"saml.encrypt\":\"false\",\"oauth2.device.authorization.grant.enabled\":\"false\",\"backchannel.logout.revoke.offline.tokens\":\"false\",\"saml.server.signature\":\"false\",\"saml.server.signature.keyinfo.ext\":\"false\",\"use.refresh.tokens\":\"true\",\"exclude.session.state.from.auth.response\":\"false\",\"oidc.ciba.grant.enabled\":\"false\",\"saml.artifact.binding\":\"false\",\"backchannel.logout.session.required\":\"true\",\"client_credentials.use_refresh_token\":\"false\",\"saml_force_name_id_format\":\"false\",\"require.pushed.authorization.requests\":\"false\",\"saml.client.signature\":\"false\",\"tls.client.certificate.bound.access.tokens\":\"false\",\"saml.authnstatement\":\"false\",\"display.on.consent.screen\":\"false\",\"saml.onetimeuse.condition\":\"false\"},\"authenticationFlowBindingOverrides\":{},\"fullScopeAllowed\":true,\"nodeReRegistrationTimeout\":-1,\"protocolMappers\":[{\"name\":\"Client Host\",\"protocol\":\"openid-connect\",\"protocolMapper\":\"oidc-usersessionmodel-note-mapper\",\"consentRequired\":false,\"config\":{\"user.session.note\":\"clientHost\",\"userinfo.token.claim\":\"true\",\"id.token.claim\":\"true\",\"access.token.claim\":\"true\",\"claim.name\":\"clientHost\",\"jsonType.label\":\"String\"}},{\"name\":\"Client IP Address\",\"protocol\":\"openid-connect\",\"protocolMapper\":\"oidc-usersessionmodel-note-mapper\",\"consentRequired\":false,\"config\":{\"user.session.note\":\"clientAddress\",\"userinfo.token.claim\":\"true\",\"id.token.claim\":\"true\",\"access.token.claim\":\"true\",\"claim.name\":\"clientAddress\",\"jsonType.label\":\"String\"}},{\"name\":\"Client ID\",\"protocol\":\"openid-connect\",\"protocolMapper\":\"oidc-usersessionmodel-note-mapper\",\"consentRequired\":false,\"config\":{\"user.session.note\":\"clientId\",\"userinfo.token.claim\":\"true\",\"id.token.claim\":\"true\",\"access.token.claim\":\"true\",\"claim.name\":\"clientId\",\"jsonType.label\":\"String\"}}],\"defaultClientScopes\":[\"web-origins\",\"profile\",\"roles\",\"email\"],\"optionalClientScopes\":[\"address\",\"phone\",\"offline_access\",\"microprofile-jwt\"],\"access\":{\"view\":true,\"configure\":true,\"manage\":true}}',NULL,'CLIENT'),('5f99c5dc-8672-43a0-9b8c-4bc20d4532ac',1755591066273,'org4','CREATE','9643073e-80de-4254-9166-5c75e800fbb5','1bb141eb-f6ea-4e73-a5c5-9902dd89cd08','11e8c7e0-cfb5-45f4-be0c-87c51eccd434','172.18.0.6','clients/438356cc-9d72-4f49-97ff-91bbea97f232','{\"id\":\"438356cc-9d72-4f49-97ff-91bbea97f232\",\"clientId\":\"_org4-api\",\"surrogateAuthRequired\":false,\"enabled\":true,\"alwaysDisplayInConsole\":false,\"clientAuthenticatorType\":\"client-secret\",\"redirectUris\":[],\"webOrigins\":[],\"notBefore\":0,\"bearerOnly\":false,\"consentRequired\":false,\"standardFlowEnabled\":false,\"implicitFlowEnabled\":false,\"directAccessGrantsEnabled\":true,\"serviceAccountsEnabled\":false,\"publicClient\":true,\"frontchannelLogout\":false,\"protocol\":\"openid-connect\",\"attributes\":{\"access.token.lifespan\":\"86400\",\"saml.force.post.binding\":\"false\",\"saml.multivalued.roles\":\"false\",\"frontchannel.logout.session.required\":\"false\",\"oauth2.device.authorization.grant.enabled\":\"false\",\"backchannel.logout.revoke.offline.tokens\":\"false\",\"saml.server.signature.keyinfo.ext\":\"false\",\"use.refresh.tokens\":\"true\",\"oidc.ciba.grant.enabled\":\"false\",\"backchannel.logout.session.required\":\"true\",\"client_credentials.use_refresh_token\":\"false\",\"require.pushed.authorization.requests\":\"false\",\"saml.client.signature\":\"false\",\"client.session.max.lifespan\":\"86400\",\"saml.allow.ecp.flow\":\"false\",\"client.session.idle.timeout\":\"86400\",\"id.token.as.detached.signature\":\"false\",\"saml.assertion.signature\":\"false\",\"saml.encrypt\":\"false\",\"saml.server.signature\":\"false\",\"exclude.session.state.from.auth.response\":\"false\",\"saml.artifact.binding\":\"false\",\"saml_force_name_id_format\":\"false\",\"acr.loa.map\":\"{}\",\"tls.client.certificate.bound.access.tokens\":\"false\",\"saml.authnstatement\":\"false\",\"display.on.consent.screen\":\"false\",\"token.response.type.bearer.lower-case\":\"false\",\"saml.onetimeuse.condition\":\"false\"},\"authenticationFlowBindingOverrides\":{},\"fullScopeAllowed\":true,\"nodeReRegistrationTimeout\":-1,\"defaultClientScopes\":[\"web-origins\",\"acr\",\"profile\",\"roles\",\"email\"],\"optionalClientScopes\":[\"address\",\"phone\",\"offline_access\",\"microprofile-jwt\"]}',NULL,'CLIENT'),('5faa883f-70b5-4cc7-8a36-d233a1e69daf',1755591045192,'org2','CREATE','org2','25395b94-d108-4733-bde2-275d838f2ad2','f01d8325-1d93-43f5-8d50-6f4011b117c6','172.18.0.6','clients/25395b94-d108-4733-bde2-275d838f2ad2/roles/ws3','{\"id\":\"b447b11e-d67a-4b60-a8ba-fd761b94fd58\",\"name\":\"ws3\",\"composite\":false,\"attributes\":{\"kind\":[\"workspace\"]}}',NULL,'CLIENT_ROLE'),('652ff8d8-f737-42c1-b5d6-c0208f668212',1755591080483,'org5','CREATE','9643073e-80de-4254-9166-5c75e800fbb5','1bb141eb-f6ea-4e73-a5c5-9902dd89cd08','11e8c7e0-cfb5-45f4-be0c-87c51eccd434','172.18.0.6','clients/ddf659f2-e655-434e-994d-cb9c7daef9dd','{\"id\":\"ddf659f2-e655-434e-994d-cb9c7daef9dd\",\"clientId\":\"_org5-api\",\"surrogateAuthRequired\":false,\"enabled\":true,\"alwaysDisplayInConsole\":false,\"clientAuthenticatorType\":\"client-secret\",\"redirectUris\":[],\"webOrigins\":[],\"notBefore\":0,\"bearerOnly\":false,\"consentRequired\":false,\"standardFlowEnabled\":false,\"implicitFlowEnabled\":false,\"directAccessGrantsEnabled\":true,\"serviceAccountsEnabled\":false,\"publicClient\":true,\"frontchannelLogout\":false,\"protocol\":\"openid-connect\",\"attributes\":{\"access.token.lifespan\":\"86400\",\"saml.force.post.binding\":\"false\",\"saml.multivalued.roles\":\"false\",\"frontchannel.logout.session.required\":\"false\",\"oauth2.device.authorization.grant.enabled\":\"false\",\"backchannel.logout.revoke.offline.tokens\":\"false\",\"saml.server.signature.keyinfo.ext\":\"false\",\"use.refresh.tokens\":\"true\",\"oidc.ciba.grant.enabled\":\"false\",\"backchannel.logout.session.required\":\"true\",\"client_credentials.use_refresh_token\":\"false\",\"require.pushed.authorization.requests\":\"false\",\"saml.client.signature\":\"false\",\"client.session.max.lifespan\":\"86400\",\"saml.allow.ecp.flow\":\"false\",\"client.session.idle.timeout\":\"86400\",\"id.token.as.detached.signature\":\"false\",\"saml.assertion.signature\":\"false\",\"saml.encrypt\":\"false\",\"saml.server.signature\":\"false\",\"exclude.session.state.from.auth.response\":\"false\",\"saml.artifact.binding\":\"false\",\"saml_force_name_id_format\":\"false\",\"acr.loa.map\":\"{}\",\"tls.client.certificate.bound.access.tokens\":\"false\",\"saml.authnstatement\":\"false\",\"display.on.consent.screen\":\"false\",\"token.response.type.bearer.lower-case\":\"false\",\"saml.onetimeuse.condition\":\"false\"},\"authenticationFlowBindingOverrides\":{},\"fullScopeAllowed\":true,\"nodeReRegistrationTimeout\":-1,\"defaultClientScopes\":[\"web-origins\",\"acr\",\"profile\",\"roles\",\"email\"],\"optionalClientScopes\":[\"address\",\"phone\",\"offline_access\",\"microprofile-jwt\"]}',NULL,'CLIENT'),('664e64e8-45b3-4e2a-b801-bd8c906a66e0',1755591068476,'org4','CREATE','org4','a0940068-fbaf-4ef7-a62c-c38b71f55474','da698bab-f61b-455a-9d24-9128e9515c92','172.18.0.6','clients/a0940068-fbaf-4ef7-a62c-c38b71f55474/roles/ws1','{\"id\":\"1c9b31c7-9def-4212-945b-11f238e342f8\",\"name\":\"ws1\",\"composite\":false,\"attributes\":{\"kind\":[\"workspace\"]}}',NULL,'CLIENT_ROLE'),('66e7da89-edff-4c18-b6ce-7125343c2dc7',1755591057004,'org3','CREATE','org3','d137d744-bd8f-4564-a08a-42c321fcd1ef','57df7deb-9bdd-41da-8092-d56544d6ede7','172.18.0.6','clients/91dc2268-6b73-482b-b0d1-7756adb51d46/roles/_ws2-admin/composites','[{\"id\":\"4b687421-46dc-476c-9a5a-7ebf2e613728\",\"name\":\"ws2\",\"composite\":false,\"clientRole\":true,\"containerId\":\"d137d744-bd8f-4564-a08a-42c321fcd1ef\",\"attributes\":{\"kind\":[\"workspace\"]}},{\"id\":\"ad869bcf-4bee-4a07-9eb5-c16e98832941\",\"name\":\"_ws2-admin\",\"composite\":false,\"clientRole\":true,\"containerId\":\"d137d744-bd8f-4564-a08a-42c321fcd1ef\",\"attributes\":{\"kind\":[\"workspace\"]}}]',NULL,'CLIENT_ROLE'),('67f65e82-42ad-4482-baac-8393e4734a10',1755591045204,'org2','CREATE','org2','25395b94-d108-4733-bde2-275d838f2ad2','f01d8325-1d93-43f5-8d50-6f4011b117c6','172.18.0.6','clients/25395b94-d108-4733-bde2-275d838f2ad2/roles/_ws3-admin','{\"id\":\"6653450c-8eb4-4fc3-80a2-4338860bf01b\",\"name\":\"_ws3-admin\",\"composite\":false,\"attributes\":{\"kind\":[\"workspace\"]}}',NULL,'CLIENT_ROLE'),('69d4316b-212a-496b-8dfb-bde77d29934c',1755591041642,'org2','CREATE','org2','25395b94-d108-4733-bde2-275d838f2ad2','f01d8325-1d93-43f5-8d50-6f4011b117c6','172.18.0.6','clients/25395b94-d108-4733-bde2-275d838f2ad2/roles/_ws2-admin','{\"id\":\"3cc1d8b7-8788-449c-9315-96d13f5fab25\",\"name\":\"_ws2-admin\",\"composite\":false,\"attributes\":{\"kind\":[\"workspace\"]}}',NULL,'CLIENT_ROLE'),('6a7d0a85-cc00-4bb8-8283-9c971841ac81',1755591068617,'org4','CREATE','org4','a0940068-fbaf-4ef7-a62c-c38b71f55474','da698bab-f61b-455a-9d24-9128e9515c92','172.18.0.6','clients/61d92538-9a22-412e-b7a4-661fb81930ee/roles/_ws1-oase-agent','{\"id\":\"ec27d0ec-fdef-4492-97e4-2aa911dfb9e5\",\"name\":\"_ws1-oase-agent\",\"composite\":false,\"attributes\":{\"kind\":[\"workspace\"]}}',NULL,'CLIENT_ROLE'),('6a9252ae-1a40-4ccb-b8c7-b63dfa75d986',1755591057083,'org3','CREATE','org3','d137d744-bd8f-4564-a08a-42c321fcd1ef','57df7deb-9bdd-41da-8092-d56544d6ede7','172.18.0.6','clients/91dc2268-6b73-482b-b0d1-7756adb51d46/roles/_ws2-oase-agent/composites','[{\"id\":\"4b687421-46dc-476c-9a5a-7ebf2e613728\",\"name\":\"ws2\",\"composite\":false,\"clientRole\":true,\"containerId\":\"d137d744-bd8f-4564-a08a-42c321fcd1ef\",\"attributes\":{\"kind\":[\"workspace\"]}}]',NULL,'CLIENT_ROLE'),('6b29bf76-a94c-4b28-b458-0adf0f490aa7',1755591022173,'org1','CREATE','org1','742e6a45-dd6c-42b9-8bac-676ee77ef264','e9eccc79-6f5f-478a-9277-6ae4bea39d98','172.18.0.6','users/52e0b689-8b97-48c6-b85c-861f6daf5497/role-mappings/clients/fc17abd5-4aba-48b9-a5e2-1a070c96267d','[{\"id\":\"ea7f79a8-f9e3-40f2-bd1e-d0213ead58de\",\"name\":\"_ws1-admin\",\"composite\":true,\"clientRole\":true,\"containerId\":\"fc17abd5-4aba-48b9-a5e2-1a070c96267d\",\"attributes\":{\"kind\":[\"workspace\"]}}]',NULL,'CLIENT_ROLE_MAPPING'),('6b5e787f-629c-4091-80b6-fc38ebae46c3',1755591075196,'org4','CREATE','org4','a0940068-fbaf-4ef7-a62c-c38b71f55474','da698bab-f61b-455a-9d24-9128e9515c92','172.18.0.6','clients/a0940068-fbaf-4ef7-a62c-c38b71f55474/roles/ws3','{\"id\":\"2e3c84b8-ecea-4073-b301-763cd220ca30\",\"name\":\"ws3\",\"composite\":false,\"attributes\":{\"kind\":[\"workspace\"]}}',NULL,'CLIENT_ROLE'),('6dd00af8-2846-4877-a334-5998062141e1',1755591034646,'org2','CREATE','9643073e-80de-4254-9166-5c75e800fbb5','1bb141eb-f6ea-4e73-a5c5-9902dd89cd08','11e8c7e0-cfb5-45f4-be0c-87c51eccd434','172.18.0.6','clients/a458683d-f4c2-4669-90fd-99a49eba399b','{\"id\":\"a458683d-f4c2-4669-90fd-99a49eba399b\",\"clientId\":\"system-org2-auth\",\"surrogateAuthRequired\":false,\"enabled\":true,\"alwaysDisplayInConsole\":false,\"clientAuthenticatorType\":\"client-secret\",\"redirectUris\":[],\"webOrigins\":[],\"notBefore\":0,\"bearerOnly\":true,\"consentRequired\":false,\"standardFlowEnabled\":true,\"implicitFlowEnabled\":false,\"directAccessGrantsEnabled\":true,\"serviceAccountsEnabled\":false,\"publicClient\":false,\"frontchannelLogout\":false,\"protocol\":\"openid-connect\",\"attributes\":{\"id.token.as.detached.signature\":\"false\",\"saml.assertion.signature\":\"false\",\"saml.force.post.binding\":\"false\",\"saml.multivalued.roles\":\"false\",\"saml.encrypt\":\"false\",\"oauth2.device.authorization.grant.enabled\":\"false\",\"backchannel.logout.revoke.offline.tokens\":\"false\",\"saml.server.signature\":\"false\",\"saml.server.signature.keyinfo.ext\":\"false\",\"use.refresh.tokens\":\"true\",\"exclude.session.state.from.auth.response\":\"false\",\"oidc.ciba.grant.enabled\":\"false\",\"saml.artifact.binding\":\"false\",\"backchannel.logout.session.required\":\"true\",\"client_credentials.use_refresh_token\":\"false\",\"saml_force_name_id_format\":\"false\",\"require.pushed.authorization.requests\":\"false\",\"saml.client.signature\":\"false\",\"tls.client.certificate.bound.access.tokens\":\"false\",\"saml.authnstatement\":\"false\",\"display.on.consent.screen\":\"false\",\"saml.onetimeuse.condition\":\"false\"},\"authenticationFlowBindingOverrides\":{},\"fullScopeAllowed\":true,\"nodeReRegistrationTimeout\":-1,\"defaultClientScopes\":[\"web-origins\",\"profile\",\"roles\",\"email\"],\"optionalClientScopes\":[\"address\",\"phone\",\"offline_access\",\"microprofile-jwt\"],\"access\":{\"view\":true,\"configure\":true,\"manage\":true}}',NULL,'CLIENT'),('6ddb2df7-b631-45f5-a4c7-c7481666a32e',1755591066436,'org4','CREATE','9643073e-80de-4254-9166-5c75e800fbb5','1bb141eb-f6ea-4e73-a5c5-9902dd89cd08','11e8c7e0-cfb5-45f4-be0c-87c51eccd434','172.18.0.6','clients/a0940068-fbaf-4ef7-a62c-c38b71f55474/roles/_og-ws-role-usr','{\"id\":\"c03c91da-f28b-45ff-8ca2-94bde5078abc\",\"name\":\"_og-ws-role-usr\",\"composite\":false}',NULL,'CLIENT_ROLE'),('6e69d311-430b-43a6-966d-5200a4631f84',1755591018882,'org1','CREATE','9643073e-80de-4254-9166-5c75e800fbb5','1bb141eb-f6ea-4e73-a5c5-9902dd89cd08','11e8c7e0-cfb5-45f4-be0c-87c51eccd434','172.18.0.6','clients/fc17abd5-4aba-48b9-a5e2-1a070c96267d/roles/_organization-user-role-manager','{\"id\":\"dd35383f-c20c-40de-97cf-205d57896b29\",\"name\":\"_organization-user-role-manager\",\"composite\":false,\"attributes\":{\"kind\":[\"organization\"]}}',NULL,'CLIENT_ROLE'),('6ea66799-59b9-4dec-84ca-8f6f12dafd67',1755591049831,'org3','CREATE','9643073e-80de-4254-9166-5c75e800fbb5','1bb141eb-f6ea-4e73-a5c5-9902dd89cd08','11e8c7e0-cfb5-45f4-be0c-87c51eccd434','172.18.0.6','clients/91dc2268-6b73-482b-b0d1-7756adb51d46','{\"id\":\"91dc2268-6b73-482b-b0d1-7756adb51d46\",\"clientId\":\"org3\",\"surrogateAuthRequired\":false,\"enabled\":true,\"alwaysDisplayInConsole\":false,\"clientAuthenticatorType\":\"client-secret\",\"redirectUris\":[\"/*\"],\"webOrigins\":[],\"notBefore\":0,\"bearerOnly\":false,\"consentRequired\":false,\"standardFlowEnabled\":true,\"implicitFlowEnabled\":false,\"directAccessGrantsEnabled\":true,\"serviceAccountsEnabled\":false,\"publicClient\":true,\"frontchannelLogout\":false,\"protocol\":\"openid-connect\",\"attributes\":{\"post.logout.redirect.uris\":\"/*\",\"id.token.as.detached.signature\":\"false\",\"saml.assertion.signature\":\"false\",\"saml.force.post.binding\":\"false\",\"saml.multivalued.roles\":\"false\",\"saml.encrypt\":\"false\",\"oauth2.device.authorization.grant.enabled\":\"false\",\"backchannel.logout.revoke.offline.tokens\":\"false\",\"saml.server.signature\":\"false\",\"saml.server.signature.keyinfo.ext\":\"false\",\"use.refresh.tokens\":\"true\",\"exclude.session.state.from.auth.response\":\"false\",\"oidc.ciba.grant.enabled\":\"false\",\"saml.artifact.binding\":\"false\",\"backchannel.logout.session.required\":\"true\",\"client_credentials.use_refresh_token\":\"false\",\"saml_force_name_id_format\":\"false\",\"require.pushed.authorization.requests\":\"false\",\"saml.client.signature\":\"false\",\"tls.client.certificate.bound.access.tokens\":\"false\",\"saml.authnstatement\":\"false\",\"display.on.consent.screen\":\"false\",\"saml.onetimeuse.condition\":\"false\"},\"authenticationFlowBindingOverrides\":{},\"fullScopeAllowed\":true,\"nodeReRegistrationTimeout\":-1,\"defaultClientScopes\":[\"web-origins\",\"profile\",\"roles\",\"email\"],\"optionalClientScopes\":[\"address\",\"phone\",\"offline_access\",\"microprofile-jwt\"],\"access\":{\"view\":true,\"configure\":true,\"manage\":true}}',NULL,'CLIENT'),('6f5eb79f-bebe-490d-8314-b5b706d3b19e',1755591060828,'org3','CREATE','org3','d137d744-bd8f-4564-a08a-42c321fcd1ef','57df7deb-9bdd-41da-8092-d56544d6ede7','172.18.0.6','clients/91dc2268-6b73-482b-b0d1-7756adb51d46/roles/_ws3-ansible-execution-agent/composites','[{\"id\":\"a6991074-464f-4d30-883f-823245ae8f2c\",\"name\":\"ws3\",\"composite\":false,\"clientRole\":true,\"containerId\":\"d137d744-bd8f-4564-a08a-42c321fcd1ef\",\"attributes\":{\"kind\":[\"workspace\"]}}]',NULL,'CLIENT_ROLE'),('6fc2a654-8248-4f80-ae73-0bc29bfcd2fb',1755591025861,'org1','CREATE','org1','742e6a45-dd6c-42b9-8bac-676ee77ef264','e9eccc79-6f5f-478a-9277-6ae4bea39d98','172.18.0.6','clients/fc17abd5-4aba-48b9-a5e2-1a070c96267d/roles/_ws2-ansible-execution-agent','{\"id\":\"6312791a-434e-4113-aa7a-42178b4fa92f\",\"name\":\"_ws2-ansible-execution-agent\",\"composite\":false,\"attributes\":{\"kind\":[\"workspace\"]}}',NULL,'CLIENT_ROLE'),('6fc5c6c8-392a-4046-8a0e-bf25d9e35b55',1755591065955,'org4','CREATE','9643073e-80de-4254-9166-5c75e800fbb5','1bb141eb-f6ea-4e73-a5c5-9902dd89cd08','11e8c7e0-cfb5-45f4-be0c-87c51eccd434','172.18.0.6','clients/a0940068-fbaf-4ef7-a62c-c38b71f55474','{\"id\":\"a0940068-fbaf-4ef7-a62c-c38b71f55474\",\"clientId\":\"org4-workspaces\",\"surrogateAuthRequired\":false,\"enabled\":true,\"alwaysDisplayInConsole\":false,\"clientAuthenticatorType\":\"client-secret\",\"redirectUris\":[],\"webOrigins\":[],\"notBefore\":0,\"bearerOnly\":false,\"consentRequired\":false,\"standardFlowEnabled\":false,\"implicitFlowEnabled\":false,\"directAccessGrantsEnabled\":true,\"serviceAccountsEnabled\":true,\"publicClient\":false,\"frontchannelLogout\":false,\"protocol\":\"openid-connect\",\"attributes\":{\"id.token.as.detached.signature\":\"false\",\"saml.assertion.signature\":\"false\",\"saml.force.post.binding\":\"false\",\"saml.multivalued.roles\":\"false\",\"saml.encrypt\":\"false\",\"oauth2.device.authorization.grant.enabled\":\"false\",\"backchannel.logout.revoke.offline.tokens\":\"false\",\"saml.server.signature\":\"false\",\"saml.server.signature.keyinfo.ext\":\"false\",\"use.refresh.tokens\":\"true\",\"exclude.session.state.from.auth.response\":\"false\",\"oidc.ciba.grant.enabled\":\"false\",\"saml.artifact.binding\":\"false\",\"backchannel.logout.session.required\":\"true\",\"client_credentials.use_refresh_token\":\"false\",\"saml_force_name_id_format\":\"false\",\"require.pushed.authorization.requests\":\"false\",\"saml.client.signature\":\"false\",\"tls.client.certificate.bound.access.tokens\":\"false\",\"saml.authnstatement\":\"false\",\"display.on.consent.screen\":\"false\",\"saml.onetimeuse.condition\":\"false\"},\"authenticationFlowBindingOverrides\":{},\"fullScopeAllowed\":true,\"nodeReRegistrationTimeout\":-1,\"protocolMappers\":[{\"name\":\"Client Host\",\"protocol\":\"openid-connect\",\"protocolMapper\":\"oidc-usersessionmodel-note-mapper\",\"consentRequired\":false,\"config\":{\"user.session.note\":\"clientHost\",\"userinfo.token.claim\":\"true\",\"id.token.claim\":\"true\",\"access.token.claim\":\"true\",\"claim.name\":\"clientHost\",\"jsonType.label\":\"String\"}},{\"name\":\"Client IP Address\",\"protocol\":\"openid-connect\",\"protocolMapper\":\"oidc-usersessionmodel-note-mapper\",\"consentRequired\":false,\"config\":{\"user.session.note\":\"clientAddress\",\"userinfo.token.claim\":\"true\",\"id.token.claim\":\"true\",\"access.token.claim\":\"true\",\"claim.name\":\"clientAddress\",\"jsonType.label\":\"String\"}},{\"name\":\"Client ID\",\"protocol\":\"openid-connect\",\"protocolMapper\":\"oidc-usersessionmodel-note-mapper\",\"consentRequired\":false,\"config\":{\"user.session.note\":\"clientId\",\"userinfo.token.claim\":\"true\",\"id.token.claim\":\"true\",\"access.token.claim\":\"true\",\"claim.name\":\"clientId\",\"jsonType.label\":\"String\"}}],\"defaultClientScopes\":[\"web-origins\",\"profile\",\"roles\",\"email\"],\"optionalClientScopes\":[\"address\",\"phone\",\"offline_access\",\"microprofile-jwt\"],\"access\":{\"view\":true,\"configure\":true,\"manage\":true}}',NULL,'CLIENT'),('72a1785d-83fc-4f98-ad61-470a4bb16341',1755591018454,'org1','CREATE','9643073e-80de-4254-9166-5c75e800fbb5','1bb141eb-f6ea-4e73-a5c5-9902dd89cd08','11e8c7e0-cfb5-45f4-be0c-87c51eccd434','172.18.0.6','clients/742e6a45-dd6c-42b9-8bac-676ee77ef264/roles/_og-ws-mt','{\"id\":\"780f5ace-09fb-4d7f-a274-414992d522df\",\"name\":\"_og-ws-mt\",\"composite\":false}',NULL,'CLIENT_ROLE'),('72d647e4-ebcf-4ec0-8a41-7a580c375df5',1755591045319,'org2','CREATE','org2','25395b94-d108-4733-bde2-275d838f2ad2','f01d8325-1d93-43f5-8d50-6f4011b117c6','172.18.0.6','clients/2e4723a1-d81b-4639-bb6b-9f411f27d91d/roles/_ws3-oase-agent','{\"id\":\"20b181d5-bf8b-41c0-a107-6ffc380b67f1\",\"name\":\"_ws3-oase-agent\",\"composite\":false,\"attributes\":{\"kind\":[\"workspace\"]}}',NULL,'CLIENT_ROLE'),('73d7f7e7-6ed2-48f8-a312-82e71457257f',1755591050005,'org3','CREATE','9643073e-80de-4254-9166-5c75e800fbb5','1bb141eb-f6ea-4e73-a5c5-9902dd89cd08','11e8c7e0-cfb5-45f4-be0c-87c51eccd434','172.18.0.6','clients/d137d744-bd8f-4564-a08a-42c321fcd1ef/roles/_og-upd','{\"id\":\"7ab87ed4-fa16-49fc-abd9-39ed9020ee3c\",\"name\":\"_og-upd\",\"composite\":false}',NULL,'CLIENT_ROLE'),('74b7e9e6-c527-4211-b303-254d029794e2',1755591034958,'org2','CREATE','9643073e-80de-4254-9166-5c75e800fbb5','1bb141eb-f6ea-4e73-a5c5-9902dd89cd08','11e8c7e0-cfb5-45f4-be0c-87c51eccd434','172.18.0.6','clients/25395b94-d108-4733-bde2-275d838f2ad2/roles/_og-role-usr','{\"id\":\"49234111-3df0-4101-9de7-b813497543a7\",\"name\":\"_og-role-usr\",\"composite\":false}',NULL,'CLIENT_ROLE'),('7592b2bc-3eee-45c0-a4d5-8442b195a662',1755591029680,'org1','CREATE','org1','742e6a45-dd6c-42b9-8bac-676ee77ef264','e9eccc79-6f5f-478a-9277-6ae4bea39d98','172.18.0.6','clients/fc17abd5-4aba-48b9-a5e2-1a070c96267d/roles/_ws3-ansible-execution-agent/composites','[{\"id\":\"5549ac43-0569-43a5-95aa-03ef6547a892\",\"name\":\"ws3\",\"composite\":false,\"clientRole\":true,\"containerId\":\"742e6a45-dd6c-42b9-8bac-676ee77ef264\",\"attributes\":{\"kind\":[\"workspace\"]}}]',NULL,'CLIENT_ROLE'),('7611c740-aae4-428d-8575-9f4c9812f676',1755591034865,'org2','ACTION','9643073e-80de-4254-9166-5c75e800fbb5','1bb141eb-f6ea-4e73-a5c5-9902dd89cd08','11e8c7e0-cfb5-45f4-be0c-87c51eccd434','172.18.0.6','clients/76398bcb-f02f-4ff0-b900-032f46596814/client-secret','{\"type\":\"secret\",\"value\":\"2brTY0Rzx50jSyat6fNrjKRxycCcXbgQ\"}',NULL,'CLIENT'),('77bbef8e-d449-403e-bf1a-bb8427a3bed3',1755591066226,'org4','ACTION','9643073e-80de-4254-9166-5c75e800fbb5','1bb141eb-f6ea-4e73-a5c5-9902dd89cd08','11e8c7e0-cfb5-45f4-be0c-87c51eccd434','172.18.0.6','clients/61d92538-9a22-412e-b7a4-661fb81930ee/client-secret','{\"type\":\"secret\",\"value\":\"ouqlFjbSMyWRjy14BdGzCjXG7yhr6qd7\"}',NULL,'CLIENT'),('77d56679-384a-420e-a152-6409531bf294',1755591091007,'org5','CREATE','org5','8fc726dc-fdaf-4ade-b55e-f33c7111bf95','9a65e6ea-bcd8-41e4-9003-727e8b57e54b','172.18.0.6','clients/65f6db45-0ad5-4094-92a4-606ec7018502/roles/_ws3-admin/composites','[{\"id\":\"e64d6af9-89e0-4324-b5f3-ee16c91824f3\",\"name\":\"ws3\",\"composite\":false,\"clientRole\":true,\"containerId\":\"8fc726dc-fdaf-4ade-b55e-f33c7111bf95\",\"attributes\":{\"kind\":[\"workspace\"]}},{\"id\":\"9656ff84-c381-45d8-84fe-4fb7deb400ff\",\"name\":\"_ws3-admin\",\"composite\":false,\"clientRole\":true,\"containerId\":\"8fc726dc-fdaf-4ade-b55e-f33c7111bf95\",\"attributes\":{\"kind\":[\"workspace\"]}}]',NULL,'CLIENT_ROLE'),('799329e5-56e2-40a8-8df3-21bbe6868995',1755591021856,'org1','UPDATE','9643073e-80de-4254-9166-5c75e800fbb5','1bb141eb-f6ea-4e73-a5c5-9902dd89cd08','11e8c7e0-cfb5-45f4-be0c-87c51eccd434','172.18.0.6',NULL,'{\"enabled\":true}',NULL,'REALM'),('79b5ca44-ac4c-4bd4-944d-397ed708e9c8',1755591049935,'org3','ACTION','9643073e-80de-4254-9166-5c75e800fbb5','1bb141eb-f6ea-4e73-a5c5-9902dd89cd08','11e8c7e0-cfb5-45f4-be0c-87c51eccd434','172.18.0.6','clients/e62b98f4-f0ba-4212-b0c6-f96497dfbf00/client-secret','{\"type\":\"secret\",\"value\":\"SS7uqLeCZeVpH8LlVk9CdqLjLpli3jYF\"}',NULL,'CLIENT'),('7b3c0783-82ca-4d45-92e9-ccb728b2afd5',1755591080694,'org5','CREATE','9643073e-80de-4254-9166-5c75e800fbb5','1bb141eb-f6ea-4e73-a5c5-9902dd89cd08','11e8c7e0-cfb5-45f4-be0c-87c51eccd434','172.18.0.6','clients/65f6db45-0ad5-4094-92a4-606ec7018502/roles/_organization-manager','{\"id\":\"ed8d9449-9273-4cd8-98c3-84cb5b87fc8f\",\"name\":\"_organization-manager\",\"composite\":false,\"attributes\":{\"kind\":[\"organization\"]}}',NULL,'CLIENT_ROLE'),('7b4f169e-7f85-494c-a623-9d7b757dbe32',1755591025831,'org1','CREATE','org1','742e6a45-dd6c-42b9-8bac-676ee77ef264','e9eccc79-6f5f-478a-9277-6ae4bea39d98','172.18.0.6','users/52e0b689-8b97-48c6-b85c-861f6daf5497/role-mappings/clients/fc17abd5-4aba-48b9-a5e2-1a070c96267d','[{\"id\":\"e0d18af3-62f5-4fd7-9da8-cbdeaaf3aec2\",\"name\":\"_ws2-admin\",\"composite\":true,\"clientRole\":true,\"containerId\":\"fc17abd5-4aba-48b9-a5e2-1a070c96267d\",\"attributes\":{\"kind\":[\"workspace\"]}}]',NULL,'CLIENT_ROLE_MAPPING'),('7c4244aa-8dbb-455a-be42-d433b284841f',1755591050035,'org3','CREATE','9643073e-80de-4254-9166-5c75e800fbb5','1bb141eb-f6ea-4e73-a5c5-9902dd89cd08','11e8c7e0-cfb5-45f4-be0c-87c51eccd434','172.18.0.6','clients/d137d744-bd8f-4564-a08a-42c321fcd1ef/roles/_og-role-usr','{\"id\":\"e314c58f-8258-4295-a281-a3453784098a\",\"name\":\"_og-role-usr\",\"composite\":false}',NULL,'CLIENT_ROLE'),('7d54a755-500a-4d10-90b4-44aed2b13367',1755591087624,'org5','CREATE','org5','8fc726dc-fdaf-4ade-b55e-f33c7111bf95','9a65e6ea-bcd8-41e4-9003-727e8b57e54b','172.18.0.6','clients/65f6db45-0ad5-4094-92a4-606ec7018502/roles/_ws2-ansible-execution-agent/composites','[{\"id\":\"b6560c2f-f57b-4e22-a3e3-212717466cc4\",\"name\":\"ws2\",\"composite\":false,\"clientRole\":true,\"containerId\":\"8fc726dc-fdaf-4ade-b55e-f33c7111bf95\",\"attributes\":{\"kind\":[\"workspace\"]}}]',NULL,'CLIENT_ROLE'),('7f165c12-e2be-411a-86d4-04ce7560d980',1755591018354,'org1','CREATE','9643073e-80de-4254-9166-5c75e800fbb5','1bb141eb-f6ea-4e73-a5c5-9902dd89cd08','11e8c7e0-cfb5-45f4-be0c-87c51eccd434','172.18.0.6','clients/742e6a45-dd6c-42b9-8bac-676ee77ef264/roles/_og-role-usr','{\"id\":\"1f467f11-cc05-45f8-a7ca-3edcc7b60a51\",\"name\":\"_og-role-usr\",\"composite\":false}',NULL,'CLIENT_ROLE'),('80b7bc59-c09f-4a47-8d14-9270f2c03375',1755591038103,'org2','UPDATE','9643073e-80de-4254-9166-5c75e800fbb5','1bb141eb-f6ea-4e73-a5c5-9902dd89cd08','11e8c7e0-cfb5-45f4-be0c-87c51eccd434','172.18.0.6',NULL,'{\"enabled\":true}',NULL,'REALM'),('8114a201-ec9e-4498-a279-e75c80c72c84',1755591066180,'org4','CREATE','9643073e-80de-4254-9166-5c75e800fbb5','1bb141eb-f6ea-4e73-a5c5-9902dd89cd08','11e8c7e0-cfb5-45f4-be0c-87c51eccd434','172.18.0.6','clients/61d92538-9a22-412e-b7a4-661fb81930ee','{\"id\":\"61d92538-9a22-412e-b7a4-661fb81930ee\",\"clientId\":\"org4\",\"surrogateAuthRequired\":false,\"enabled\":true,\"alwaysDisplayInConsole\":false,\"clientAuthenticatorType\":\"client-secret\",\"redirectUris\":[\"/*\"],\"webOrigins\":[],\"notBefore\":0,\"bearerOnly\":false,\"consentRequired\":false,\"standardFlowEnabled\":true,\"implicitFlowEnabled\":false,\"directAccessGrantsEnabled\":true,\"serviceAccountsEnabled\":false,\"publicClient\":true,\"frontchannelLogout\":false,\"protocol\":\"openid-connect\",\"attributes\":{\"post.logout.redirect.uris\":\"/*\",\"id.token.as.detached.signature\":\"false\",\"saml.assertion.signature\":\"false\",\"saml.force.post.binding\":\"false\",\"saml.multivalued.roles\":\"false\",\"saml.encrypt\":\"false\",\"oauth2.device.authorization.grant.enabled\":\"false\",\"backchannel.logout.revoke.offline.tokens\":\"false\",\"saml.server.signature\":\"false\",\"saml.server.signature.keyinfo.ext\":\"false\",\"use.refresh.tokens\":\"true\",\"exclude.session.state.from.auth.response\":\"false\",\"oidc.ciba.grant.enabled\":\"false\",\"saml.artifact.binding\":\"false\",\"backchannel.logout.session.required\":\"true\",\"client_credentials.use_refresh_token\":\"false\",\"saml_force_name_id_format\":\"false\",\"require.pushed.authorization.requests\":\"false\",\"saml.client.signature\":\"false\",\"tls.client.certificate.bound.access.tokens\":\"false\",\"saml.authnstatement\":\"false\",\"display.on.consent.screen\":\"false\",\"saml.onetimeuse.condition\":\"false\"},\"authenticationFlowBindingOverrides\":{},\"fullScopeAllowed\":true,\"nodeReRegistrationTimeout\":-1,\"defaultClientScopes\":[\"web-origins\",\"profile\",\"roles\",\"email\"],\"optionalClientScopes\":[\"address\",\"phone\",\"offline_access\",\"microprofile-jwt\"],\"access\":{\"view\":true,\"configure\":true,\"manage\":true}}',NULL,'CLIENT'),('814b4d9d-2d55-466b-8cb9-9fbf447fa252',1755591035468,'org2','CREATE','9643073e-80de-4254-9166-5c75e800fbb5','1bb141eb-f6ea-4e73-a5c5-9902dd89cd08','11e8c7e0-cfb5-45f4-be0c-87c51eccd434','172.18.0.6','clients/2e4723a1-d81b-4639-bb6b-9f411f27d91d/roles/_organization-user-manager/composites','[{\"id\":\"34c1f2c5-f962-44d3-8c5d-b0a990b259f3\",\"name\":\"_og-usr-mt\",\"composite\":false,\"clientRole\":true,\"containerId\":\"25395b94-d108-4733-bde2-275d838f2ad2\",\"attributes\":{}},{\"id\":\"d285209e-8a7e-4afe-8efb-7bc939fd2791\",\"name\":\"_og-ws-role-usr\",\"composite\":false,\"clientRole\":true,\"containerId\":\"25395b94-d108-4733-bde2-275d838f2ad2\",\"attributes\":{}}]',NULL,'CLIENT_ROLE'),('818a8d83-294e-4c89-ba09-e15b8b26604a',1755591022227,'org1','CREATE','org1','742e6a45-dd6c-42b9-8bac-676ee77ef264','e9eccc79-6f5f-478a-9277-6ae4bea39d98','172.18.0.6','clients/fc17abd5-4aba-48b9-a5e2-1a070c96267d/roles/_ws1-oase-agent','{\"id\":\"d2dad045-c6d7-4c29-af76-f4e86fabbfe1\",\"name\":\"_ws1-oase-agent\",\"composite\":false,\"attributes\":{\"kind\":[\"workspace\"]}}',NULL,'CLIENT_ROLE'),('8217a761-b11f-4af2-8587-3cbc68526a61',1755591080899,'org5','CREATE','9643073e-80de-4254-9166-5c75e800fbb5','1bb141eb-f6ea-4e73-a5c5-9902dd89cd08','11e8c7e0-cfb5-45f4-be0c-87c51eccd434','172.18.0.6','clients/65f6db45-0ad5-4094-92a4-606ec7018502/roles/_organization-manager/composites','[{\"id\":\"980ddc38-deaa-4137-b303-aa412195c84f\",\"name\":\"_og-upd\",\"composite\":false,\"clientRole\":true,\"containerId\":\"8fc726dc-fdaf-4ade-b55e-f33c7111bf95\",\"attributes\":{}},{\"id\":\"982d5c3e-5f02-445f-a967-c8e04581968e\",\"name\":\"_og-own-mt\",\"composite\":false,\"clientRole\":true,\"containerId\":\"8fc726dc-fdaf-4ade-b55e-f33c7111bf95\",\"attributes\":{}},{\"id\":\"7c8a21cc-8f7c-40a9-bef1-00f4fa64e03d\",\"name\":\"_og-role-usr\",\"composite\":false,\"clientRole\":true,\"containerId\":\"8fc726dc-fdaf-4ade-b55e-f33c7111bf95\",\"attributes\":{}},{\"id\":\"611039d6-ae7d-4385-8a2b-b47e027b2d06\",\"name\":\"_og-usage\",\"composite\":false,\"clientRole\":true,\"containerId\":\"8fc726dc-fdaf-4ade-b55e-f33c7111bf95\",\"attributes\":{}},{\"id\":\"a07fa6bc-e49f-434c-8e1e-cc5d19673e4d\",\"name\":\"_og-usr-mt\",\"composite\":false,\"clientRole\":true,\"containerId\":\"8fc726dc-fdaf-4ade-b55e-f33c7111bf95\",\"attributes\":{}},{\"id\":\"cbe54869-d9e4-45cf-a9ac-36c97968715d\",\"name\":\"_og-ws-role-mt\",\"composite\":false,\"clientRole\":true,\"containerId\":\"8fc726dc-fdaf-4ade-b55e-f33c7111bf95\",\"attributes\":{}},{\"id\":\"5ea6a27f-391f-4182-9f2e-e9490602560f\",\"name\":\"_og-ws-role-usr\",\"composite\":false,\"clientRole\":true,\"containerId\":\"8fc726dc-fdaf-4ade-b55e-f33c7111bf95\",\"attributes\":{}},{\"id\":\"1a28d016-59a5-49b4-80c8-92f09abd1204\",\"name\":\"_og-ws-mt\",\"composite\":false,\"clientRole\":true,\"containerId\":\"8fc726dc-fdaf-4ade-b55e-f33c7111bf95\",\"attributes\":{}},{\"id\":\"274a3a7f-6c60-4086-b522-c57cdcb6c898\",\"name\":\"_og-audit-log\",\"composite\":false,\"clientRole\":true,\"containerId\":\"8fc726dc-fdaf-4ade-b55e-f33c7111bf95\",\"attributes\":{}},{\"id\":\"6a85e567-9896-491f-97c8-9ed1af824478\",\"name\":\"manage-identity-providers\",\"description\":\"${role_manage-identity-providers}\",\"composite\":false,\"clientRole\":true,\"containerId\":\"3f50a502-35ff-41a2-8166-3b8afa0fdd66\",\"attributes\":{}},{\"id\":\"74816fcb-c4a6-4c97-9527-39ba49dd0c84\",\"name\":\"view-identity-providers\",\"description\":\"${role_view-identity-providers}\",\"composite\":false,\"clientRole\":true,\"containerId\":\"3f50a502-35ff-41a2-8166-3b8afa0fdd66\",\"attributes\":{}},{\"id\":\"6d3b25cf-5b0f-4bcb-b540-98c5161173a1\",\"name\":\"view-realm\",\"description\":\"${role_view-realm}\",\"composite\":false,\"clientRole\":true,\"containerId\":\"3f50a502-35ff-41a2-8166-3b8afa0fdd66\",\"attributes\":{}},{\"id\":\"b4c8a1cb-baba-4f1c-83d5-355ebf01d974\",\"name\":\"view-clients\",\"description\":\"${role_view-clients}\",\"composite\":true,\"clientRole\":true,\"containerId\":\"3f50a502-35ff-41a2-8166-3b8afa0fdd66\",\"attributes\":{}},{\"id\":\"5a7379c0-9dc5-4423-b103-2d1750629efc\",\"name\":\"manage-realm\",\"description\":\"${role_manage-realm}\",\"composite\":false,\"clientRole\":true,\"containerId\":\"3f50a502-35ff-41a2-8166-3b8afa0fdd66\",\"attributes\":{}}]',NULL,'CLIENT_ROLE'),('82a836f0-01c0-474c-b333-9a9b78fb077c',1755591038304,'org2','CREATE','org2','25395b94-d108-4733-bde2-275d838f2ad2','f01d8325-1d93-43f5-8d50-6f4011b117c6','172.18.0.6','clients/2e4723a1-d81b-4639-bb6b-9f411f27d91d/roles/_ws1-admin','{\"id\":\"d9d40d55-1204-44e2-9dc4-4bc3bdfa42cc\",\"name\":\"_ws1-admin\",\"composite\":false,\"attributes\":{\"kind\":[\"workspace\"]}}',NULL,'CLIENT_ROLE'),('82e58f16-3db7-4236-bb70-c5fa107fadc0',1755591029516,'org1','CREATE','org1','742e6a45-dd6c-42b9-8bac-676ee77ef264','e9eccc79-6f5f-478a-9277-6ae4bea39d98','172.18.0.6','clients/742e6a45-dd6c-42b9-8bac-676ee77ef264/roles/ws3','{\"id\":\"5549ac43-0569-43a5-95aa-03ef6547a892\",\"name\":\"ws3\",\"composite\":false,\"attributes\":{\"kind\":[\"workspace\"]}}',NULL,'CLIENT_ROLE'),('83cff59a-8fa2-4ae1-a039-bff696ba3938',1755591025900,'org1','CREATE','org1','742e6a45-dd6c-42b9-8bac-676ee77ef264','e9eccc79-6f5f-478a-9277-6ae4bea39d98','172.18.0.6','clients/fc17abd5-4aba-48b9-a5e2-1a070c96267d/roles/_ws2-oase-agent','{\"id\":\"35778e49-d1bf-475d-9f90-4fd3c7e6f4ef\",\"name\":\"_ws2-oase-agent\",\"composite\":false,\"attributes\":{\"kind\":[\"workspace\"]}}',NULL,'CLIENT_ROLE'),('8455243d-917b-45a9-8162-e6396dd0ba49',1755591038462,'org2','CREATE','org2','25395b94-d108-4733-bde2-275d838f2ad2','f01d8325-1d93-43f5-8d50-6f4011b117c6','172.18.0.6','clients/2e4723a1-d81b-4639-bb6b-9f411f27d91d/roles/_ws1-oase-agent/composites','[{\"id\":\"f5a667a7-6e62-4214-83c2-fcd74aa5a0ef\",\"name\":\"ws1\",\"composite\":false,\"clientRole\":true,\"containerId\":\"25395b94-d108-4733-bde2-275d838f2ad2\",\"attributes\":{\"kind\":[\"workspace\"]}}]',NULL,'CLIENT_ROLE'),('84e5e491-ec83-4569-95b9-976c17b30929',1755591080587,'org5','CREATE','9643073e-80de-4254-9166-5c75e800fbb5','1bb141eb-f6ea-4e73-a5c5-9902dd89cd08','11e8c7e0-cfb5-45f4-be0c-87c51eccd434','172.18.0.6','clients/8fc726dc-fdaf-4ade-b55e-f33c7111bf95/roles/_og-role-usr','{\"id\":\"7c8a21cc-8f7c-40a9-bef1-00f4fa64e03d\",\"name\":\"_og-role-usr\",\"composite\":false}',NULL,'CLIENT_ROLE'),('869e5c51-d152-41d2-a454-237ce7ce3fca',1755591029659,'org1','CREATE','org1','742e6a45-dd6c-42b9-8bac-676ee77ef264','e9eccc79-6f5f-478a-9277-6ae4bea39d98','172.18.0.6','clients/fc17abd5-4aba-48b9-a5e2-1a070c96267d/roles/_ws3-ansible-execution-agent','{\"id\":\"484b8207-d766-4cc3-9172-e132ca6dc832\",\"name\":\"_ws3-ansible-execution-agent\",\"composite\":false,\"attributes\":{\"kind\":[\"workspace\"]}}',NULL,'CLIENT_ROLE'),('86b0dab7-bd2e-4e87-a087-2e37caa2c836',1755591038342,'org2','CREATE','org2','25395b94-d108-4733-bde2-275d838f2ad2','f01d8325-1d93-43f5-8d50-6f4011b117c6','172.18.0.6','clients/2e4723a1-d81b-4639-bb6b-9f411f27d91d/roles/_ws1-admin/composites','[{\"id\":\"f5a667a7-6e62-4214-83c2-fcd74aa5a0ef\",\"name\":\"ws1\",\"composite\":false,\"clientRole\":true,\"containerId\":\"25395b94-d108-4733-bde2-275d838f2ad2\",\"attributes\":{\"kind\":[\"workspace\"]}},{\"id\":\"37f64ccd-1cae-4ce7-8566-1a990ccab7d4\",\"name\":\"_ws1-admin\",\"composite\":false,\"clientRole\":true,\"containerId\":\"25395b94-d108-4733-bde2-275d838f2ad2\",\"attributes\":{\"kind\":[\"workspace\"]}}]',NULL,'CLIENT_ROLE'),('87312800-1e60-4156-8299-fe0ba26adacd',1755591083746,'org5','CREATE','org5','8fc726dc-fdaf-4ade-b55e-f33c7111bf95','9a65e6ea-bcd8-41e4-9003-727e8b57e54b','172.18.0.6','clients/8fc726dc-fdaf-4ade-b55e-f33c7111bf95/roles/_ws1-admin','{\"id\":\"83e34751-5196-4229-8562-0834cf915f1e\",\"name\":\"_ws1-admin\",\"composite\":false,\"attributes\":{\"kind\":[\"workspace\"]}}',NULL,'CLIENT_ROLE'),('8c803dab-8035-4718-8fac-7adc9530033b',1755591075209,'org4','CREATE','org4','a0940068-fbaf-4ef7-a62c-c38b71f55474','da698bab-f61b-455a-9d24-9128e9515c92','172.18.0.6','clients/a0940068-fbaf-4ef7-a62c-c38b71f55474/roles/_ws3-admin','{\"id\":\"7cf7d1e7-fc35-4df5-913d-5f9741eaef2e\",\"name\":\"_ws3-admin\",\"composite\":false,\"attributes\":{\"kind\":[\"workspace\"]}}',NULL,'CLIENT_ROLE'),('8cf1200c-0b94-4894-a18a-53b08a3bf23c',1755591050397,'org3','CREATE','9643073e-80de-4254-9166-5c75e800fbb5','1bb141eb-f6ea-4e73-a5c5-9902dd89cd08','11e8c7e0-cfb5-45f4-be0c-87c51eccd434','172.18.0.6','clients/91dc2268-6b73-482b-b0d1-7756adb51d46/roles/_organization-user-role-manager/composites','[{\"id\":\"0dfb0ead-c2c5-4aa0-b982-03e413573b30\",\"name\":\"_og-usr-mt\",\"composite\":false,\"clientRole\":true,\"containerId\":\"d137d744-bd8f-4564-a08a-42c321fcd1ef\",\"attributes\":{}},{\"id\":\"eb87ecc9-ad8f-45d4-9fa0-b26d6df75558\",\"name\":\"_og-ws-role-mt\",\"composite\":false,\"clientRole\":true,\"containerId\":\"d137d744-bd8f-4564-a08a-42c321fcd1ef\",\"attributes\":{}},{\"id\":\"e2c4ad12-9149-4502-9839-140ffaf7a6d2\",\"name\":\"_og-ws-role-usr\",\"composite\":false,\"clientRole\":true,\"containerId\":\"d137d744-bd8f-4564-a08a-42c321fcd1ef\",\"attributes\":{}}]',NULL,'CLIENT_ROLE'),('8d1cf06e-cfd7-4582-b779-89913ad369e0',1755591087614,'org5','CREATE','org5','8fc726dc-fdaf-4ade-b55e-f33c7111bf95','9a65e6ea-bcd8-41e4-9003-727e8b57e54b','172.18.0.6','clients/65f6db45-0ad5-4094-92a4-606ec7018502/roles/_ws2-ansible-execution-agent','{\"id\":\"78c0fe07-2d9c-41b9-be8c-14b5356a636d\",\"name\":\"_ws2-ansible-execution-agent\",\"composite\":false,\"attributes\":{\"kind\":[\"workspace\"]}}',NULL,'CLIENT_ROLE'),('8ea52c46-f322-45bb-b49b-92be8a4e9b66',1755591034830,'org2','CREATE','9643073e-80de-4254-9166-5c75e800fbb5','1bb141eb-f6ea-4e73-a5c5-9902dd89cd08','11e8c7e0-cfb5-45f4-be0c-87c51eccd434','172.18.0.6','clients/76398bcb-f02f-4ff0-b900-032f46596814','{\"id\":\"76398bcb-f02f-4ff0-b900-032f46596814\",\"clientId\":\"_org2-api\",\"surrogateAuthRequired\":false,\"enabled\":true,\"alwaysDisplayInConsole\":false,\"clientAuthenticatorType\":\"client-secret\",\"redirectUris\":[],\"webOrigins\":[],\"notBefore\":0,\"bearerOnly\":false,\"consentRequired\":false,\"standardFlowEnabled\":false,\"implicitFlowEnabled\":false,\"directAccessGrantsEnabled\":true,\"serviceAccountsEnabled\":false,\"publicClient\":true,\"frontchannelLogout\":false,\"protocol\":\"openid-connect\",\"attributes\":{\"access.token.lifespan\":\"86400\",\"saml.force.post.binding\":\"false\",\"saml.multivalued.roles\":\"false\",\"frontchannel.logout.session.required\":\"false\",\"oauth2.device.authorization.grant.enabled\":\"false\",\"backchannel.logout.revoke.offline.tokens\":\"false\",\"saml.server.signature.keyinfo.ext\":\"false\",\"use.refresh.tokens\":\"true\",\"oidc.ciba.grant.enabled\":\"false\",\"backchannel.logout.session.required\":\"true\",\"client_credentials.use_refresh_token\":\"false\",\"require.pushed.authorization.requests\":\"false\",\"saml.client.signature\":\"false\",\"client.session.max.lifespan\":\"86400\",\"saml.allow.ecp.flow\":\"false\",\"client.session.idle.timeout\":\"86400\",\"id.token.as.detached.signature\":\"false\",\"saml.assertion.signature\":\"false\",\"saml.encrypt\":\"false\",\"saml.server.signature\":\"false\",\"exclude.session.state.from.auth.response\":\"false\",\"saml.artifact.binding\":\"false\",\"saml_force_name_id_format\":\"false\",\"acr.loa.map\":\"{}\",\"tls.client.certificate.bound.access.tokens\":\"false\",\"saml.authnstatement\":\"false\",\"display.on.consent.screen\":\"false\",\"token.response.type.bearer.lower-case\":\"false\",\"saml.onetimeuse.condition\":\"false\"},\"authenticationFlowBindingOverrides\":{},\"fullScopeAllowed\":true,\"nodeReRegistrationTimeout\":-1,\"defaultClientScopes\":[\"web-origins\",\"acr\",\"profile\",\"roles\",\"email\"],\"optionalClientScopes\":[\"address\",\"phone\",\"offline_access\",\"microprofile-jwt\"]}',NULL,'CLIENT'),('8fef7454-d52a-49cb-8fb8-c193abb39809',1755591035107,'org2','CREATE','9643073e-80de-4254-9166-5c75e800fbb5','1bb141eb-f6ea-4e73-a5c5-9902dd89cd08','11e8c7e0-cfb5-45f4-be0c-87c51eccd434','172.18.0.6','clients/2e4723a1-d81b-4639-bb6b-9f411f27d91d/roles/_organization-manager','{\"id\":\"25f712e7-1c59-4307-b7ea-e884108d3320\",\"name\":\"_organization-manager\",\"composite\":false,\"attributes\":{\"kind\":[\"organization\"]}}',NULL,'CLIENT_ROLE'),('903d26ab-7b07-402a-9dec-d97917dadd0d',1755591057059,'org3','CREATE','org3','d137d744-bd8f-4564-a08a-42c321fcd1ef','57df7deb-9bdd-41da-8092-d56544d6ede7','172.18.0.6','clients/91dc2268-6b73-482b-b0d1-7756adb51d46/roles/_ws2-ansible-execution-agent/composites','[{\"id\":\"4b687421-46dc-476c-9a5a-7ebf2e613728\",\"name\":\"ws2\",\"composite\":false,\"clientRole\":true,\"containerId\":\"d137d744-bd8f-4564-a08a-42c321fcd1ef\",\"attributes\":{\"kind\":[\"workspace\"]}}]',NULL,'CLIENT_ROLE'),('93703bc4-79d1-4d7e-83db-45eccf8a0f92',1755591019003,'org1','CREATE','9643073e-80de-4254-9166-5c75e800fbb5','1bb141eb-f6ea-4e73-a5c5-9902dd89cd08','11e8c7e0-cfb5-45f4-be0c-87c51eccd434','172.18.0.6','clients/fc17abd5-4aba-48b9-a5e2-1a070c96267d/roles/_organization-user-manager/composites','[{\"id\":\"16dd1507-03fa-483c-8b46-359573483a8c\",\"name\":\"_og-usr-mt\",\"composite\":false,\"clientRole\":true,\"containerId\":\"742e6a45-dd6c-42b9-8bac-676ee77ef264\",\"attributes\":{}},{\"id\":\"88a7ae48-12e5-49e7-a7f3-ec8fa908c649\",\"name\":\"_og-ws-role-usr\",\"composite\":false,\"clientRole\":true,\"containerId\":\"742e6a45-dd6c-42b9-8bac-676ee77ef264\",\"attributes\":{}}]',NULL,'CLIENT_ROLE'),('9458ad21-8ad3-42ae-ad90-518bd3793dd1',1755591066929,'org4','CREATE','9643073e-80de-4254-9166-5c75e800fbb5','1bb141eb-f6ea-4e73-a5c5-9902dd89cd08','11e8c7e0-cfb5-45f4-be0c-87c51eccd434','172.18.0.6','users/da698bab-f61b-455a-9d24-9128e9515c92/role-mappings/clients/318e9877-e404-46cd-82a4-e2787db90b65','[{\"id\":\"95574367-34a7-4196-ac78-1bc355f43933\",\"name\":\"realm-admin\",\"description\":\"${role_realm-admin}\",\"composite\":true,\"clientRole\":true,\"containerId\":\"318e9877-e404-46cd-82a4-e2787db90b65\",\"attributes\":{}}]',NULL,'CLIENT_ROLE_MAPPING'),('953ce433-063d-4d85-8d92-a6cc12d0e8fb',1755591090958,'org5','CREATE','org5','8fc726dc-fdaf-4ade-b55e-f33c7111bf95','9a65e6ea-bcd8-41e4-9003-727e8b57e54b','172.18.0.6','clients/8fc726dc-fdaf-4ade-b55e-f33c7111bf95/roles/_ws3-admin','{\"id\":\"9656ff84-c381-45d8-84fe-4fb7deb400ff\",\"name\":\"_ws3-admin\",\"composite\":false,\"attributes\":{\"kind\":[\"workspace\"]}}',NULL,'CLIENT_ROLE'),('97cacb75-1c30-4132-85a5-1de5a8395cd8',1755591057026,'org3','CREATE','org3','d137d744-bd8f-4564-a08a-42c321fcd1ef','57df7deb-9bdd-41da-8092-d56544d6ede7','172.18.0.6','users/eb0170e4-dc33-4912-a268-052b8234c43c/role-mappings/clients/91dc2268-6b73-482b-b0d1-7756adb51d46','[{\"id\":\"35de38dc-9fc5-4d67-a8a2-88feb557bf39\",\"name\":\"_ws2-admin\",\"composite\":true,\"clientRole\":true,\"containerId\":\"91dc2268-6b73-482b-b0d1-7756adb51d46\",\"attributes\":{\"kind\":[\"workspace\"]}}]',NULL,'CLIENT_ROLE_MAPPING'),('98979ace-2a84-4e63-9e1a-24ec6e9b37a0',1755591081020,'org5','CREATE','9643073e-80de-4254-9166-5c75e800fbb5','1bb141eb-f6ea-4e73-a5c5-9902dd89cd08','11e8c7e0-cfb5-45f4-be0c-87c51eccd434','172.18.0.6','clients/65f6db45-0ad5-4094-92a4-606ec7018502/roles/_organization-user-manager/composites','[{\"id\":\"a07fa6bc-e49f-434c-8e1e-cc5d19673e4d\",\"name\":\"_og-usr-mt\",\"composite\":false,\"clientRole\":true,\"containerId\":\"8fc726dc-fdaf-4ade-b55e-f33c7111bf95\",\"attributes\":{}},{\"id\":\"5ea6a27f-391f-4182-9f2e-e9490602560f\",\"name\":\"_og-ws-role-usr\",\"composite\":false,\"clientRole\":true,\"containerId\":\"8fc726dc-fdaf-4ade-b55e-f33c7111bf95\",\"attributes\":{}}]',NULL,'CLIENT_ROLE'),('996540c5-f842-4822-8226-8b737cca43dc',1755591083867,'org5','CREATE','org5','8fc726dc-fdaf-4ade-b55e-f33c7111bf95','9a65e6ea-bcd8-41e4-9003-727e8b57e54b','172.18.0.6','clients/65f6db45-0ad5-4094-92a4-606ec7018502/roles/_ws1-oase-agent','{\"id\":\"9664eae8-c7d9-458f-9826-9f808a38defd\",\"name\":\"_ws1-oase-agent\",\"composite\":false,\"attributes\":{\"kind\":[\"workspace\"]}}',NULL,'CLIENT_ROLE'),('99ff952b-c4de-47a3-ab82-8ebd53c96dbc',1755591025804,'org1','CREATE','org1','742e6a45-dd6c-42b9-8bac-676ee77ef264','e9eccc79-6f5f-478a-9277-6ae4bea39d98','172.18.0.6','clients/fc17abd5-4aba-48b9-a5e2-1a070c96267d/roles/_ws2-admin/composites','[{\"id\":\"6fc18984-33cb-4a45-9e14-9c56eb8a310f\",\"name\":\"ws2\",\"composite\":false,\"clientRole\":true,\"containerId\":\"742e6a45-dd6c-42b9-8bac-676ee77ef264\",\"attributes\":{\"kind\":[\"workspace\"]}},{\"id\":\"a394ed9e-c1ab-4eba-b255-6cf18c7dad81\",\"name\":\"_ws2-admin\",\"composite\":false,\"clientRole\":true,\"containerId\":\"742e6a45-dd6c-42b9-8bac-676ee77ef264\",\"attributes\":{\"kind\":[\"workspace\"]}}]',NULL,'CLIENT_ROLE'),('9ca42e0a-0340-4357-b3d4-f75393557bd4',1755591053103,'org3','CREATE','org3','d137d744-bd8f-4564-a08a-42c321fcd1ef','57df7deb-9bdd-41da-8092-d56544d6ede7','172.18.0.6','clients/d137d744-bd8f-4564-a08a-42c321fcd1ef/roles/_ws1-admin','{\"id\":\"fc54d871-1aaf-4038-9051-ee7b3f34f689\",\"name\":\"_ws1-admin\",\"composite\":false,\"attributes\":{\"kind\":[\"workspace\"]}}',NULL,'CLIENT_ROLE'),('9cb22fbe-e486-45ec-bc9d-a13557aa0580',1755591080629,'org5','CREATE','9643073e-80de-4254-9166-5c75e800fbb5','1bb141eb-f6ea-4e73-a5c5-9902dd89cd08','11e8c7e0-cfb5-45f4-be0c-87c51eccd434','172.18.0.6','clients/8fc726dc-fdaf-4ade-b55e-f33c7111bf95/roles/_og-ws-role-usr','{\"id\":\"5ea6a27f-391f-4182-9f2e-e9490602560f\",\"name\":\"_og-ws-role-usr\",\"composite\":false}',NULL,'CLIENT_ROLE'),('9e3b69f5-1ac4-4ddf-89bf-5eda39315517',1755591022070,'org1','CREATE','org1','742e6a45-dd6c-42b9-8bac-676ee77ef264','e9eccc79-6f5f-478a-9277-6ae4bea39d98','172.18.0.6','clients/742e6a45-dd6c-42b9-8bac-676ee77ef264/roles/_ws1-admin','{\"id\":\"e4b4e9b1-2dde-4d00-92e1-bd5932a99ff1\",\"name\":\"_ws1-admin\",\"composite\":false,\"attributes\":{\"kind\":[\"workspace\"]}}',NULL,'CLIENT_ROLE'),('9f95b417-0f34-4b7c-8baf-837267581131',1755591066303,'org4','ACTION','9643073e-80de-4254-9166-5c75e800fbb5','1bb141eb-f6ea-4e73-a5c5-9902dd89cd08','11e8c7e0-cfb5-45f4-be0c-87c51eccd434','172.18.0.6','clients/438356cc-9d72-4f49-97ff-91bbea97f232/client-secret','{\"type\":\"secret\",\"value\":\"oyNmuEpvcuWcuffVxIlbq3u2yti93uVi\"}',NULL,'CLIENT'),('9fa1183b-ec5b-46a3-aa85-b9a2b3056966',1755591041627,'org2','CREATE','org2','25395b94-d108-4733-bde2-275d838f2ad2','f01d8325-1d93-43f5-8d50-6f4011b117c6','172.18.0.6','clients/25395b94-d108-4733-bde2-275d838f2ad2/roles/ws2','{\"id\":\"d1dc780e-4b81-4f73-96da-c9579299e532\",\"name\":\"ws2\",\"composite\":false,\"attributes\":{\"kind\":[\"workspace\"]}}',NULL,'CLIENT_ROLE'),('9fc3d749-fbe1-40fa-9987-e315126abdce',1755591075310,'org4','CREATE','org4','a0940068-fbaf-4ef7-a62c-c38b71f55474','da698bab-f61b-455a-9d24-9128e9515c92','172.18.0.6','clients/61d92538-9a22-412e-b7a4-661fb81930ee/roles/_ws3-ansible-execution-agent/composites','[{\"id\":\"2e3c84b8-ecea-4073-b301-763cd220ca30\",\"name\":\"ws3\",\"composite\":false,\"clientRole\":true,\"containerId\":\"a0940068-fbaf-4ef7-a62c-c38b71f55474\",\"attributes\":{\"kind\":[\"workspace\"]}}]',NULL,'CLIENT_ROLE'),('a19e8a77-3201-4e04-a90c-b82e123c2535',1755591080577,'org5','CREATE','9643073e-80de-4254-9166-5c75e800fbb5','1bb141eb-f6ea-4e73-a5c5-9902dd89cd08','11e8c7e0-cfb5-45f4-be0c-87c51eccd434','172.18.0.6','clients/8fc726dc-fdaf-4ade-b55e-f33c7111bf95/roles/_og-own-mt','{\"id\":\"982d5c3e-5f02-445f-a967-c8e04581968e\",\"name\":\"_og-own-mt\",\"composite\":false}',NULL,'CLIENT_ROLE'),('a3f600bd-cd5a-43b6-af9a-2b5947ea1b41',1755591057071,'org3','CREATE','org3','d137d744-bd8f-4564-a08a-42c321fcd1ef','57df7deb-9bdd-41da-8092-d56544d6ede7','172.18.0.6','clients/91dc2268-6b73-482b-b0d1-7756adb51d46/roles/_ws2-oase-agent','{\"id\":\"11b6dd1b-b952-4b8a-8e3f-e094cb41a387\",\"name\":\"_ws2-oase-agent\",\"composite\":false,\"attributes\":{\"kind\":[\"workspace\"]}}',NULL,'CLIENT_ROLE'),('a3f8c18c-cebc-4a2f-9f85-29e739a09dde',1755591080355,'org5','ACTION','9643073e-80de-4254-9166-5c75e800fbb5','1bb141eb-f6ea-4e73-a5c5-9902dd89cd08','11e8c7e0-cfb5-45f4-be0c-87c51eccd434','172.18.0.6','clients/19960f2a-7858-4e31-88cf-84e8e028af03/client-secret','{\"type\":\"secret\",\"value\":\"WavpPV5WsYEdAR9NnlodA5vy7hZz9DKe\"}',NULL,'CLIENT'),('a5ef2574-52ed-41c6-ad52-6a4b2629f2ee',1755591087536,'org5','CREATE','org5','8fc726dc-fdaf-4ade-b55e-f33c7111bf95','9a65e6ea-bcd8-41e4-9003-727e8b57e54b','172.18.0.6','clients/65f6db45-0ad5-4094-92a4-606ec7018502/roles/_ws2-admin','{\"id\":\"e215219d-ebb0-4fd3-8301-0d1f01617938\",\"name\":\"_ws2-admin\",\"composite\":false,\"attributes\":{\"kind\":[\"workspace\"]}}',NULL,'CLIENT_ROLE'),('a6feeb22-950d-4b91-b3fb-dfe5db545d07',1755591034570,'org2','ACTION','9643073e-80de-4254-9166-5c75e800fbb5','1bb141eb-f6ea-4e73-a5c5-9902dd89cd08','11e8c7e0-cfb5-45f4-be0c-87c51eccd434','172.18.0.6','clients/25395b94-d108-4733-bde2-275d838f2ad2/client-secret','{\"type\":\"secret\",\"value\":\"0jLCoU2q6Rrp3KwksEsVyb0ykn0lc455\"}',NULL,'CLIENT'),('a781ebb9-02c0-4d9f-9ed7-758f50abe2ec',1755591051129,'org3','CREATE','9643073e-80de-4254-9166-5c75e800fbb5','1bb141eb-f6ea-4e73-a5c5-9902dd89cd08','11e8c7e0-cfb5-45f4-be0c-87c51eccd434','172.18.0.6','users/eb0170e4-dc33-4912-a268-052b8234c43c/role-mappings/clients/91dc2268-6b73-482b-b0d1-7756adb51d46','[{\"id\":\"67bcc725-9186-4811-82c0-63bcc893d806\",\"name\":\"_organization-manager\",\"composite\":true,\"clientRole\":true,\"containerId\":\"91dc2268-6b73-482b-b0d1-7756adb51d46\",\"attributes\":{\"kind\":[\"organization\"]}}]',NULL,'CLIENT_ROLE_MAPPING'),('a7a91cac-9fd6-4951-8281-9a3e28bc79d4',1755591050061,'org3','CREATE','9643073e-80de-4254-9166-5c75e800fbb5','1bb141eb-f6ea-4e73-a5c5-9902dd89cd08','11e8c7e0-cfb5-45f4-be0c-87c51eccd434','172.18.0.6','clients/d137d744-bd8f-4564-a08a-42c321fcd1ef/roles/_og-usr-mt','{\"id\":\"0dfb0ead-c2c5-4aa0-b982-03e413573b30\",\"name\":\"_og-usr-mt\",\"composite\":false}',NULL,'CLIENT_ROLE'),('a83b2fb6-a969-4440-b178-a6eb15de432c',1755591066419,'org4','CREATE','9643073e-80de-4254-9166-5c75e800fbb5','1bb141eb-f6ea-4e73-a5c5-9902dd89cd08','11e8c7e0-cfb5-45f4-be0c-87c51eccd434','172.18.0.6','clients/a0940068-fbaf-4ef7-a62c-c38b71f55474/roles/_og-ws-role-mt','{\"id\":\"a8a37711-ee09-401a-b267-fd011287b0f0\",\"name\":\"_og-ws-role-mt\",\"composite\":false}',NULL,'CLIENT_ROLE'),('aabebba9-2be5-46d1-b196-25d9121e6599',1755591071801,'org4','CREATE','org4','a0940068-fbaf-4ef7-a62c-c38b71f55474','da698bab-f61b-455a-9d24-9128e9515c92','172.18.0.6','clients/61d92538-9a22-412e-b7a4-661fb81930ee/roles/_ws2-admin','{\"id\":\"b9b38803-20b2-42f7-83cb-f6520681f9b4\",\"name\":\"_ws2-admin\",\"composite\":false,\"attributes\":{\"kind\":[\"workspace\"]}}',NULL,'CLIENT_ROLE'),('ab79ed1d-2056-4c76-930c-b37e2c7e4be6',1755591083842,'org5','CREATE','org5','8fc726dc-fdaf-4ade-b55e-f33c7111bf95','9a65e6ea-bcd8-41e4-9003-727e8b57e54b','172.18.0.6','clients/65f6db45-0ad5-4094-92a4-606ec7018502/roles/_ws1-ansible-execution-agent','{\"id\":\"dcac98d8-f7f2-45bb-8fd5-c05eeac3d40d\",\"name\":\"_ws1-ansible-execution-agent\",\"composite\":false,\"attributes\":{\"kind\":[\"workspace\"]}}',NULL,'CLIENT_ROLE'),('ad71dc89-3d4f-42ad-8417-a260ad25a31d',1755591056960,'org3','CREATE','org3','d137d744-bd8f-4564-a08a-42c321fcd1ef','57df7deb-9bdd-41da-8092-d56544d6ede7','172.18.0.6','clients/91dc2268-6b73-482b-b0d1-7756adb51d46/roles/_ws2-admin','{\"id\":\"35de38dc-9fc5-4d67-a8a2-88feb557bf39\",\"name\":\"_ws2-admin\",\"composite\":false,\"attributes\":{\"kind\":[\"workspace\"]}}',NULL,'CLIENT_ROLE'),('af913ff3-ab8d-4754-b42a-5151e243a9ee',1755591080520,'org5','ACTION','9643073e-80de-4254-9166-5c75e800fbb5','1bb141eb-f6ea-4e73-a5c5-9902dd89cd08','11e8c7e0-cfb5-45f4-be0c-87c51eccd434','172.18.0.6','clients/ddf659f2-e655-434e-994d-cb9c7daef9dd/client-secret','{\"type\":\"secret\",\"value\":\"atBVkm9cWGiTRCpMzCPRSaPOD72jwi4S\"}',NULL,'CLIENT'),('b1656549-5572-4903-95c4-a91be8e6f621',1755591075337,'org4','CREATE','org4','a0940068-fbaf-4ef7-a62c-c38b71f55474','da698bab-f61b-455a-9d24-9128e9515c92','172.18.0.6','clients/61d92538-9a22-412e-b7a4-661fb81930ee/roles/_ws3-oase-agent/composites','[{\"id\":\"2e3c84b8-ecea-4073-b301-763cd220ca30\",\"name\":\"ws3\",\"composite\":false,\"clientRole\":true,\"containerId\":\"a0940068-fbaf-4ef7-a62c-c38b71f55474\",\"attributes\":{\"kind\":[\"workspace\"]}}]',NULL,'CLIENT_ROLE'),('b2c855d9-ba09-4227-83eb-8556e3ef9785',1755591038432,'org2','CREATE','org2','25395b94-d108-4733-bde2-275d838f2ad2','f01d8325-1d93-43f5-8d50-6f4011b117c6','172.18.0.6','clients/2e4723a1-d81b-4639-bb6b-9f411f27d91d/roles/_ws1-ansible-execution-agent/composites','[{\"id\":\"f5a667a7-6e62-4214-83c2-fcd74aa5a0ef\",\"name\":\"ws1\",\"composite\":false,\"clientRole\":true,\"containerId\":\"25395b94-d108-4733-bde2-275d838f2ad2\",\"attributes\":{\"kind\":[\"workspace\"]}}]',NULL,'CLIENT_ROLE'),('b2f820dd-492b-458f-bf91-9f105863381f',1755591091110,'org5','CREATE','org5','8fc726dc-fdaf-4ade-b55e-f33c7111bf95','9a65e6ea-bcd8-41e4-9003-727e8b57e54b','172.18.0.6','clients/65f6db45-0ad5-4094-92a4-606ec7018502/roles/_ws3-oase-agent/composites','[{\"id\":\"e64d6af9-89e0-4324-b5f3-ee16c91824f3\",\"name\":\"ws3\",\"composite\":false,\"clientRole\":true,\"containerId\":\"8fc726dc-fdaf-4ade-b55e-f33c7111bf95\",\"attributes\":{\"kind\":[\"workspace\"]}}]',NULL,'CLIENT_ROLE'),('b3716cf3-b05c-4575-852f-35b75e8efb5d',1755591018231,'org1','ACTION','9643073e-80de-4254-9166-5c75e800fbb5','1bb141eb-f6ea-4e73-a5c5-9902dd89cd08','11e8c7e0-cfb5-45f4-be0c-87c51eccd434','172.18.0.6','clients/d0b0c1e6-ea07-4ac5-b32b-dacc23704ee1/client-secret','{\"type\":\"secret\",\"value\":\"RWFaXKGUlsoeD2sKayZ0HjGIGzSwDc3A\"}',NULL,'CLIENT'),('b409f17a-da05-470f-ae6c-46f8b823ce0c',1755591045307,'org2','CREATE','org2','25395b94-d108-4733-bde2-275d838f2ad2','f01d8325-1d93-43f5-8d50-6f4011b117c6','172.18.0.6','clients/2e4723a1-d81b-4639-bb6b-9f411f27d91d/roles/_ws3-ansible-execution-agent/composites','[{\"id\":\"b447b11e-d67a-4b60-a8ba-fd761b94fd58\",\"name\":\"ws3\",\"composite\":false,\"clientRole\":true,\"containerId\":\"25395b94-d108-4733-bde2-275d838f2ad2\",\"attributes\":{\"kind\":[\"workspace\"]}}]',NULL,'CLIENT_ROLE'),('b4222628-92bf-4124-ac58-10281f44b908',1755591029599,'org1','CREATE','org1','742e6a45-dd6c-42b9-8bac-676ee77ef264','e9eccc79-6f5f-478a-9277-6ae4bea39d98','172.18.0.6','clients/fc17abd5-4aba-48b9-a5e2-1a070c96267d/roles/_ws3-admin/composites','[{\"id\":\"5549ac43-0569-43a5-95aa-03ef6547a892\",\"name\":\"ws3\",\"composite\":false,\"clientRole\":true,\"containerId\":\"742e6a45-dd6c-42b9-8bac-676ee77ef264\",\"attributes\":{\"kind\":[\"workspace\"]}},{\"id\":\"454bb2b0-f7d4-4427-ba1e-e4aa8ce303e2\",\"name\":\"_ws3-admin\",\"composite\":false,\"clientRole\":true,\"containerId\":\"742e6a45-dd6c-42b9-8bac-676ee77ef264\",\"attributes\":{\"kind\":[\"workspace\"]}}]',NULL,'CLIENT_ROLE'),('b46e9d62-a0f2-44f2-b542-ff063e1c9c4c',1755591019091,'org1','CREATE','9643073e-80de-4254-9166-5c75e800fbb5','1bb141eb-f6ea-4e73-a5c5-9902dd89cd08','11e8c7e0-cfb5-45f4-be0c-87c51eccd434','172.18.0.6','users/e9eccc79-6f5f-478a-9277-6ae4bea39d98/role-mappings/clients/3e5528d0-4651-41dd-8b09-eab39bf2a102','[{\"id\":\"8c1e2842-b510-4ac2-bb5b-78e8beaa58cf\",\"name\":\"realm-admin\",\"description\":\"${role_realm-admin}\",\"composite\":true,\"clientRole\":true,\"containerId\":\"3e5528d0-4651-41dd-8b09-eab39bf2a102\",\"attributes\":{}}]',NULL,'CLIENT_ROLE_MAPPING'),('b47df4e4-93ec-4c70-9ac8-37a06d8c216a',1755591035430,'org2','CREATE','9643073e-80de-4254-9166-5c75e800fbb5','1bb141eb-f6ea-4e73-a5c5-9902dd89cd08','11e8c7e0-cfb5-45f4-be0c-87c51eccd434','172.18.0.6','clients/2e4723a1-d81b-4639-bb6b-9f411f27d91d/roles/_organization-user-manager','{\"id\":\"7221b4f3-7798-416c-a3c7-4a0eda49855e\",\"name\":\"_organization-user-manager\",\"composite\":false,\"attributes\":{\"kind\":[\"organization\"]}}',NULL,'CLIENT_ROLE'),('b48a20c3-c36f-484b-85ca-99d04902907a',1755591060712,'org3','CREATE','org3','d137d744-bd8f-4564-a08a-42c321fcd1ef','57df7deb-9bdd-41da-8092-d56544d6ede7','172.18.0.6','clients/91dc2268-6b73-482b-b0d1-7756adb51d46/roles/_ws3-admin','{\"id\":\"1f685442-0fef-44f3-ae10-f2cce234f94d\",\"name\":\"_ws3-admin\",\"composite\":false,\"attributes\":{\"kind\":[\"workspace\"]}}',NULL,'CLIENT_ROLE'),('b48dfa65-4bcf-47d4-b97f-f8af6942dfe0',1755591050183,'org3','CREATE','9643073e-80de-4254-9166-5c75e800fbb5','1bb141eb-f6ea-4e73-a5c5-9902dd89cd08','11e8c7e0-cfb5-45f4-be0c-87c51eccd434','172.18.0.6','clients/91dc2268-6b73-482b-b0d1-7756adb51d46/roles/_organization-manager','{\"id\":\"67bcc725-9186-4811-82c0-63bcc893d806\",\"name\":\"_organization-manager\",\"composite\":false,\"attributes\":{\"kind\":[\"organization\"]}}',NULL,'CLIENT_ROLE'),('b83c9d65-b243-4dd4-96c1-c7630056c0f4',1755591025762,'org1','CREATE','org1','742e6a45-dd6c-42b9-8bac-676ee77ef264','e9eccc79-6f5f-478a-9277-6ae4bea39d98','172.18.0.6','clients/fc17abd5-4aba-48b9-a5e2-1a070c96267d/roles/_ws2-admin','{\"id\":\"e0d18af3-62f5-4fd7-9da8-cbdeaaf3aec2\",\"name\":\"_ws2-admin\",\"composite\":false,\"attributes\":{\"kind\":[\"workspace\"]}}',NULL,'CLIENT_ROLE'),('b83cb220-6956-4d59-b7ae-8513d69d54b6',1755591049904,'org3','CREATE','9643073e-80de-4254-9166-5c75e800fbb5','1bb141eb-f6ea-4e73-a5c5-9902dd89cd08','11e8c7e0-cfb5-45f4-be0c-87c51eccd434','172.18.0.6','clients/e62b98f4-f0ba-4212-b0c6-f96497dfbf00','{\"id\":\"e62b98f4-f0ba-4212-b0c6-f96497dfbf00\",\"clientId\":\"_org3-api\",\"surrogateAuthRequired\":false,\"enabled\":true,\"alwaysDisplayInConsole\":false,\"clientAuthenticatorType\":\"client-secret\",\"redirectUris\":[],\"webOrigins\":[],\"notBefore\":0,\"bearerOnly\":false,\"consentRequired\":false,\"standardFlowEnabled\":false,\"implicitFlowEnabled\":false,\"directAccessGrantsEnabled\":true,\"serviceAccountsEnabled\":false,\"publicClient\":true,\"frontchannelLogout\":false,\"protocol\":\"openid-connect\",\"attributes\":{\"access.token.lifespan\":\"86400\",\"saml.force.post.binding\":\"false\",\"saml.multivalued.roles\":\"false\",\"frontchannel.logout.session.required\":\"false\",\"oauth2.device.authorization.grant.enabled\":\"false\",\"backchannel.logout.revoke.offline.tokens\":\"false\",\"saml.server.signature.keyinfo.ext\":\"false\",\"use.refresh.tokens\":\"true\",\"oidc.ciba.grant.enabled\":\"false\",\"backchannel.logout.session.required\":\"true\",\"client_credentials.use_refresh_token\":\"false\",\"require.pushed.authorization.requests\":\"false\",\"saml.client.signature\":\"false\",\"client.session.max.lifespan\":\"86400\",\"saml.allow.ecp.flow\":\"false\",\"client.session.idle.timeout\":\"86400\",\"id.token.as.detached.signature\":\"false\",\"saml.assertion.signature\":\"false\",\"saml.encrypt\":\"false\",\"saml.server.signature\":\"false\",\"exclude.session.state.from.auth.response\":\"false\",\"saml.artifact.binding\":\"false\",\"saml_force_name_id_format\":\"false\",\"acr.loa.map\":\"{}\",\"tls.client.certificate.bound.access.tokens\":\"false\",\"saml.authnstatement\":\"false\",\"display.on.consent.screen\":\"false\",\"token.response.type.bearer.lower-case\":\"false\",\"saml.onetimeuse.condition\":\"false\"},\"authenticationFlowBindingOverrides\":{},\"fullScopeAllowed\":true,\"nodeReRegistrationTimeout\":-1,\"defaultClientScopes\":[\"web-origins\",\"acr\",\"profile\",\"roles\",\"email\"],\"optionalClientScopes\":[\"address\",\"phone\",\"offline_access\",\"microprofile-jwt\"]}',NULL,'CLIENT'),('b8bce2ca-2247-4118-849f-58601a31dea8',1755591038415,'org2','CREATE','org2','25395b94-d108-4733-bde2-275d838f2ad2','f01d8325-1d93-43f5-8d50-6f4011b117c6','172.18.0.6','clients/2e4723a1-d81b-4639-bb6b-9f411f27d91d/roles/_ws1-ansible-execution-agent','{\"id\":\"64954460-a397-42f0-bcaf-b938dbcaf6b6\",\"name\":\"_ws1-ansible-execution-agent\",\"composite\":false,\"attributes\":{\"kind\":[\"workspace\"]}}',NULL,'CLIENT_ROLE'),('b9ea6bf9-cdd6-40f7-9cf4-dee6b2248469',1755591035039,'org2','CREATE','9643073e-80de-4254-9166-5c75e800fbb5','1bb141eb-f6ea-4e73-a5c5-9902dd89cd08','11e8c7e0-cfb5-45f4-be0c-87c51eccd434','172.18.0.6','clients/25395b94-d108-4733-bde2-275d838f2ad2/roles/_og-ws-mt','{\"id\":\"11a8e9c4-558b-4ce8-b2c9-4487bafa1090\",\"name\":\"_og-ws-mt\",\"composite\":false}',NULL,'CLIENT_ROLE'),('bbe5cdc0-bb31-4775-9de2-2ac52e68db2e',1755591038449,'org2','CREATE','org2','25395b94-d108-4733-bde2-275d838f2ad2','f01d8325-1d93-43f5-8d50-6f4011b117c6','172.18.0.6','clients/2e4723a1-d81b-4639-bb6b-9f411f27d91d/roles/_ws1-oase-agent','{\"id\":\"a5802ab6-01b1-4309-b143-7168733970f1\",\"name\":\"_ws1-oase-agent\",\"composite\":false,\"attributes\":{\"kind\":[\"workspace\"]}}',NULL,'CLIENT_ROLE'),('bd2d557a-9937-484d-b344-26c92ef147f1',1755591087504,'org5','CREATE','org5','8fc726dc-fdaf-4ade-b55e-f33c7111bf95','9a65e6ea-bcd8-41e4-9003-727e8b57e54b','172.18.0.6','clients/8fc726dc-fdaf-4ade-b55e-f33c7111bf95/roles/ws2','{\"id\":\"b6560c2f-f57b-4e22-a3e3-212717466cc4\",\"name\":\"ws2\",\"composite\":false,\"attributes\":{\"kind\":[\"workspace\"]}}',NULL,'CLIENT_ROLE'),('bd790149-7a58-478d-8016-4fbaed159762',1755591080652,'org5','CREATE','9643073e-80de-4254-9166-5c75e800fbb5','1bb141eb-f6ea-4e73-a5c5-9902dd89cd08','11e8c7e0-cfb5-45f4-be0c-87c51eccd434','172.18.0.6','clients/8fc726dc-fdaf-4ade-b55e-f33c7111bf95/roles/_og-audit-log','{\"id\":\"274a3a7f-6c60-4086-b522-c57cdcb6c898\",\"name\":\"_og-audit-log\",\"composite\":false}',NULL,'CLIENT_ROLE'),('bdceed16-5832-4da1-8654-390c570ccf2c',1755591050101,'org3','CREATE','9643073e-80de-4254-9166-5c75e800fbb5','1bb141eb-f6ea-4e73-a5c5-9902dd89cd08','11e8c7e0-cfb5-45f4-be0c-87c51eccd434','172.18.0.6','clients/d137d744-bd8f-4564-a08a-42c321fcd1ef/roles/_og-ws-role-usr','{\"id\":\"e2c4ad12-9149-4502-9839-140ffaf7a6d2\",\"name\":\"_og-ws-role-usr\",\"composite\":false}',NULL,'CLIENT_ROLE'),('be361ee6-4c2a-4977-975d-852f1c1c24a2',1755591060840,'org3','CREATE','org3','d137d744-bd8f-4564-a08a-42c321fcd1ef','57df7deb-9bdd-41da-8092-d56544d6ede7','172.18.0.6','clients/91dc2268-6b73-482b-b0d1-7756adb51d46/roles/_ws3-oase-agent','{\"id\":\"3c2cdb34-2ea6-4e73-b7ed-c027bd45bdeb\",\"name\":\"_ws3-oase-agent\",\"composite\":false,\"attributes\":{\"kind\":[\"workspace\"]}}',NULL,'CLIENT_ROLE'),('bf20649f-e768-4f9f-ab19-8b0d57a07b99',1755591018080,'org1','CREATE','9643073e-80de-4254-9166-5c75e800fbb5','1bb141eb-f6ea-4e73-a5c5-9902dd89cd08','11e8c7e0-cfb5-45f4-be0c-87c51eccd434','172.18.0.6','clients/fc17abd5-4aba-48b9-a5e2-1a070c96267d','{\"id\":\"fc17abd5-4aba-48b9-a5e2-1a070c96267d\",\"clientId\":\"org1\",\"surrogateAuthRequired\":false,\"enabled\":true,\"alwaysDisplayInConsole\":false,\"clientAuthenticatorType\":\"client-secret\",\"redirectUris\":[\"/*\"],\"webOrigins\":[],\"notBefore\":0,\"bearerOnly\":false,\"consentRequired\":false,\"standardFlowEnabled\":true,\"implicitFlowEnabled\":false,\"directAccessGrantsEnabled\":true,\"serviceAccountsEnabled\":false,\"publicClient\":true,\"frontchannelLogout\":false,\"protocol\":\"openid-connect\",\"attributes\":{\"post.logout.redirect.uris\":\"/*\",\"id.token.as.detached.signature\":\"false\",\"saml.assertion.signature\":\"false\",\"saml.force.post.binding\":\"false\",\"saml.multivalued.roles\":\"false\",\"saml.encrypt\":\"false\",\"oauth2.device.authorization.grant.enabled\":\"false\",\"backchannel.logout.revoke.offline.tokens\":\"false\",\"saml.server.signature\":\"false\",\"saml.server.signature.keyinfo.ext\":\"false\",\"use.refresh.tokens\":\"true\",\"exclude.session.state.from.auth.response\":\"false\",\"oidc.ciba.grant.enabled\":\"false\",\"saml.artifact.binding\":\"false\",\"backchannel.logout.session.required\":\"true\",\"client_credentials.use_refresh_token\":\"false\",\"saml_force_name_id_format\":\"false\",\"require.pushed.authorization.requests\":\"false\",\"saml.client.signature\":\"false\",\"tls.client.certificate.bound.access.tokens\":\"false\",\"saml.authnstatement\":\"false\",\"display.on.consent.screen\":\"false\",\"saml.onetimeuse.condition\":\"false\"},\"authenticationFlowBindingOverrides\":{},\"fullScopeAllowed\":true,\"nodeReRegistrationTimeout\":-1,\"defaultClientScopes\":[\"web-origins\",\"profile\",\"roles\",\"email\"],\"optionalClientScopes\":[\"address\",\"phone\",\"offline_access\",\"microprofile-jwt\"],\"access\":{\"view\":true,\"configure\":true,\"manage\":true}}',NULL,'CLIENT'),('bfdc47ce-eca8-47d3-a37a-5548327d0bf7',1755591071867,'org4','CREATE','org4','a0940068-fbaf-4ef7-a62c-c38b71f55474','da698bab-f61b-455a-9d24-9128e9515c92','172.18.0.6','users/87e9d871-9812-4e8f-9ae8-25b1de8007c3/role-mappings/clients/61d92538-9a22-412e-b7a4-661fb81930ee','[{\"id\":\"b9b38803-20b2-42f7-83cb-f6520681f9b4\",\"name\":\"_ws2-admin\",\"composite\":true,\"clientRole\":true,\"containerId\":\"61d92538-9a22-412e-b7a4-661fb81930ee\",\"attributes\":{\"kind\":[\"workspace\"]}}]',NULL,'CLIENT_ROLE_MAPPING'),('c0e311c1-f622-44d5-9843-bc467cb415bc',1755591066369,'org4','CREATE','9643073e-80de-4254-9166-5c75e800fbb5','1bb141eb-f6ea-4e73-a5c5-9902dd89cd08','11e8c7e0-cfb5-45f4-be0c-87c51eccd434','172.18.0.6','clients/a0940068-fbaf-4ef7-a62c-c38b71f55474/roles/_og-own-mt','{\"id\":\"0cd1ffc6-bc97-4ee0-94a3-4e06605e1da0\",\"name\":\"_og-own-mt\",\"composite\":false}',NULL,'CLIENT_ROLE'),('c1dd5bca-fbaa-424f-86a0-89fb56cb34c8',1755591035055,'org2','CREATE','9643073e-80de-4254-9166-5c75e800fbb5','1bb141eb-f6ea-4e73-a5c5-9902dd89cd08','11e8c7e0-cfb5-45f4-be0c-87c51eccd434','172.18.0.6','clients/25395b94-d108-4733-bde2-275d838f2ad2/roles/_og-audit-log','{\"id\":\"386d6f45-e3fc-4a35-b1d7-5c90d41d97e8\",\"name\":\"_og-audit-log\",\"composite\":false}',NULL,'CLIENT_ROLE'),('c26537d1-0697-431d-95e1-81249368df8c',1755591018314,'org1','CREATE','9643073e-80de-4254-9166-5c75e800fbb5','1bb141eb-f6ea-4e73-a5c5-9902dd89cd08','11e8c7e0-cfb5-45f4-be0c-87c51eccd434','172.18.0.6','clients/742e6a45-dd6c-42b9-8bac-676ee77ef264/roles/_og-upd','{\"id\":\"20a5468d-4ae2-483a-a77b-7a5fcf0a9d6b\",\"name\":\"_og-upd\",\"composite\":false}',NULL,'CLIENT_ROLE'),('c26a6f03-0507-4eb9-a5bf-f0580638290b',1755591053250,'org3','CREATE','org3','d137d744-bd8f-4564-a08a-42c321fcd1ef','57df7deb-9bdd-41da-8092-d56544d6ede7','172.18.0.6','clients/91dc2268-6b73-482b-b0d1-7756adb51d46/roles/_ws1-oase-agent','{\"id\":\"9a69d67b-6e12-423a-abee-348efff81bd4\",\"name\":\"_ws1-oase-agent\",\"composite\":false,\"attributes\":{\"kind\":[\"workspace\"]}}',NULL,'CLIENT_ROLE'),('c322e2bb-a8d7-419b-a54f-8a8300503404',1755591068545,'org4','CREATE','org4','a0940068-fbaf-4ef7-a62c-c38b71f55474','da698bab-f61b-455a-9d24-9128e9515c92','172.18.0.6','clients/61d92538-9a22-412e-b7a4-661fb81930ee/roles/_ws1-admin/composites','[{\"id\":\"1c9b31c7-9def-4212-945b-11f238e342f8\",\"name\":\"ws1\",\"composite\":false,\"clientRole\":true,\"containerId\":\"a0940068-fbaf-4ef7-a62c-c38b71f55474\",\"attributes\":{\"kind\":[\"workspace\"]}},{\"id\":\"6e3ce2dd-1ced-4609-a88e-91d00ebb440c\",\"name\":\"_ws1-admin\",\"composite\":false,\"clientRole\":true,\"containerId\":\"a0940068-fbaf-4ef7-a62c-c38b71f55474\",\"attributes\":{\"kind\":[\"workspace\"]}}]',NULL,'CLIENT_ROLE'),('c4cd7aa3-524f-4581-ae59-00b733053625',1755591071907,'org4','CREATE','org4','a0940068-fbaf-4ef7-a62c-c38b71f55474','da698bab-f61b-455a-9d24-9128e9515c92','172.18.0.6','clients/61d92538-9a22-412e-b7a4-661fb81930ee/roles/_ws2-ansible-execution-agent/composites','[{\"id\":\"34666c82-3aa3-4de1-9953-636ffed9e16e\",\"name\":\"ws2\",\"composite\":false,\"clientRole\":true,\"containerId\":\"a0940068-fbaf-4ef7-a62c-c38b71f55474\",\"attributes\":{\"kind\":[\"workspace\"]}}]',NULL,'CLIENT_ROLE'),('c50b5efa-a453-49ef-94f4-4499960bddba',1755591034736,'org2','CREATE','9643073e-80de-4254-9166-5c75e800fbb5','1bb141eb-f6ea-4e73-a5c5-9902dd89cd08','11e8c7e0-cfb5-45f4-be0c-87c51eccd434','172.18.0.6','clients/2e4723a1-d81b-4639-bb6b-9f411f27d91d','{\"id\":\"2e4723a1-d81b-4639-bb6b-9f411f27d91d\",\"clientId\":\"org2\",\"surrogateAuthRequired\":false,\"enabled\":true,\"alwaysDisplayInConsole\":false,\"clientAuthenticatorType\":\"client-secret\",\"redirectUris\":[\"/*\"],\"webOrigins\":[],\"notBefore\":0,\"bearerOnly\":false,\"consentRequired\":false,\"standardFlowEnabled\":true,\"implicitFlowEnabled\":false,\"directAccessGrantsEnabled\":true,\"serviceAccountsEnabled\":false,\"publicClient\":true,\"frontchannelLogout\":false,\"protocol\":\"openid-connect\",\"attributes\":{\"post.logout.redirect.uris\":\"/*\",\"id.token.as.detached.signature\":\"false\",\"saml.assertion.signature\":\"false\",\"saml.force.post.binding\":\"false\",\"saml.multivalued.roles\":\"false\",\"saml.encrypt\":\"false\",\"oauth2.device.authorization.grant.enabled\":\"false\",\"backchannel.logout.revoke.offline.tokens\":\"false\",\"saml.server.signature\":\"false\",\"saml.server.signature.keyinfo.ext\":\"false\",\"use.refresh.tokens\":\"true\",\"exclude.session.state.from.auth.response\":\"false\",\"oidc.ciba.grant.enabled\":\"false\",\"saml.artifact.binding\":\"false\",\"backchannel.logout.session.required\":\"true\",\"client_credentials.use_refresh_token\":\"false\",\"saml_force_name_id_format\":\"false\",\"require.pushed.authorization.requests\":\"false\",\"saml.client.signature\":\"false\",\"tls.client.certificate.bound.access.tokens\":\"false\",\"saml.authnstatement\":\"false\",\"display.on.consent.screen\":\"false\",\"saml.onetimeuse.condition\":\"false\"},\"authenticationFlowBindingOverrides\":{},\"fullScopeAllowed\":true,\"nodeReRegistrationTimeout\":-1,\"defaultClientScopes\":[\"web-origins\",\"profile\",\"roles\",\"email\"],\"optionalClientScopes\":[\"address\",\"phone\",\"offline_access\",\"microprofile-jwt\"],\"access\":{\"view\":true,\"configure\":true,\"manage\":true}}',NULL,'CLIENT'),('c60c081f-111a-4886-b4dd-48d485d0ea0f',1755591035010,'org2','CREATE','9643073e-80de-4254-9166-5c75e800fbb5','1bb141eb-f6ea-4e73-a5c5-9902dd89cd08','11e8c7e0-cfb5-45f4-be0c-87c51eccd434','172.18.0.6','clients/25395b94-d108-4733-bde2-275d838f2ad2/roles/_og-ws-role-mt','{\"id\":\"541b2ce5-3475-4c0e-aa5b-4a5b973aa4e1\",\"name\":\"_og-ws-role-mt\",\"composite\":false}',NULL,'CLIENT_ROLE'),('c61e5915-4c80-496a-8fab-fbec3072ec48',1755591050073,'org3','CREATE','9643073e-80de-4254-9166-5c75e800fbb5','1bb141eb-f6ea-4e73-a5c5-9902dd89cd08','11e8c7e0-cfb5-45f4-be0c-87c51eccd434','172.18.0.6','clients/d137d744-bd8f-4564-a08a-42c321fcd1ef/roles/_og-ws-role-mt','{\"id\":\"eb87ecc9-ad8f-45d4-9fa0-b26d6df75558\",\"name\":\"_og-ws-role-mt\",\"composite\":false}',NULL,'CLIENT_ROLE'),('c7633900-d94f-4d03-ab81-c79928d69978',1755591060763,'org3','CREATE','org3','d137d744-bd8f-4564-a08a-42c321fcd1ef','57df7deb-9bdd-41da-8092-d56544d6ede7','172.18.0.6','clients/91dc2268-6b73-482b-b0d1-7756adb51d46/roles/_ws3-admin/composites','[{\"id\":\"a6991074-464f-4d30-883f-823245ae8f2c\",\"name\":\"ws3\",\"composite\":false,\"clientRole\":true,\"containerId\":\"d137d744-bd8f-4564-a08a-42c321fcd1ef\",\"attributes\":{\"kind\":[\"workspace\"]}},{\"id\":\"75d03edf-048f-4584-b70a-7e47482292f0\",\"name\":\"_ws3-admin\",\"composite\":false,\"clientRole\":true,\"containerId\":\"d137d744-bd8f-4564-a08a-42c321fcd1ef\",\"attributes\":{\"kind\":[\"workspace\"]}}]',NULL,'CLIENT_ROLE'),('c7cc73a6-8177-4ee1-8286-cf044604198d',1755591080641,'org5','CREATE','9643073e-80de-4254-9166-5c75e800fbb5','1bb141eb-f6ea-4e73-a5c5-9902dd89cd08','11e8c7e0-cfb5-45f4-be0c-87c51eccd434','172.18.0.6','clients/8fc726dc-fdaf-4ade-b55e-f33c7111bf95/roles/_og-ws-mt','{\"id\":\"1a28d016-59a5-49b4-80c8-92f09abd1204\",\"name\":\"_og-ws-mt\",\"composite\":false}',NULL,'CLIENT_ROLE'),('c813d18a-22cc-4a23-9bb9-2cf85da6a101',1755591018434,'org1','CREATE','9643073e-80de-4254-9166-5c75e800fbb5','1bb141eb-f6ea-4e73-a5c5-9902dd89cd08','11e8c7e0-cfb5-45f4-be0c-87c51eccd434','172.18.0.6','clients/742e6a45-dd6c-42b9-8bac-676ee77ef264/roles/_og-ws-role-usr','{\"id\":\"88a7ae48-12e5-49e7-a7f3-ec8fa908c649\",\"name\":\"_og-ws-role-usr\",\"composite\":false}',NULL,'CLIENT_ROLE'),('c8abf8fb-319c-49b9-a43a-abc184d50a83',1755591091098,'org5','CREATE','org5','8fc726dc-fdaf-4ade-b55e-f33c7111bf95','9a65e6ea-bcd8-41e4-9003-727e8b57e54b','172.18.0.6','clients/65f6db45-0ad5-4094-92a4-606ec7018502/roles/_ws3-oase-agent','{\"id\":\"4a4e2004-448e-4013-a7f2-c0a360cc5bfa\",\"name\":\"_ws3-oase-agent\",\"composite\":false,\"attributes\":{\"kind\":[\"workspace\"]}}',NULL,'CLIENT_ROLE'),('c9219fe3-28ab-4eaf-8c2b-11f3cba3f198',1755591034994,'org2','CREATE','9643073e-80de-4254-9166-5c75e800fbb5','1bb141eb-f6ea-4e73-a5c5-9902dd89cd08','11e8c7e0-cfb5-45f4-be0c-87c51eccd434','172.18.0.6','clients/25395b94-d108-4733-bde2-275d838f2ad2/roles/_og-usr-mt','{\"id\":\"34c1f2c5-f962-44d3-8c5d-b0a990b259f3\",\"name\":\"_og-usr-mt\",\"composite\":false}',NULL,'CLIENT_ROLE'),('ca6c9c36-5534-4c66-b7e8-7eaee585a058',1755591080252,'org5','ACTION','9643073e-80de-4254-9166-5c75e800fbb5','1bb141eb-f6ea-4e73-a5c5-9902dd89cd08','11e8c7e0-cfb5-45f4-be0c-87c51eccd434','172.18.0.6','clients/8fc726dc-fdaf-4ade-b55e-f33c7111bf95/client-secret','{\"type\":\"secret\",\"value\":\"FGnwqUIUKHOBbffFlUR6oSoIWILICtKD\"}',NULL,'CLIENT'),('cad9c47d-9b8e-4310-ad11-dca5bf86641b',1755591029535,'org1','CREATE','org1','742e6a45-dd6c-42b9-8bac-676ee77ef264','e9eccc79-6f5f-478a-9277-6ae4bea39d98','172.18.0.6','clients/742e6a45-dd6c-42b9-8bac-676ee77ef264/roles/_ws3-admin','{\"id\":\"454bb2b0-f7d4-4427-ba1e-e4aa8ce303e2\",\"name\":\"_ws3-admin\",\"composite\":false,\"attributes\":{\"kind\":[\"workspace\"]}}',NULL,'CLIENT_ROLE'),('cb5d09a9-7419-46a9-a8c1-6f92cb938280',1755591025883,'org1','CREATE','org1','742e6a45-dd6c-42b9-8bac-676ee77ef264','e9eccc79-6f5f-478a-9277-6ae4bea39d98','172.18.0.6','clients/fc17abd5-4aba-48b9-a5e2-1a070c96267d/roles/_ws2-ansible-execution-agent/composites','[{\"id\":\"6fc18984-33cb-4a45-9e14-9c56eb8a310f\",\"name\":\"ws2\",\"composite\":false,\"clientRole\":true,\"containerId\":\"742e6a45-dd6c-42b9-8bac-676ee77ef264\",\"attributes\":{\"kind\":[\"workspace\"]}}]',NULL,'CLIENT_ROLE'),('cb6f234a-089e-44d6-b297-81134513cf26',1755591041761,'org2','CREATE','org2','25395b94-d108-4733-bde2-275d838f2ad2','f01d8325-1d93-43f5-8d50-6f4011b117c6','172.18.0.6','clients/2e4723a1-d81b-4639-bb6b-9f411f27d91d/roles/_ws2-ansible-execution-agent/composites','[{\"id\":\"d1dc780e-4b81-4f73-96da-c9579299e532\",\"name\":\"ws2\",\"composite\":false,\"clientRole\":true,\"containerId\":\"25395b94-d108-4733-bde2-275d838f2ad2\",\"attributes\":{\"kind\":[\"workspace\"]}}]',NULL,'CLIENT_ROLE'),('cc849c33-fa95-413c-8137-d18f38771f46',1755591091037,'org5','CREATE','org5','8fc726dc-fdaf-4ade-b55e-f33c7111bf95','9a65e6ea-bcd8-41e4-9003-727e8b57e54b','172.18.0.6','users/1be43b9e-0ad6-4401-980f-3ef5a5a6b889/role-mappings/clients/65f6db45-0ad5-4094-92a4-606ec7018502','[{\"id\":\"d8d01d7f-3e5a-4a99-87a7-00a9228aeaf8\",\"name\":\"_ws3-admin\",\"composite\":true,\"clientRole\":true,\"containerId\":\"65f6db45-0ad5-4094-92a4-606ec7018502\",\"attributes\":{\"kind\":[\"workspace\"]}}]',NULL,'CLIENT_ROLE_MAPPING'),('ccabc75a-26a7-40e7-966a-3f79eed3adac',1755591017825,'org1','CREATE','9643073e-80de-4254-9166-5c75e800fbb5','1bb141eb-f6ea-4e73-a5c5-9902dd89cd08','11e8c7e0-cfb5-45f4-be0c-87c51eccd434','172.18.0.6','clients/742e6a45-dd6c-42b9-8bac-676ee77ef264','{\"id\":\"742e6a45-dd6c-42b9-8bac-676ee77ef264\",\"clientId\":\"org1-workspaces\",\"surrogateAuthRequired\":false,\"enabled\":true,\"alwaysDisplayInConsole\":false,\"clientAuthenticatorType\":\"client-secret\",\"redirectUris\":[],\"webOrigins\":[],\"notBefore\":0,\"bearerOnly\":false,\"consentRequired\":false,\"standardFlowEnabled\":false,\"implicitFlowEnabled\":false,\"directAccessGrantsEnabled\":true,\"serviceAccountsEnabled\":true,\"publicClient\":false,\"frontchannelLogout\":false,\"protocol\":\"openid-connect\",\"attributes\":{\"id.token.as.detached.signature\":\"false\",\"saml.assertion.signature\":\"false\",\"saml.force.post.binding\":\"false\",\"saml.multivalued.roles\":\"false\",\"saml.encrypt\":\"false\",\"oauth2.device.authorization.grant.enabled\":\"false\",\"backchannel.logout.revoke.offline.tokens\":\"false\",\"saml.server.signature\":\"false\",\"saml.server.signature.keyinfo.ext\":\"false\",\"use.refresh.tokens\":\"true\",\"exclude.session.state.from.auth.response\":\"false\",\"oidc.ciba.grant.enabled\":\"false\",\"saml.artifact.binding\":\"false\",\"backchannel.logout.session.required\":\"true\",\"client_credentials.use_refresh_token\":\"false\",\"saml_force_name_id_format\":\"false\",\"require.pushed.authorization.requests\":\"false\",\"saml.client.signature\":\"false\",\"tls.client.certificate.bound.access.tokens\":\"false\",\"saml.authnstatement\":\"false\",\"display.on.consent.screen\":\"false\",\"saml.onetimeuse.condition\":\"false\"},\"authenticationFlowBindingOverrides\":{},\"fullScopeAllowed\":true,\"nodeReRegistrationTimeout\":-1,\"protocolMappers\":[{\"name\":\"Client Host\",\"protocol\":\"openid-connect\",\"protocolMapper\":\"oidc-usersessionmodel-note-mapper\",\"consentRequired\":false,\"config\":{\"user.session.note\":\"clientHost\",\"userinfo.token.claim\":\"true\",\"id.token.claim\":\"true\",\"access.token.claim\":\"true\",\"claim.name\":\"clientHost\",\"jsonType.label\":\"String\"}},{\"name\":\"Client IP Address\",\"protocol\":\"openid-connect\",\"protocolMapper\":\"oidc-usersessionmodel-note-mapper\",\"consentRequired\":false,\"config\":{\"user.session.note\":\"clientAddress\",\"userinfo.token.claim\":\"true\",\"id.token.claim\":\"true\",\"access.token.claim\":\"true\",\"claim.name\":\"clientAddress\",\"jsonType.label\":\"String\"}},{\"name\":\"Client ID\",\"protocol\":\"openid-connect\",\"protocolMapper\":\"oidc-usersessionmodel-note-mapper\",\"consentRequired\":false,\"config\":{\"user.session.note\":\"clientId\",\"userinfo.token.claim\":\"true\",\"id.token.claim\":\"true\",\"access.token.claim\":\"true\",\"claim.name\":\"clientId\",\"jsonType.label\":\"String\"}}],\"defaultClientScopes\":[\"web-origins\",\"profile\",\"roles\",\"email\"],\"optionalClientScopes\":[\"address\",\"phone\",\"offline_access\",\"microprofile-jwt\"],\"access\":{\"view\":true,\"configure\":true,\"manage\":true}}',NULL,'CLIENT'),('cd11056a-df9b-462a-8c94-e5b630980df6',1755591068635,'org4','CREATE','org4','a0940068-fbaf-4ef7-a62c-c38b71f55474','da698bab-f61b-455a-9d24-9128e9515c92','172.18.0.6','clients/61d92538-9a22-412e-b7a4-661fb81930ee/roles/_ws1-oase-agent/composites','[{\"id\":\"1c9b31c7-9def-4212-945b-11f238e342f8\",\"name\":\"ws1\",\"composite\":false,\"clientRole\":true,\"containerId\":\"a0940068-fbaf-4ef7-a62c-c38b71f55474\",\"attributes\":{\"kind\":[\"workspace\"]}}]',NULL,'CLIENT_ROLE'),('cd797108-1848-413c-85a5-e59429150fc0',1755591080568,'org5','CREATE','9643073e-80de-4254-9166-5c75e800fbb5','1bb141eb-f6ea-4e73-a5c5-9902dd89cd08','11e8c7e0-cfb5-45f4-be0c-87c51eccd434','172.18.0.6','clients/8fc726dc-fdaf-4ade-b55e-f33c7111bf95/roles/_og-upd','{\"id\":\"980ddc38-deaa-4137-b303-aa412195c84f\",\"name\":\"_og-upd\",\"composite\":false}',NULL,'CLIENT_ROLE'),('cd7e700a-10e7-4855-a237-29c25b1b507e',1755591066068,'org4','CREATE','9643073e-80de-4254-9166-5c75e800fbb5','1bb141eb-f6ea-4e73-a5c5-9902dd89cd08','11e8c7e0-cfb5-45f4-be0c-87c51eccd434','172.18.0.6','clients/8fd586fb-6edb-482c-ad94-abe111951d1c','{\"id\":\"8fd586fb-6edb-482c-ad94-abe111951d1c\",\"clientId\":\"system-org4-auth\",\"surrogateAuthRequired\":false,\"enabled\":true,\"alwaysDisplayInConsole\":false,\"clientAuthenticatorType\":\"client-secret\",\"redirectUris\":[],\"webOrigins\":[],\"notBefore\":0,\"bearerOnly\":true,\"consentRequired\":false,\"standardFlowEnabled\":true,\"implicitFlowEnabled\":false,\"directAccessGrantsEnabled\":true,\"serviceAccountsEnabled\":false,\"publicClient\":false,\"frontchannelLogout\":false,\"protocol\":\"openid-connect\",\"attributes\":{\"id.token.as.detached.signature\":\"false\",\"saml.assertion.signature\":\"false\",\"saml.force.post.binding\":\"false\",\"saml.multivalued.roles\":\"false\",\"saml.encrypt\":\"false\",\"oauth2.device.authorization.grant.enabled\":\"false\",\"backchannel.logout.revoke.offline.tokens\":\"false\",\"saml.server.signature\":\"false\",\"saml.server.signature.keyinfo.ext\":\"false\",\"use.refresh.tokens\":\"true\",\"exclude.session.state.from.auth.response\":\"false\",\"oidc.ciba.grant.enabled\":\"false\",\"saml.artifact.binding\":\"false\",\"backchannel.logout.session.required\":\"true\",\"client_credentials.use_refresh_token\":\"false\",\"saml_force_name_id_format\":\"false\",\"require.pushed.authorization.requests\":\"false\",\"saml.client.signature\":\"false\",\"tls.client.certificate.bound.access.tokens\":\"false\",\"saml.authnstatement\":\"false\",\"display.on.consent.screen\":\"false\",\"saml.onetimeuse.condition\":\"false\"},\"authenticationFlowBindingOverrides\":{},\"fullScopeAllowed\":true,\"nodeReRegistrationTimeout\":-1,\"defaultClientScopes\":[\"web-origins\",\"profile\",\"roles\",\"email\"],\"optionalClientScopes\":[\"address\",\"phone\",\"offline_access\",\"microprofile-jwt\"],\"access\":{\"view\":true,\"configure\":true,\"manage\":true}}',NULL,'CLIENT'),('cdb1c781-293a-4c17-8b7b-a7f59c01fd4d',1755591083734,'org5','CREATE','org5','8fc726dc-fdaf-4ade-b55e-f33c7111bf95','9a65e6ea-bcd8-41e4-9003-727e8b57e54b','172.18.0.6','clients/8fc726dc-fdaf-4ade-b55e-f33c7111bf95/roles/ws1','{\"id\":\"ef857485-9a31-44e8-a26d-82e56d05a36b\",\"name\":\"ws1\",\"composite\":false,\"attributes\":{\"kind\":[\"workspace\"]}}',NULL,'CLIENT_ROLE'),('ceae3b18-3b32-4720-a282-2bee930a36c0',1755591045223,'org2','CREATE','org2','25395b94-d108-4733-bde2-275d838f2ad2','f01d8325-1d93-43f5-8d50-6f4011b117c6','172.18.0.6','clients/2e4723a1-d81b-4639-bb6b-9f411f27d91d/roles/_ws3-admin','{\"id\":\"6958e33b-b0c2-4c19-9081-7592d165c555\",\"name\":\"_ws3-admin\",\"composite\":false,\"attributes\":{\"kind\":[\"workspace\"]}}',NULL,'CLIENT_ROLE'),('cf0b7820-d9cf-4dc0-82aa-bf8100ef65b4',1755591060790,'org3','CREATE','org3','d137d744-bd8f-4564-a08a-42c321fcd1ef','57df7deb-9bdd-41da-8092-d56544d6ede7','172.18.0.6','users/eb0170e4-dc33-4912-a268-052b8234c43c/role-mappings/clients/91dc2268-6b73-482b-b0d1-7756adb51d46','[{\"id\":\"1f685442-0fef-44f3-ae10-f2cce234f94d\",\"name\":\"_ws3-admin\",\"composite\":true,\"clientRole\":true,\"containerId\":\"91dc2268-6b73-482b-b0d1-7756adb51d46\",\"attributes\":{\"kind\":[\"workspace\"]}}]',NULL,'CLIENT_ROLE_MAPPING'),('cf1a4dd7-c79c-4e77-ad6c-0531b3eee639',1755591071935,'org4','CREATE','org4','a0940068-fbaf-4ef7-a62c-c38b71f55474','da698bab-f61b-455a-9d24-9128e9515c92','172.18.0.6','clients/61d92538-9a22-412e-b7a4-661fb81930ee/roles/_ws2-oase-agent/composites','[{\"id\":\"34666c82-3aa3-4de1-9953-636ffed9e16e\",\"name\":\"ws2\",\"composite\":false,\"clientRole\":true,\"containerId\":\"a0940068-fbaf-4ef7-a62c-c38b71f55474\",\"attributes\":{\"kind\":[\"workspace\"]}}]',NULL,'CLIENT_ROLE'),('cf4cadb4-da63-42f0-b73e-5cc1abbeb2db',1755591029556,'org1','CREATE','org1','742e6a45-dd6c-42b9-8bac-676ee77ef264','e9eccc79-6f5f-478a-9277-6ae4bea39d98','172.18.0.6','clients/fc17abd5-4aba-48b9-a5e2-1a070c96267d/roles/_ws3-admin','{\"id\":\"ba19c3fc-3a45-434b-84ed-6497d55e257a\",\"name\":\"_ws3-admin\",\"composite\":false,\"attributes\":{\"kind\":[\"workspace\"]}}',NULL,'CLIENT_ROLE'),('d02391ef-8394-4bc2-85fc-bff0b3eeab38',1755591018967,'org1','CREATE','9643073e-80de-4254-9166-5c75e800fbb5','1bb141eb-f6ea-4e73-a5c5-9902dd89cd08','11e8c7e0-cfb5-45f4-be0c-87c51eccd434','172.18.0.6','clients/fc17abd5-4aba-48b9-a5e2-1a070c96267d/roles/_organization-user-manager','{\"id\":\"1365be7b-b01c-4fdf-89e9-e751a99514bf\",\"name\":\"_organization-user-manager\",\"composite\":false,\"attributes\":{\"kind\":[\"organization\"]}}',NULL,'CLIENT_ROLE'),('d0808fb8-02cc-4b98-9ba0-14eb07866b80',1755591080319,'org5','CREATE','9643073e-80de-4254-9166-5c75e800fbb5','1bb141eb-f6ea-4e73-a5c5-9902dd89cd08','11e8c7e0-cfb5-45f4-be0c-87c51eccd434','172.18.0.6','clients/19960f2a-7858-4e31-88cf-84e8e028af03','{\"id\":\"19960f2a-7858-4e31-88cf-84e8e028af03\",\"clientId\":\"system-org5-auth\",\"surrogateAuthRequired\":false,\"enabled\":true,\"alwaysDisplayInConsole\":false,\"clientAuthenticatorType\":\"client-secret\",\"redirectUris\":[],\"webOrigins\":[],\"notBefore\":0,\"bearerOnly\":true,\"consentRequired\":false,\"standardFlowEnabled\":true,\"implicitFlowEnabled\":false,\"directAccessGrantsEnabled\":true,\"serviceAccountsEnabled\":false,\"publicClient\":false,\"frontchannelLogout\":false,\"protocol\":\"openid-connect\",\"attributes\":{\"id.token.as.detached.signature\":\"false\",\"saml.assertion.signature\":\"false\",\"saml.force.post.binding\":\"false\",\"saml.multivalued.roles\":\"false\",\"saml.encrypt\":\"false\",\"oauth2.device.authorization.grant.enabled\":\"false\",\"backchannel.logout.revoke.offline.tokens\":\"false\",\"saml.server.signature\":\"false\",\"saml.server.signature.keyinfo.ext\":\"false\",\"use.refresh.tokens\":\"true\",\"exclude.session.state.from.auth.response\":\"false\",\"oidc.ciba.grant.enabled\":\"false\",\"saml.artifact.binding\":\"false\",\"backchannel.logout.session.required\":\"true\",\"client_credentials.use_refresh_token\":\"false\",\"saml_force_name_id_format\":\"false\",\"require.pushed.authorization.requests\":\"false\",\"saml.client.signature\":\"false\",\"tls.client.certificate.bound.access.tokens\":\"false\",\"saml.authnstatement\":\"false\",\"display.on.consent.screen\":\"false\",\"saml.onetimeuse.condition\":\"false\"},\"authenticationFlowBindingOverrides\":{},\"fullScopeAllowed\":true,\"nodeReRegistrationTimeout\":-1,\"defaultClientScopes\":[\"web-origins\",\"profile\",\"roles\",\"email\"],\"optionalClientScopes\":[\"address\",\"phone\",\"offline_access\",\"microprofile-jwt\"],\"access\":{\"view\":true,\"configure\":true,\"manage\":true}}',NULL,'CLIENT'),('d0acc867-1ba7-4008-ae16-c20d374c84e7',1755591018535,'org1','CREATE','9643073e-80de-4254-9166-5c75e800fbb5','1bb141eb-f6ea-4e73-a5c5-9902dd89cd08','11e8c7e0-cfb5-45f4-be0c-87c51eccd434','172.18.0.6','clients/fc17abd5-4aba-48b9-a5e2-1a070c96267d/roles/_organization-manager','{\"id\":\"ce2805ec-1c55-4678-87d1-8a6981dcdc61\",\"name\":\"_organization-manager\",\"composite\":false,\"attributes\":{\"kind\":[\"organization\"]}}',NULL,'CLIENT_ROLE'),('d0e8cab7-f7de-4350-8a81-301051c81895',1755591036113,'org2','CREATE','9643073e-80de-4254-9166-5c75e800fbb5','1bb141eb-f6ea-4e73-a5c5-9902dd89cd08','11e8c7e0-cfb5-45f4-be0c-87c51eccd434','172.18.0.6','users/2e17e43b-654c-47b3-91fa-35a9cd5e1067','{\"username\":\"admin\",\"firstName\":\"admin\",\"lastName\":\"admin\",\"email\":\"admin@example.com\",\"enabled\":true,\"requiredActions\":[]}',NULL,'USER'),('d2e4c3d1-06f1-4e0f-bfae-706ff72f64fc',1755591056928,'org3','CREATE','org3','d137d744-bd8f-4564-a08a-42c321fcd1ef','57df7deb-9bdd-41da-8092-d56544d6ede7','172.18.0.6','clients/d137d744-bd8f-4564-a08a-42c321fcd1ef/roles/ws2','{\"id\":\"4b687421-46dc-476c-9a5a-7ebf2e613728\",\"name\":\"ws2\",\"composite\":false,\"attributes\":{\"kind\":[\"workspace\"]}}',NULL,'CLIENT_ROLE'),('d2f3ee5d-4555-4d0a-abc7-09d77655f480',1755591050117,'org3','CREATE','9643073e-80de-4254-9166-5c75e800fbb5','1bb141eb-f6ea-4e73-a5c5-9902dd89cd08','11e8c7e0-cfb5-45f4-be0c-87c51eccd434','172.18.0.6','clients/d137d744-bd8f-4564-a08a-42c321fcd1ef/roles/_og-ws-mt','{\"id\":\"0574796d-aa9c-402c-ad8e-b075dc9bd6de\",\"name\":\"_og-ws-mt\",\"composite\":false}',NULL,'CLIENT_ROLE'),('d324aa38-7801-46bf-ac1e-9bda4ef7317c',1755591081692,'org5','CREATE','9643073e-80de-4254-9166-5c75e800fbb5','1bb141eb-f6ea-4e73-a5c5-9902dd89cd08','11e8c7e0-cfb5-45f4-be0c-87c51eccd434','172.18.0.6','users/1be43b9e-0ad6-4401-980f-3ef5a5a6b889','{\"username\":\"admin\",\"firstName\":\"admin\",\"lastName\":\"admin\",\"email\":\"admin@example.com\",\"enabled\":true,\"requiredActions\":[]}',NULL,'USER'),('d61f4720-ae4d-4f7a-95e3-ee80ee0f28eb',1755591080984,'org5','CREATE','9643073e-80de-4254-9166-5c75e800fbb5','1bb141eb-f6ea-4e73-a5c5-9902dd89cd08','11e8c7e0-cfb5-45f4-be0c-87c51eccd434','172.18.0.6','clients/65f6db45-0ad5-4094-92a4-606ec7018502/roles/_organization-user-manager','{\"id\":\"8b683043-211e-4b44-a702-54f1a4ce5346\",\"name\":\"_organization-user-manager\",\"composite\":false,\"attributes\":{\"kind\":[\"organization\"]}}',NULL,'CLIENT_ROLE'),('d70e0b3a-5f4f-4c88-8b93-16e3f0ad4f5f',1755591022214,'org1','CREATE','org1','742e6a45-dd6c-42b9-8bac-676ee77ef264','e9eccc79-6f5f-478a-9277-6ae4bea39d98','172.18.0.6','clients/fc17abd5-4aba-48b9-a5e2-1a070c96267d/roles/_ws1-ansible-execution-agent/composites','[{\"id\":\"6d49a40c-6aea-437a-8772-931795aa2eb7\",\"name\":\"ws1\",\"composite\":false,\"clientRole\":true,\"containerId\":\"742e6a45-dd6c-42b9-8bac-676ee77ef264\",\"attributes\":{\"kind\":[\"workspace\"]}}]',NULL,'CLIENT_ROLE'),('d81c5a08-96e9-4eba-8a14-7c70b189d122',1755591066748,'org4','CREATE','9643073e-80de-4254-9166-5c75e800fbb5','1bb141eb-f6ea-4e73-a5c5-9902dd89cd08','11e8c7e0-cfb5-45f4-be0c-87c51eccd434','172.18.0.6','clients/61d92538-9a22-412e-b7a4-661fb81930ee/roles/_organization-user-role-manager','{\"id\":\"5191daa1-f5e5-4579-bea2-dce8be90d5b1\",\"name\":\"_organization-user-role-manager\",\"composite\":false,\"attributes\":{\"kind\":[\"organization\"]}}',NULL,'CLIENT_ROLE'),('db6693c1-9e53-4c04-81a1-e2ad78be125b',1755591053221,'org3','CREATE','org3','d137d744-bd8f-4564-a08a-42c321fcd1ef','57df7deb-9bdd-41da-8092-d56544d6ede7','172.18.0.6','clients/91dc2268-6b73-482b-b0d1-7756adb51d46/roles/_ws1-ansible-execution-agent','{\"id\":\"f9f46b68-3d18-4b8e-b4c8-e61092f86bfa\",\"name\":\"_ws1-ansible-execution-agent\",\"composite\":false,\"attributes\":{\"kind\":[\"workspace\"]}}',NULL,'CLIENT_ROLE'),('db89b463-aaee-44be-9336-6261ce3e91c3',1755591087519,'org5','CREATE','org5','8fc726dc-fdaf-4ade-b55e-f33c7111bf95','9a65e6ea-bcd8-41e4-9003-727e8b57e54b','172.18.0.6','clients/8fc726dc-fdaf-4ade-b55e-f33c7111bf95/roles/_ws2-admin','{\"id\":\"24917eb1-d781-4f1a-9c27-4b24c82854a3\",\"name\":\"_ws2-admin\",\"composite\":false,\"attributes\":{\"kind\":[\"workspace\"]}}',NULL,'CLIENT_ROLE'),('dc1b4bdd-93a8-4a0b-9089-61308bb0a3f9',1755591071895,'org4','CREATE','org4','a0940068-fbaf-4ef7-a62c-c38b71f55474','da698bab-f61b-455a-9d24-9128e9515c92','172.18.0.6','clients/61d92538-9a22-412e-b7a4-661fb81930ee/roles/_ws2-ansible-execution-agent','{\"id\":\"e0062728-bd29-4496-a250-9043254a7116\",\"name\":\"_ws2-ansible-execution-agent\",\"composite\":false,\"attributes\":{\"kind\":[\"workspace\"]}}',NULL,'CLIENT_ROLE'),('dde2ce56-5380-4d0e-8804-b7d933421cb3',1755591071842,'org4','CREATE','org4','a0940068-fbaf-4ef7-a62c-c38b71f55474','da698bab-f61b-455a-9d24-9128e9515c92','172.18.0.6','clients/61d92538-9a22-412e-b7a4-661fb81930ee/roles/_ws2-admin/composites','[{\"id\":\"34666c82-3aa3-4de1-9953-636ffed9e16e\",\"name\":\"ws2\",\"composite\":false,\"clientRole\":true,\"containerId\":\"a0940068-fbaf-4ef7-a62c-c38b71f55474\",\"attributes\":{\"kind\":[\"workspace\"]}},{\"id\":\"cf2b1444-5e34-419f-be90-33d604ac1d68\",\"name\":\"_ws2-admin\",\"composite\":false,\"clientRole\":true,\"containerId\":\"a0940068-fbaf-4ef7-a62c-c38b71f55474\",\"attributes\":{\"kind\":[\"workspace\"]}}]',NULL,'CLIENT_ROLE'),('df0c1407-2d7e-4766-9b97-00b63d5c984d',1755591050410,'org3','CREATE','9643073e-80de-4254-9166-5c75e800fbb5','1bb141eb-f6ea-4e73-a5c5-9902dd89cd08','11e8c7e0-cfb5-45f4-be0c-87c51eccd434','172.18.0.6','clients/91dc2268-6b73-482b-b0d1-7756adb51d46/roles/_organization-user-manager','{\"id\":\"e4c17f1b-b90e-441b-93a5-b5c224f31c46\",\"name\":\"_organization-user-manager\",\"composite\":false,\"attributes\":{\"kind\":[\"organization\"]}}',NULL,'CLIENT_ROLE'),('dfd8ca36-6394-40c9-a81a-67105ffed210',1755591083822,'org5','CREATE','org5','8fc726dc-fdaf-4ade-b55e-f33c7111bf95','9a65e6ea-bcd8-41e4-9003-727e8b57e54b','172.18.0.6','users/1be43b9e-0ad6-4401-980f-3ef5a5a6b889/role-mappings/clients/65f6db45-0ad5-4094-92a4-606ec7018502','[{\"id\":\"c875a7c9-26fb-4195-96f0-3f689a4f5819\",\"name\":\"_ws1-admin\",\"composite\":true,\"clientRole\":true,\"containerId\":\"65f6db45-0ad5-4094-92a4-606ec7018502\",\"attributes\":{\"kind\":[\"workspace\"]}}]',NULL,'CLIENT_ROLE_MAPPING'),('dff256c8-752a-46dd-bf03-8ce662b48f27',1755591022087,'org1','CREATE','org1','742e6a45-dd6c-42b9-8bac-676ee77ef264','e9eccc79-6f5f-478a-9277-6ae4bea39d98','172.18.0.6','clients/fc17abd5-4aba-48b9-a5e2-1a070c96267d/roles/_ws1-admin','{\"id\":\"ea7f79a8-f9e3-40f2-bd1e-d0213ead58de\",\"name\":\"_ws1-admin\",\"composite\":false,\"attributes\":{\"kind\":[\"workspace\"]}}',NULL,'CLIENT_ROLE'),('e09bd44f-d9dc-4cf0-b1f3-e08cf012e677',1755591080409,'org5','CREATE','9643073e-80de-4254-9166-5c75e800fbb5','1bb141eb-f6ea-4e73-a5c5-9902dd89cd08','11e8c7e0-cfb5-45f4-be0c-87c51eccd434','172.18.0.6','clients/65f6db45-0ad5-4094-92a4-606ec7018502','{\"id\":\"65f6db45-0ad5-4094-92a4-606ec7018502\",\"clientId\":\"org5\",\"surrogateAuthRequired\":false,\"enabled\":true,\"alwaysDisplayInConsole\":false,\"clientAuthenticatorType\":\"client-secret\",\"redirectUris\":[\"/*\"],\"webOrigins\":[],\"notBefore\":0,\"bearerOnly\":false,\"consentRequired\":false,\"standardFlowEnabled\":true,\"implicitFlowEnabled\":false,\"directAccessGrantsEnabled\":true,\"serviceAccountsEnabled\":false,\"publicClient\":true,\"frontchannelLogout\":false,\"protocol\":\"openid-connect\",\"attributes\":{\"post.logout.redirect.uris\":\"/*\",\"id.token.as.detached.signature\":\"false\",\"saml.assertion.signature\":\"false\",\"saml.force.post.binding\":\"false\",\"saml.multivalued.roles\":\"false\",\"saml.encrypt\":\"false\",\"oauth2.device.authorization.grant.enabled\":\"false\",\"backchannel.logout.revoke.offline.tokens\":\"false\",\"saml.server.signature\":\"false\",\"saml.server.signature.keyinfo.ext\":\"false\",\"use.refresh.tokens\":\"true\",\"exclude.session.state.from.auth.response\":\"false\",\"oidc.ciba.grant.enabled\":\"false\",\"saml.artifact.binding\":\"false\",\"backchannel.logout.session.required\":\"true\",\"client_credentials.use_refresh_token\":\"false\",\"saml_force_name_id_format\":\"false\",\"require.pushed.authorization.requests\":\"false\",\"saml.client.signature\":\"false\",\"tls.client.certificate.bound.access.tokens\":\"false\",\"saml.authnstatement\":\"false\",\"display.on.consent.screen\":\"false\",\"saml.onetimeuse.condition\":\"false\"},\"authenticationFlowBindingOverrides\":{},\"fullScopeAllowed\":true,\"nodeReRegistrationTimeout\":-1,\"defaultClientScopes\":[\"web-origins\",\"profile\",\"roles\",\"email\"],\"optionalClientScopes\":[\"address\",\"phone\",\"offline_access\",\"microprofile-jwt\"],\"access\":{\"view\":true,\"configure\":true,\"manage\":true}}',NULL,'CLIENT'),('e0c73bb5-e9b9-42c2-962a-f89b5de523e3',1755591018947,'org1','CREATE','9643073e-80de-4254-9166-5c75e800fbb5','1bb141eb-f6ea-4e73-a5c5-9902dd89cd08','11e8c7e0-cfb5-45f4-be0c-87c51eccd434','172.18.0.6','clients/fc17abd5-4aba-48b9-a5e2-1a070c96267d/roles/_organization-user-role-manager/composites','[{\"id\":\"16dd1507-03fa-483c-8b46-359573483a8c\",\"name\":\"_og-usr-mt\",\"composite\":false,\"clientRole\":true,\"containerId\":\"742e6a45-dd6c-42b9-8bac-676ee77ef264\",\"attributes\":{}},{\"id\":\"404c78c7-a902-4228-9112-c0ffa08cda20\",\"name\":\"_og-ws-role-mt\",\"composite\":false,\"clientRole\":true,\"containerId\":\"742e6a45-dd6c-42b9-8bac-676ee77ef264\",\"attributes\":{}},{\"id\":\"88a7ae48-12e5-49e7-a7f3-ec8fa908c649\",\"name\":\"_og-ws-role-usr\",\"composite\":false,\"clientRole\":true,\"containerId\":\"742e6a45-dd6c-42b9-8bac-676ee77ef264\",\"attributes\":{}}]',NULL,'CLIENT_ROLE'),('e18e543c-3744-4d0b-87d5-def4bf084fda',1755591038293,'org2','CREATE','org2','25395b94-d108-4733-bde2-275d838f2ad2','f01d8325-1d93-43f5-8d50-6f4011b117c6','172.18.0.6','clients/25395b94-d108-4733-bde2-275d838f2ad2/roles/_ws1-admin','{\"id\":\"37f64ccd-1cae-4ce7-8566-1a990ccab7d4\",\"name\":\"_ws1-admin\",\"composite\":false,\"attributes\":{\"kind\":[\"workspace\"]}}',NULL,'CLIENT_ROLE'),('e1e22d1c-9d1b-412a-88cb-ff1cb2bf1e08',1755591022054,'org1','CREATE','org1','742e6a45-dd6c-42b9-8bac-676ee77ef264','e9eccc79-6f5f-478a-9277-6ae4bea39d98','172.18.0.6','clients/742e6a45-dd6c-42b9-8bac-676ee77ef264/roles/ws1','{\"id\":\"6d49a40c-6aea-437a-8772-931795aa2eb7\",\"name\":\"ws1\",\"composite\":false,\"attributes\":{\"kind\":[\"workspace\"]}}',NULL,'CLIENT_ROLE'),('e22d45b5-a03b-4e3e-b043-ab0c36066e68',1755591066394,'org4','CREATE','9643073e-80de-4254-9166-5c75e800fbb5','1bb141eb-f6ea-4e73-a5c5-9902dd89cd08','11e8c7e0-cfb5-45f4-be0c-87c51eccd434','172.18.0.6','clients/a0940068-fbaf-4ef7-a62c-c38b71f55474/roles/_og-usage','{\"id\":\"ba7ebb7e-3852-43da-a25c-3cd28805d6d1\",\"name\":\"_og-usage\",\"composite\":false}',NULL,'CLIENT_ROLE'),('e2a08f9b-fa11-448a-a9cc-f10513a24560',1755591050049,'org3','CREATE','9643073e-80de-4254-9166-5c75e800fbb5','1bb141eb-f6ea-4e73-a5c5-9902dd89cd08','11e8c7e0-cfb5-45f4-be0c-87c51eccd434','172.18.0.6','clients/d137d744-bd8f-4564-a08a-42c321fcd1ef/roles/_og-usage','{\"id\":\"dc635b10-2207-4fef-a5ed-fa6b2ebf1117\",\"name\":\"_og-usage\",\"composite\":false}',NULL,'CLIENT_ROLE'),('e3984868-6878-4a9c-bf13-8255f128d8dd',1755591049865,'org3','ACTION','9643073e-80de-4254-9166-5c75e800fbb5','1bb141eb-f6ea-4e73-a5c5-9902dd89cd08','11e8c7e0-cfb5-45f4-be0c-87c51eccd434','172.18.0.6','clients/91dc2268-6b73-482b-b0d1-7756adb51d46/client-secret','{\"type\":\"secret\",\"value\":\"4YzV7pKf1l6ibdGlYKUy21j55HbEGgVo\"}',NULL,'CLIENT'),('e4f724b3-acc9-4ee1-bf0c-d37227dbdaa1',1755591068492,'org4','CREATE','org4','a0940068-fbaf-4ef7-a62c-c38b71f55474','da698bab-f61b-455a-9d24-9128e9515c92','172.18.0.6','clients/a0940068-fbaf-4ef7-a62c-c38b71f55474/roles/_ws1-admin','{\"id\":\"6e3ce2dd-1ced-4609-a88e-91d00ebb440c\",\"name\":\"_ws1-admin\",\"composite\":false,\"attributes\":{\"kind\":[\"workspace\"]}}',NULL,'CLIENT_ROLE'),('e5206dfe-99ae-4ee6-bed1-d95cc664fd6e',1755591034784,'org2','ACTION','9643073e-80de-4254-9166-5c75e800fbb5','1bb141eb-f6ea-4e73-a5c5-9902dd89cd08','11e8c7e0-cfb5-45f4-be0c-87c51eccd434','172.18.0.6','clients/2e4723a1-d81b-4639-bb6b-9f411f27d91d/client-secret','{\"type\":\"secret\",\"value\":\"5CTkfSQ7cU7BZw0qJ2mzjQLriLwVYiEQ\"}',NULL,'CLIENT'),('e82cd78d-dc29-47f1-998b-25eeae453fed',1755591087634,'org5','CREATE','org5','8fc726dc-fdaf-4ade-b55e-f33c7111bf95','9a65e6ea-bcd8-41e4-9003-727e8b57e54b','172.18.0.6','clients/65f6db45-0ad5-4094-92a4-606ec7018502/roles/_ws2-oase-agent','{\"id\":\"87b8e675-6ece-4ac8-a6a4-1da6e13af703\",\"name\":\"_ws2-oase-agent\",\"composite\":false,\"attributes\":{\"kind\":[\"workspace\"]}}',NULL,'CLIENT_ROLE'),('e88460b7-6e9b-4fd2-9dd1-f3093abd19f1',1755591066837,'org4','CREATE','9643073e-80de-4254-9166-5c75e800fbb5','1bb141eb-f6ea-4e73-a5c5-9902dd89cd08','11e8c7e0-cfb5-45f4-be0c-87c51eccd434','172.18.0.6','clients/61d92538-9a22-412e-b7a4-661fb81930ee/roles/_organization-user-manager/composites','[{\"id\":\"97420c98-82ac-4a33-ab96-e5e74491fcdb\",\"name\":\"_og-usr-mt\",\"composite\":false,\"clientRole\":true,\"containerId\":\"a0940068-fbaf-4ef7-a62c-c38b71f55474\",\"attributes\":{}},{\"id\":\"c03c91da-f28b-45ff-8ca2-94bde5078abc\",\"name\":\"_og-ws-role-usr\",\"composite\":false,\"clientRole\":true,\"containerId\":\"a0940068-fbaf-4ef7-a62c-c38b71f55474\",\"attributes\":{}}]',NULL,'CLIENT_ROLE'),('eac692c7-5d92-4816-ae1b-f2d16a8a1b03',1755591056941,'org3','CREATE','org3','d137d744-bd8f-4564-a08a-42c321fcd1ef','57df7deb-9bdd-41da-8092-d56544d6ede7','172.18.0.6','clients/d137d744-bd8f-4564-a08a-42c321fcd1ef/roles/_ws2-admin','{\"id\":\"ad869bcf-4bee-4a07-9eb5-c16e98832941\",\"name\":\"_ws2-admin\",\"composite\":false,\"attributes\":{\"kind\":[\"workspace\"]}}',NULL,'CLIENT_ROLE'),('eb25e0d0-c203-45c7-9f05-9aa6303d5349',1755591034682,'org2','ACTION','9643073e-80de-4254-9166-5c75e800fbb5','1bb141eb-f6ea-4e73-a5c5-9902dd89cd08','11e8c7e0-cfb5-45f4-be0c-87c51eccd434','172.18.0.6','clients/a458683d-f4c2-4669-90fd-99a49eba399b/client-secret','{\"type\":\"secret\",\"value\":\"hMKmXRatF7X5R84oEdcQH9LEWwQADjXI\"}',NULL,'CLIENT'),('eb45afec-34ee-4c7b-ad25-f0eec208bb8f',1755591080599,'org5','CREATE','9643073e-80de-4254-9166-5c75e800fbb5','1bb141eb-f6ea-4e73-a5c5-9902dd89cd08','11e8c7e0-cfb5-45f4-be0c-87c51eccd434','172.18.0.6','clients/8fc726dc-fdaf-4ade-b55e-f33c7111bf95/roles/_og-usage','{\"id\":\"611039d6-ae7d-4385-8a2b-b47e027b2d06\",\"name\":\"_og-usage\",\"composite\":false}',NULL,'CLIENT_ROLE'),('ed02ba4f-2c23-4fd1-b3ad-33c2c875ff74',1755591080938,'org5','CREATE','9643073e-80de-4254-9166-5c75e800fbb5','1bb141eb-f6ea-4e73-a5c5-9902dd89cd08','11e8c7e0-cfb5-45f4-be0c-87c51eccd434','172.18.0.6','clients/65f6db45-0ad5-4094-92a4-606ec7018502/roles/_organization-user-role-manager','{\"id\":\"1c2cf165-c4f3-4cf0-9cd3-73295ee47806\",\"name\":\"_organization-user-role-manager\",\"composite\":false,\"attributes\":{\"kind\":[\"organization\"]}}',NULL,'CLIENT_ROLE'),('ed7201f1-9ddf-44e6-96ee-9c704c44f104',1755591067576,'org4','CREATE','9643073e-80de-4254-9166-5c75e800fbb5','1bb141eb-f6ea-4e73-a5c5-9902dd89cd08','11e8c7e0-cfb5-45f4-be0c-87c51eccd434','172.18.0.6','users/87e9d871-9812-4e8f-9ae8-25b1de8007c3/role-mappings/clients/61d92538-9a22-412e-b7a4-661fb81930ee','[{\"id\":\"7a467c7c-8c4d-4432-a08e-b72cadfa3245\",\"name\":\"_organization-manager\",\"composite\":true,\"clientRole\":true,\"containerId\":\"61d92538-9a22-412e-b7a4-661fb81930ee\",\"attributes\":{\"kind\":[\"organization\"]}}]',NULL,'CLIENT_ROLE_MAPPING'),('edbe5888-845c-40ba-bf59-101544865184',1755591050347,'org3','CREATE','9643073e-80de-4254-9166-5c75e800fbb5','1bb141eb-f6ea-4e73-a5c5-9902dd89cd08','11e8c7e0-cfb5-45f4-be0c-87c51eccd434','172.18.0.6','clients/91dc2268-6b73-482b-b0d1-7756adb51d46/roles/_organization-manager/composites','[{\"id\":\"7ab87ed4-fa16-49fc-abd9-39ed9020ee3c\",\"name\":\"_og-upd\",\"composite\":false,\"clientRole\":true,\"containerId\":\"d137d744-bd8f-4564-a08a-42c321fcd1ef\",\"attributes\":{}},{\"id\":\"2371ee76-16d0-474a-af8a-1e6979e242e3\",\"name\":\"_og-own-mt\",\"composite\":false,\"clientRole\":true,\"containerId\":\"d137d744-bd8f-4564-a08a-42c321fcd1ef\",\"attributes\":{}},{\"id\":\"e314c58f-8258-4295-a281-a3453784098a\",\"name\":\"_og-role-usr\",\"composite\":false,\"clientRole\":true,\"containerId\":\"d137d744-bd8f-4564-a08a-42c321fcd1ef\",\"attributes\":{}},{\"id\":\"dc635b10-2207-4fef-a5ed-fa6b2ebf1117\",\"name\":\"_og-usage\",\"composite\":false,\"clientRole\":true,\"containerId\":\"d137d744-bd8f-4564-a08a-42c321fcd1ef\",\"attributes\":{}},{\"id\":\"0dfb0ead-c2c5-4aa0-b982-03e413573b30\",\"name\":\"_og-usr-mt\",\"composite\":false,\"clientRole\":true,\"containerId\":\"d137d744-bd8f-4564-a08a-42c321fcd1ef\",\"attributes\":{}},{\"id\":\"eb87ecc9-ad8f-45d4-9fa0-b26d6df75558\",\"name\":\"_og-ws-role-mt\",\"composite\":false,\"clientRole\":true,\"containerId\":\"d137d744-bd8f-4564-a08a-42c321fcd1ef\",\"attributes\":{}},{\"id\":\"e2c4ad12-9149-4502-9839-140ffaf7a6d2\",\"name\":\"_og-ws-role-usr\",\"composite\":false,\"clientRole\":true,\"containerId\":\"d137d744-bd8f-4564-a08a-42c321fcd1ef\",\"attributes\":{}},{\"id\":\"0574796d-aa9c-402c-ad8e-b075dc9bd6de\",\"name\":\"_og-ws-mt\",\"composite\":false,\"clientRole\":true,\"containerId\":\"d137d744-bd8f-4564-a08a-42c321fcd1ef\",\"attributes\":{}},{\"id\":\"d28d4588-1f7c-4c27-93dd-cc5a3714c9c0\",\"name\":\"_og-audit-log\",\"composite\":false,\"clientRole\":true,\"containerId\":\"d137d744-bd8f-4564-a08a-42c321fcd1ef\",\"attributes\":{}},{\"id\":\"8126840e-dee3-4abd-993a-f5908d710736\",\"name\":\"manage-identity-providers\",\"description\":\"${role_manage-identity-providers}\",\"composite\":false,\"clientRole\":true,\"containerId\":\"44961bdd-6c85-4958-a299-04e1ae46c08f\",\"attributes\":{}},{\"id\":\"4d2e0426-28fd-4f57-b8c0-65a7e6986c9a\",\"name\":\"view-identity-providers\",\"description\":\"${role_view-identity-providers}\",\"composite\":false,\"clientRole\":true,\"containerId\":\"44961bdd-6c85-4958-a299-04e1ae46c08f\",\"attributes\":{}},{\"id\":\"9e576e6c-4556-4a33-a892-dfa74dfe90f4\",\"name\":\"view-realm\",\"description\":\"${role_view-realm}\",\"composite\":false,\"clientRole\":true,\"containerId\":\"44961bdd-6c85-4958-a299-04e1ae46c08f\",\"attributes\":{}},{\"id\":\"242eff92-9aee-49c9-9bcc-c839d04b53fa\",\"name\":\"view-clients\",\"description\":\"${role_view-clients}\",\"composite\":true,\"clientRole\":true,\"containerId\":\"44961bdd-6c85-4958-a299-04e1ae46c08f\",\"attributes\":{}},{\"id\":\"7495acc8-bf7c-43ab-a3df-8cafcae834f2\",\"name\":\"manage-realm\",\"description\":\"${role_manage-realm}\",\"composite\":false,\"clientRole\":true,\"containerId\":\"44961bdd-6c85-4958-a299-04e1ae46c08f\",\"attributes\":{}}]',NULL,'CLIENT_ROLE'),('ef873a9c-cd61-45fe-bed6-cf879c1b3538',1755591034525,'org2','CREATE','9643073e-80de-4254-9166-5c75e800fbb5','1bb141eb-f6ea-4e73-a5c5-9902dd89cd08','11e8c7e0-cfb5-45f4-be0c-87c51eccd434','172.18.0.6','clients/25395b94-d108-4733-bde2-275d838f2ad2','{\"id\":\"25395b94-d108-4733-bde2-275d838f2ad2\",\"clientId\":\"org2-workspaces\",\"surrogateAuthRequired\":false,\"enabled\":true,\"alwaysDisplayInConsole\":false,\"clientAuthenticatorType\":\"client-secret\",\"redirectUris\":[],\"webOrigins\":[],\"notBefore\":0,\"bearerOnly\":false,\"consentRequired\":false,\"standardFlowEnabled\":false,\"implicitFlowEnabled\":false,\"directAccessGrantsEnabled\":true,\"serviceAccountsEnabled\":true,\"publicClient\":false,\"frontchannelLogout\":false,\"protocol\":\"openid-connect\",\"attributes\":{\"id.token.as.detached.signature\":\"false\",\"saml.assertion.signature\":\"false\",\"saml.force.post.binding\":\"false\",\"saml.multivalued.roles\":\"false\",\"saml.encrypt\":\"false\",\"oauth2.device.authorization.grant.enabled\":\"false\",\"backchannel.logout.revoke.offline.tokens\":\"false\",\"saml.server.signature\":\"false\",\"saml.server.signature.keyinfo.ext\":\"false\",\"use.refresh.tokens\":\"true\",\"exclude.session.state.from.auth.response\":\"false\",\"oidc.ciba.grant.enabled\":\"false\",\"saml.artifact.binding\":\"false\",\"backchannel.logout.session.required\":\"true\",\"client_credentials.use_refresh_token\":\"false\",\"saml_force_name_id_format\":\"false\",\"require.pushed.authorization.requests\":\"false\",\"saml.client.signature\":\"false\",\"tls.client.certificate.bound.access.tokens\":\"false\",\"saml.authnstatement\":\"false\",\"display.on.consent.screen\":\"false\",\"saml.onetimeuse.condition\":\"false\"},\"authenticationFlowBindingOverrides\":{},\"fullScopeAllowed\":true,\"nodeReRegistrationTimeout\":-1,\"protocolMappers\":[{\"name\":\"Client Host\",\"protocol\":\"openid-connect\",\"protocolMapper\":\"oidc-usersessionmodel-note-mapper\",\"consentRequired\":false,\"config\":{\"user.session.note\":\"clientHost\",\"userinfo.token.claim\":\"true\",\"id.token.claim\":\"true\",\"access.token.claim\":\"true\",\"claim.name\":\"clientHost\",\"jsonType.label\":\"String\"}},{\"name\":\"Client IP Address\",\"protocol\":\"openid-connect\",\"protocolMapper\":\"oidc-usersessionmodel-note-mapper\",\"consentRequired\":false,\"config\":{\"user.session.note\":\"clientAddress\",\"userinfo.token.claim\":\"true\",\"id.token.claim\":\"true\",\"access.token.claim\":\"true\",\"claim.name\":\"clientAddress\",\"jsonType.label\":\"String\"}},{\"name\":\"Client ID\",\"protocol\":\"openid-connect\",\"protocolMapper\":\"oidc-usersessionmodel-note-mapper\",\"consentRequired\":false,\"config\":{\"user.session.note\":\"clientId\",\"userinfo.token.claim\":\"true\",\"id.token.claim\":\"true\",\"access.token.claim\":\"true\",\"claim.name\":\"clientId\",\"jsonType.label\":\"String\"}}],\"defaultClientScopes\":[\"web-origins\",\"profile\",\"roles\",\"email\"],\"optionalClientScopes\":[\"address\",\"phone\",\"offline_access\",\"microprofile-jwt\"],\"access\":{\"view\":true,\"configure\":true,\"manage\":true}}',NULL,'CLIENT'),('f3cc346b-b46f-4ea4-acc9-99e9ba6085de',1755591041794,'org2','CREATE','org2','25395b94-d108-4733-bde2-275d838f2ad2','f01d8325-1d93-43f5-8d50-6f4011b117c6','172.18.0.6','clients/2e4723a1-d81b-4639-bb6b-9f411f27d91d/roles/_ws2-oase-agent/composites','[{\"id\":\"d1dc780e-4b81-4f73-96da-c9579299e532\",\"name\":\"ws2\",\"composite\":false,\"clientRole\":true,\"containerId\":\"25395b94-d108-4733-bde2-275d838f2ad2\",\"attributes\":{\"kind\":[\"workspace\"]}}]',NULL,'CLIENT_ROLE'),('f3e9e0b9-edb2-456f-bc26-0511414cd82c',1755591066383,'org4','CREATE','9643073e-80de-4254-9166-5c75e800fbb5','1bb141eb-f6ea-4e73-a5c5-9902dd89cd08','11e8c7e0-cfb5-45f4-be0c-87c51eccd434','172.18.0.6','clients/a0940068-fbaf-4ef7-a62c-c38b71f55474/roles/_og-role-usr','{\"id\":\"a4168aab-c39f-448b-a74b-2558d484aaf7\",\"name\":\"_og-role-usr\",\"composite\":false}',NULL,'CLIENT_ROLE'),('f565b42a-7161-472f-a380-9c7ee95c4dc9',1755591017884,'org1','ACTION','9643073e-80de-4254-9166-5c75e800fbb5','1bb141eb-f6ea-4e73-a5c5-9902dd89cd08','11e8c7e0-cfb5-45f4-be0c-87c51eccd434','172.18.0.6','clients/742e6a45-dd6c-42b9-8bac-676ee77ef264/client-secret','{\"type\":\"secret\",\"value\":\"OwXOXrCtByOpsL4fMK7QmPP6sxuz3TYg\"}',NULL,'CLIENT'),('f7912ba7-b186-40b5-a8c4-507cc9b3dc5b',1755591068591,'org4','CREATE','org4','a0940068-fbaf-4ef7-a62c-c38b71f55474','da698bab-f61b-455a-9d24-9128e9515c92','172.18.0.6','clients/61d92538-9a22-412e-b7a4-661fb81930ee/roles/_ws1-ansible-execution-agent','{\"id\":\"8c332389-73fb-4026-86bb-162f0ef16eb1\",\"name\":\"_ws1-ansible-execution-agent\",\"composite\":false,\"attributes\":{\"kind\":[\"workspace\"]}}',NULL,'CLIENT_ROLE'),('f7c9f519-0f02-4314-a48f-8d0791881aae',1755591053268,'org3','CREATE','org3','d137d744-bd8f-4564-a08a-42c321fcd1ef','57df7deb-9bdd-41da-8092-d56544d6ede7','172.18.0.6','clients/91dc2268-6b73-482b-b0d1-7756adb51d46/roles/_ws1-oase-agent/composites','[{\"id\":\"10a92bbc-99d2-494c-b266-7b2e7a6f72f4\",\"name\":\"ws1\",\"composite\":false,\"clientRole\":true,\"containerId\":\"d137d744-bd8f-4564-a08a-42c321fcd1ef\",\"attributes\":{\"kind\":[\"workspace\"]}}]',NULL,'CLIENT_ROLE'),('f8f7a7bd-4146-4656-bfc3-7c735591e608',1755591017976,'org1','CREATE','9643073e-80de-4254-9166-5c75e800fbb5','1bb141eb-f6ea-4e73-a5c5-9902dd89cd08','11e8c7e0-cfb5-45f4-be0c-87c51eccd434','172.18.0.6','clients/18e7b0e7-2c8d-44b2-b435-36efa33a6ca1','{\"id\":\"18e7b0e7-2c8d-44b2-b435-36efa33a6ca1\",\"clientId\":\"system-org1-auth\",\"surrogateAuthRequired\":false,\"enabled\":true,\"alwaysDisplayInConsole\":false,\"clientAuthenticatorType\":\"client-secret\",\"redirectUris\":[],\"webOrigins\":[],\"notBefore\":0,\"bearerOnly\":true,\"consentRequired\":false,\"standardFlowEnabled\":true,\"implicitFlowEnabled\":false,\"directAccessGrantsEnabled\":true,\"serviceAccountsEnabled\":false,\"publicClient\":false,\"frontchannelLogout\":false,\"protocol\":\"openid-connect\",\"attributes\":{\"id.token.as.detached.signature\":\"false\",\"saml.assertion.signature\":\"false\",\"saml.force.post.binding\":\"false\",\"saml.multivalued.roles\":\"false\",\"saml.encrypt\":\"false\",\"oauth2.device.authorization.grant.enabled\":\"false\",\"backchannel.logout.revoke.offline.tokens\":\"false\",\"saml.server.signature\":\"false\",\"saml.server.signature.keyinfo.ext\":\"false\",\"use.refresh.tokens\":\"true\",\"exclude.session.state.from.auth.response\":\"false\",\"oidc.ciba.grant.enabled\":\"false\",\"saml.artifact.binding\":\"false\",\"backchannel.logout.session.required\":\"true\",\"client_credentials.use_refresh_token\":\"false\",\"saml_force_name_id_format\":\"false\",\"require.pushed.authorization.requests\":\"false\",\"saml.client.signature\":\"false\",\"tls.client.certificate.bound.access.tokens\":\"false\",\"saml.authnstatement\":\"false\",\"display.on.consent.screen\":\"false\",\"saml.onetimeuse.condition\":\"false\"},\"authenticationFlowBindingOverrides\":{},\"fullScopeAllowed\":true,\"nodeReRegistrationTimeout\":-1,\"defaultClientScopes\":[\"web-origins\",\"profile\",\"roles\",\"email\"],\"optionalClientScopes\":[\"address\",\"phone\",\"offline_access\",\"microprofile-jwt\"],\"access\":{\"view\":true,\"configure\":true,\"manage\":true}}',NULL,'CLIENT'),('f93523c3-3c9b-4edc-a2f6-7963530c540f',1755591066804,'org4','CREATE','9643073e-80de-4254-9166-5c75e800fbb5','1bb141eb-f6ea-4e73-a5c5-9902dd89cd08','11e8c7e0-cfb5-45f4-be0c-87c51eccd434','172.18.0.6','clients/61d92538-9a22-412e-b7a4-661fb81930ee/roles/_organization-user-manager','{\"id\":\"ebb77633-fb56-45c6-b1c6-7175e41c77c0\",\"name\":\"_organization-user-manager\",\"composite\":false,\"attributes\":{\"kind\":[\"organization\"]}}',NULL,'CLIENT_ROLE'),('f982b111-99c8-451d-9f22-fa595175eaf5',1755591091065,'org5','CREATE','org5','8fc726dc-fdaf-4ade-b55e-f33c7111bf95','9a65e6ea-bcd8-41e4-9003-727e8b57e54b','172.18.0.6','clients/65f6db45-0ad5-4094-92a4-606ec7018502/roles/_ws3-ansible-execution-agent','{\"id\":\"4c93f6ee-e31f-4d9b-b514-888c7ec09c13\",\"name\":\"_ws3-ansible-execution-agent\",\"composite\":false,\"attributes\":{\"kind\":[\"workspace\"]}}',NULL,'CLIENT_ROLE'),('facddd58-6a3f-422a-80b9-c034b7f1bfc1',1755591019796,'org1','CREATE','9643073e-80de-4254-9166-5c75e800fbb5','1bb141eb-f6ea-4e73-a5c5-9902dd89cd08','11e8c7e0-cfb5-45f4-be0c-87c51eccd434','172.18.0.6','users/52e0b689-8b97-48c6-b85c-861f6daf5497/role-mappings/clients/fc17abd5-4aba-48b9-a5e2-1a070c96267d','[{\"id\":\"ce2805ec-1c55-4678-87d1-8a6981dcdc61\",\"name\":\"_organization-manager\",\"composite\":true,\"clientRole\":true,\"containerId\":\"fc17abd5-4aba-48b9-a5e2-1a070c96267d\",\"attributes\":{\"kind\":[\"organization\"]}}]',NULL,'CLIENT_ROLE_MAPPING'),('fb7330c8-d65a-4569-be38-7c050c966c29',1755591035361,'org2','CREATE','9643073e-80de-4254-9166-5c75e800fbb5','1bb141eb-f6ea-4e73-a5c5-9902dd89cd08','11e8c7e0-cfb5-45f4-be0c-87c51eccd434','172.18.0.6','clients/2e4723a1-d81b-4639-bb6b-9f411f27d91d/roles/_organization-user-role-manager','{\"id\":\"7297c7b4-f529-4167-8a08-6087d8ead5e6\",\"name\":\"_organization-user-role-manager\",\"composite\":false,\"attributes\":{\"kind\":[\"organization\"]}}',NULL,'CLIENT_ROLE'),('fc072e6e-6917-42d1-9100-d5c3df76a217',1755591035412,'org2','CREATE','9643073e-80de-4254-9166-5c75e800fbb5','1bb141eb-f6ea-4e73-a5c5-9902dd89cd08','11e8c7e0-cfb5-45f4-be0c-87c51eccd434','172.18.0.6','clients/2e4723a1-d81b-4639-bb6b-9f411f27d91d/roles/_organization-user-role-manager/composites','[{\"id\":\"34c1f2c5-f962-44d3-8c5d-b0a990b259f3\",\"name\":\"_og-usr-mt\",\"composite\":false,\"clientRole\":true,\"containerId\":\"25395b94-d108-4733-bde2-275d838f2ad2\",\"attributes\":{}},{\"id\":\"541b2ce5-3475-4c0e-aa5b-4a5b973aa4e1\",\"name\":\"_og-ws-role-mt\",\"composite\":false,\"clientRole\":true,\"containerId\":\"25395b94-d108-4733-bde2-275d838f2ad2\",\"attributes\":{}},{\"id\":\"d285209e-8a7e-4afe-8efb-7bc939fd2791\",\"name\":\"_og-ws-role-usr\",\"composite\":false,\"clientRole\":true,\"containerId\":\"25395b94-d108-4733-bde2-275d838f2ad2\",\"attributes\":{}}]',NULL,'CLIENT_ROLE'),('fc16e764-e4e7-471e-80e8-4c07185a1a6f',1755591066977,'org4','UPDATE','9643073e-80de-4254-9166-5c75e800fbb5','1bb141eb-f6ea-4e73-a5c5-9902dd89cd08','11e8c7e0-cfb5-45f4-be0c-87c51eccd434','172.18.0.6','users/profile','{\"attributes\":[{\"name\":\"username\",\"displayName\":\"${username}\",\"validations\":{\"length\":{\"min\":3,\"max\":255},\"username-prohibited-characters\":{},\"up-username-not-idn-homograph\":{}},\"permissions\":{\"view\":[\"admin\",\"user\"],\"edit\":[\"admin\",\"user\"]},\"multivalued\":false},{\"name\":\"email\",\"displayName\":\"${email}\",\"validations\":{\"email\":{},\"length\":{\"max\":255}},\"required\":{\"roles\":[\"user\"]},\"permissions\":{\"view\":[\"admin\",\"user\"],\"edit\":[\"admin\",\"user\"]},\"multivalued\":false},{\"name\":\"firstName\",\"displayName\":\"${firstName}\",\"validations\":{\"length\":{\"max\":255},\"person-name-prohibited-characters\":{}},\"required\":{\"roles\":[\"user\"]},\"permissions\":{\"view\":[\"admin\",\"user\"],\"edit\":[\"admin\",\"user\"]},\"multivalued\":false},{\"name\":\"lastName\",\"displayName\":\"${lastName}\",\"validations\":{\"length\":{\"max\":255},\"person-name-prohibited-characters\":{}},\"required\":{\"roles\":[\"user\"]},\"permissions\":{\"view\":[\"admin\",\"user\"],\"edit\":[\"admin\",\"user\"]},\"multivalued\":false},{\"name\":\"affiliation\",\"displayName\":\"所属 / Affiliation\",\"validations\":{\"length\":{\"max\":255}},\"permissions\":{\"view\":[\"admin\",\"user\"],\"edit\":[\"admin\",\"user\"]},\"multivalued\":false},{\"name\":\"description\",\"displayName\":\"説明 / Description\",\"validations\":{\"length\":{\"max\":255}},\"permissions\":{\"view\":[\"admin\",\"user\"],\"edit\":[\"admin\",\"user\"]},\"multivalued\":false},{\"name\":\"service_account_user_type\",\"permissions\":{\"view\":[\"admin\"],\"edit\":[\"admin\"]},\"multivalued\":false}],\"groups\":[{\"name\":\"user-metadata\",\"displayHeader\":\"User metadata\",\"displayDescription\":\"Attributes, which refer to user metadata\"}]}',NULL,'USER_PROFILE'),('fc16f587-696b-4e3b-a391-85922b9e9284',1755591080441,'org5','ACTION','9643073e-80de-4254-9166-5c75e800fbb5','1bb141eb-f6ea-4e73-a5c5-9902dd89cd08','11e8c7e0-cfb5-45f4-be0c-87c51eccd434','172.18.0.6','clients/65f6db45-0ad5-4094-92a4-606ec7018502/client-secret','{\"type\":\"secret\",\"value\":\"FVp919iOt6u4MCO6KgtxXADI6sXDaOoi\"}',NULL,'CLIENT'),('fd00256d-769e-448a-b792-1c5909e367ec',1755591053236,'org3','CREATE','org3','d137d744-bd8f-4564-a08a-42c321fcd1ef','57df7deb-9bdd-41da-8092-d56544d6ede7','172.18.0.6','clients/91dc2268-6b73-482b-b0d1-7756adb51d46/roles/_ws1-ansible-execution-agent/composites','[{\"id\":\"10a92bbc-99d2-494c-b266-7b2e7a6f72f4\",\"name\":\"ws1\",\"composite\":false,\"clientRole\":true,\"containerId\":\"d137d744-bd8f-4564-a08a-42c321fcd1ef\",\"attributes\":{\"kind\":[\"workspace\"]}}]',NULL,'CLIENT_ROLE'),('fd6d8b58-ebb8-444e-ac19-2d7c27280e1d',1755591090945,'org5','CREATE','org5','8fc726dc-fdaf-4ade-b55e-f33c7111bf95','9a65e6ea-bcd8-41e4-9003-727e8b57e54b','172.18.0.6','clients/8fc726dc-fdaf-4ade-b55e-f33c7111bf95/roles/ws3','{\"id\":\"e64d6af9-89e0-4324-b5f3-ee16c91824f3\",\"name\":\"ws3\",\"composite\":false,\"attributes\":{\"kind\":[\"workspace\"]}}',NULL,'CLIENT_ROLE'),('fd74be1a-6164-4f5a-8a72-f78639d3046e',1755591018373,'org1','CREATE','9643073e-80de-4254-9166-5c75e800fbb5','1bb141eb-f6ea-4e73-a5c5-9902dd89cd08','11e8c7e0-cfb5-45f4-be0c-87c51eccd434','172.18.0.6','clients/742e6a45-dd6c-42b9-8bac-676ee77ef264/roles/_og-usage','{\"id\":\"a43b2bd7-5ae0-49f8-adcf-2dcde7d04640\",\"name\":\"_og-usage\",\"composite\":false}',NULL,'CLIENT_ROLE'),('fe38893a-4092-42eb-a6d5-d8d43a47eb03',1755591038384,'org2','CREATE','org2','25395b94-d108-4733-bde2-275d838f2ad2','f01d8325-1d93-43f5-8d50-6f4011b117c6','172.18.0.6','users/2e17e43b-654c-47b3-91fa-35a9cd5e1067/role-mappings/clients/2e4723a1-d81b-4639-bb6b-9f411f27d91d','[{\"id\":\"d9d40d55-1204-44e2-9dc4-4bc3bdfa42cc\",\"name\":\"_ws1-admin\",\"composite\":true,\"clientRole\":true,\"containerId\":\"2e4723a1-d81b-4639-bb6b-9f411f27d91d\",\"attributes\":{\"kind\":[\"workspace\"]}}]',NULL,'CLIENT_ROLE_MAPPING'),('fea316cf-fec2-478f-a377-f139739fee6c',1755591080620,'org5','CREATE','9643073e-80de-4254-9166-5c75e800fbb5','1bb141eb-f6ea-4e73-a5c5-9902dd89cd08','11e8c7e0-cfb5-45f4-be0c-87c51eccd434','172.18.0.6','clients/8fc726dc-fdaf-4ade-b55e-f33c7111bf95/roles/_og-ws-role-mt','{\"id\":\"cbe54869-d9e4-45cf-a9ac-36c97968715d\",\"name\":\"_og-ws-role-mt\",\"composite\":false}',NULL,'CLIENT_ROLE');
UNLOCK TABLES;

--
-- Dumping data for table `ASSOCIATED_POLICY`
--

LOCK TABLES `ASSOCIATED_POLICY` WRITE;
UNLOCK TABLES;

--
-- Dumping data for table `AUTHENTICATION_EXECUTION`
--

LOCK TABLES `AUTHENTICATION_EXECUTION` WRITE;
INSERT INTO `AUTHENTICATION_EXECUTION` VALUES ('014d225b-3427-4074-8353-95136246d6d6',NULL,'idp-review-profile','org3','5daf2c4d-ed11-437a-ac77-355cc014d62d',0,10,0,NULL,'caab6cdb-acea-4b19-81c7-e37940562a4e'),('02b799bf-28c1-4b4e-876c-f9b8369e062f',NULL,'conditional-user-configured','org5','c97352b2-de47-40f5-8fc8-fccb32e40832',0,10,0,NULL,NULL),('02eae447-4e59-41fd-90cc-1de1d8d9a866',NULL,'reset-credential-email','org2','c904e0b5-1cd9-4839-92f4-6a305ffbecfa',0,20,0,NULL,NULL),('04111cbf-1b04-4cd7-a0f6-70b9a520f8df',NULL,'client-x509','org4','13a2deaa-dc90-468b-88b5-7fba3717d471',2,40,0,NULL,NULL),('06039dcd-2df5-4a04-b677-fcc2796cf3f2',NULL,'conditional-user-configured','9643073e-80de-4254-9166-5c75e800fbb5','6bc955e1-edd3-4a2e-b083-fa2260fe67f1',0,10,0,NULL,NULL),('0707ecd7-13d0-40b0-bb91-d1490350b3d4',NULL,'reset-credentials-choose-user','org2','c904e0b5-1cd9-4839-92f4-6a305ffbecfa',0,10,0,NULL,NULL),('075795e5-6f44-4839-aa44-925563af90f2',NULL,'client-x509','org5','340e75ec-403f-4c89-81e0-3cb201b0a694',2,40,0,NULL,NULL),('0787d22d-aea9-4ed3-95d6-250f2197c30f',NULL,'registration-user-creation','9643073e-80de-4254-9166-5c75e800fbb5','f5d0c199-ee53-4801-aad3-16536ec87739',0,20,0,NULL,NULL),('08e80ec8-7fcc-4bc0-bc89-c212ea78029a',NULL,NULL,'9643073e-80de-4254-9166-5c75e800fbb5','66cdd0fb-bc07-437d-bc87-dc42b9c7c2f9',0,20,1,'bbad6dc1-c649-47f9-9956-181ead2ed472',NULL),('09508dc6-e953-4082-909d-135b038ec65a',NULL,'reset-otp','org4','6198d6e1-8094-476d-bc1e-057affe20bd0',0,20,0,NULL,NULL),('09a863c2-618c-4fc9-a4fb-91c895447ef0',NULL,'registration-recaptcha-action','org5','6dd42386-a871-4700-918e-08f3cd157ee5',3,60,0,NULL,NULL),('0a568469-151d-42ab-a773-48b4b600cf26',NULL,'reset-credential-email','org4','6b2b6c10-8664-4e3c-b3f9-3a0274c40946',0,20,0,NULL,NULL),('0a7c584c-421d-4681-bad2-a3b4ef099fea',NULL,NULL,'org5','b56d7d8d-e7da-434a-94b2-f8898943b81d',1,40,1,'c97352b2-de47-40f5-8fc8-fccb32e40832',NULL),('0b340e50-64a8-4808-beb9-64fcad0d10b7',NULL,NULL,'org4','6b2b6c10-8664-4e3c-b3f9-3a0274c40946',1,40,1,'6198d6e1-8094-476d-bc1e-057affe20bd0',NULL),('0b54a4e5-dfe4-42b8-9df8-82dcbedce0b6',NULL,'client-jwt','org5','340e75ec-403f-4c89-81e0-3cb201b0a694',2,20,0,NULL,NULL),('0e1f3600-d0a0-4028-ab11-74f45c4d5ac8',NULL,NULL,'org5','251a2c3a-568d-4c60-8e05-3763bc5217fe',0,20,1,'eaa9632e-43a5-4947-a8f5-88f3262654e6',NULL),('0e95d045-5b88-4472-864c-1abbe9b0cc8f',NULL,'idp-confirm-link','org4','831c713d-cf41-4113-8d52-bdcd1e03b8f8',0,10,0,NULL,NULL),('0efbd123-b8ff-427d-aea7-4385b776385e',NULL,'client-jwt','org1','71101625-19fb-4859-b4be-40ea30970352',2,20,0,NULL,NULL),('0f5cd1f4-c942-4fca-bd02-2f43ffec3114',NULL,'client-jwt','org3','eddcb362-2a0c-44eb-bc1a-5ce72cf9b95b',2,20,0,NULL,NULL),('0fa8c6b9-ce27-4c34-9bd5-c7b9c7e3120d',NULL,NULL,'org3','cbffb6bd-c9c5-4338-b864-ff073fcc600a',2,30,1,'f9163125-21a6-4375-9cc7-ac531f44c50c',NULL),('100afef6-c1ca-4104-a39b-16faba839657',NULL,'auth-otp-form','org3','f629d994-f599-4dab-b459-8007e7df9b70',0,20,0,NULL,NULL),('118841ea-9fc4-4cba-85dd-ee0eb86832f1',NULL,NULL,'org1','e47ae102-a902-40c8-b261-895ef95263b2',2,20,1,'bb39719c-8c41-477d-80ba-a329cc85794f',NULL),('12e639bf-b98b-4ee8-a0ae-f7e34c141544',NULL,'auth-spnego','org4','e20429d4-3f5f-4f6e-b7b6-c71915d52949',3,20,0,NULL,NULL),('13aa8677-3b0a-4f38-a0ad-00267e6dda27',NULL,'direct-grant-validate-otp','org2','729d8f73-f7dc-4286-b142-2865b62c1980',0,20,0,NULL,NULL),('1527b6ba-2a78-489c-a952-d6809e77a0af',NULL,'auth-cookie','org3','cbffb6bd-c9c5-4338-b864-ff073fcc600a',2,10,0,NULL,NULL),('16389448-f242-4d79-9903-e7774f043520',NULL,'idp-email-verification','org4','9a10215f-d4a9-4836-951f-21dcc2ee972d',2,10,0,NULL,NULL),('17dacd64-7392-4963-867b-58280d0f36f5',NULL,NULL,'org3','961c5e71-1813-49d7-a11d-e318fe98a721',1,30,1,'e38fb51f-7c71-4d2d-a9ee-2d2cae6a8fc9',NULL),('1897c4d6-7332-4d20-bbe2-2b14ea168ccf',NULL,'registration-page-form','org2','7aab5018-ca45-486e-a7e1-fdeebf4c03e9',0,10,1,'3d868275-9ca9-4b31-be1f-5ac27756aa90',NULL),('189d087c-3e05-436a-b2ac-58730dd95fbd',NULL,NULL,'org4','bd534564-987f-45db-87d4-833465c3e602',2,20,1,'831c713d-cf41-4113-8d52-bdcd1e03b8f8',NULL),('18a69ccb-a9b4-4aca-a2f8-98755a01023d',NULL,'reset-password','org5','b56d7d8d-e7da-434a-94b2-f8898943b81d',0,30,0,NULL,NULL),('1a4f3720-c61a-49c0-918b-4a1d03bf3aa0',NULL,'auth-otp-form','org1','da8f8d0b-ae10-4860-a15a-8e6b211d4410',0,20,0,NULL,NULL),('1bb13902-a673-4b58-9f65-5d564ce5f365',NULL,'conditional-user-configured','org1','d21abe73-cc21-4b0e-9ea0-eb3e6fba8508',0,10,0,NULL,NULL),('1bd4a7fa-3525-43d4-a46e-e7bb7b5921a0',NULL,NULL,'org3','00197f8e-7d14-4160-85e2-3f32e5e8d0a0',1,40,1,'03146ced-d515-4acd-bad7-81571c2d4bb5',NULL),('1d3ea012-3056-4abd-9c59-a7555d23b42f',NULL,'registration-user-creation','org4','ccb3fe45-2bc9-4b16-bb2c-3634494d2e86',0,20,0,NULL,NULL),('1d78dd5f-eb6d-48e9-a300-1b8567dbcc55',NULL,NULL,'org5','0c3bdb1a-b9d2-4802-98f6-8ed56f2de1ba',2,20,1,'251a2c3a-568d-4c60-8e05-3763bc5217fe',NULL),('1ea0c816-aa48-4501-aac8-664029ca5c0b',NULL,'client-secret-jwt','org3','eddcb362-2a0c-44eb-bc1a-5ce72cf9b95b',2,30,0,NULL,NULL),('1fbfc787-b37d-4681-aa35-d867876e402d',NULL,NULL,'9643073e-80de-4254-9166-5c75e800fbb5','29d4102a-a54d-4b0d-ae04-1c5c74733c6d',2,30,1,'2bc6b6f2-89cd-4d4f-93b9-3790b0129014',NULL),('1ff9067c-e024-47f2-84f2-5aca7f8cb105',NULL,'auth-cookie','org2','476f16e9-9d5f-46d6-bcf5-687ce7e6ed19',2,10,0,NULL,NULL),('20302677-072e-45a0-bfca-ff094ea35447',NULL,'reset-credentials-choose-user','org4','6b2b6c10-8664-4e3c-b3f9-3a0274c40946',0,10,0,NULL,NULL),('215179c8-551a-4836-9d05-d60f2dd957bd',NULL,'registration-terms-and-conditions','org2','3d868275-9ca9-4b31-be1f-5ac27756aa90',3,70,0,NULL,NULL),('2238906b-8a20-462b-b0a6-c1f7681ad0b6',NULL,NULL,'org2','4a823f47-c17d-488e-9cce-e432d797a08f',0,20,1,'b39ed373-6e9f-4757-b1d0-0fc6a3d64f2d',NULL),('22441140-cf56-4bd0-95e1-c10ddb121315',NULL,'conditional-user-configured','org1','a303721b-18d5-4a6c-b70f-16fd2919566c',0,10,0,NULL,NULL),('2398f813-60df-457d-bcb8-dfc94c9bd5da',NULL,'auth-otp-form','org4','a0aa5071-623a-46ff-aa09-470364ade4a1',0,20,0,NULL,NULL),('240b9b9c-6966-41e1-9e87-45b298549805',NULL,'direct-grant-validate-otp','9643073e-80de-4254-9166-5c75e800fbb5','99fee172-f050-456d-8cd6-890a9a9bb31e',0,20,0,NULL,NULL),('25c882a2-b9da-406f-9d3e-a8d04ff304d7',NULL,'identity-provider-redirector','org1','a88809fa-7536-4422-a1ba-a43852a01388',2,25,0,NULL,NULL),('269cca37-f293-4733-b042-69943cf3c873',NULL,'idp-create-user-if-unique','org2','b39ed373-6e9f-4757-b1d0-0fc6a3d64f2d',2,10,0,NULL,'58a1e1e5-727e-49d6-a593-12a4872afbf0'),('2a361ab9-cb35-4f41-b306-7df9f411481a',NULL,'registration-terms-and-conditions','org4','ccb3fe45-2bc9-4b16-bb2c-3634494d2e86',3,70,0,NULL,NULL),('2c9c534a-71a0-42a3-bcc1-b192544d6efc',NULL,NULL,'org5','135ac73d-1add-49d3-8db7-a7a97c8528c2',1,20,1,'d3fbbf2b-abdb-4c91-9a39-4747120b89c0',NULL),('2f893825-329b-483b-b477-612176feef4f',NULL,'auth-spnego','org3','cbffb6bd-c9c5-4338-b864-ff073fcc600a',3,20,0,NULL,NULL),('30013367-1ba9-4d28-9e76-d8ea94b8e8ab',NULL,'identity-provider-redirector','9643073e-80de-4254-9166-5c75e800fbb5','29d4102a-a54d-4b0d-ae04-1c5c74733c6d',2,25,0,NULL,NULL),('30c2df91-0029-42bd-982b-ac671bee7f69',NULL,'auth-cookie','9643073e-80de-4254-9166-5c75e800fbb5','29d4102a-a54d-4b0d-ae04-1c5c74733c6d',2,10,0,NULL,NULL),('31d58e64-948e-4b6b-bed0-237ec4ca3f53',NULL,'idp-review-profile','org4','7c9a7b1f-7598-4180-85f2-123fe06caf78',0,10,0,NULL,'47a4014e-ed2b-4d96-871b-d5192f2edeb0'),('32701e90-b7b1-4245-88fb-c96445c9a66a',NULL,'client-x509','org2','291b882f-251a-4ac2-8535-33ac9b601178',2,40,0,NULL,NULL),('338da184-330a-4dbd-804c-cc968ff61c54',NULL,'reset-password','org4','6b2b6c10-8664-4e3c-b3f9-3a0274c40946',0,30,0,NULL,NULL),('340c7a2e-f80b-4e5d-87e9-49003051ad6d',NULL,NULL,'org5','4f456d16-e82b-4cf8-a1ee-786de1959659',0,20,1,'0c3bdb1a-b9d2-4802-98f6-8ed56f2de1ba',NULL),('3485f83c-74b2-4980-99bd-78c34f20a024',NULL,'reset-otp','org2','ad1e2196-8d93-4d8c-8ddd-0fc2bb43ee6f',0,20,0,NULL,NULL),('37766888-95a7-47fd-ac10-8e71a50a090c',NULL,'identity-provider-redirector','org2','476f16e9-9d5f-46d6-bcf5-687ce7e6ed19',2,25,0,NULL,NULL),('37af400b-e7ad-426d-84b9-672d80fde1f4',NULL,'auth-otp-form','org1','a303721b-18d5-4a6c-b70f-16fd2919566c',0,20,0,NULL,NULL),('3cde4199-ae27-49f6-85fe-4da0504ae99e',NULL,'idp-create-user-if-unique','org5','0c3bdb1a-b9d2-4802-98f6-8ed56f2de1ba',2,10,0,NULL,'6985cf68-cf71-40dd-ac8b-b015716c40ac'),('3dc7d090-256d-4cb3-a305-9adedb3f655e',NULL,'idp-confirm-link','org3','862da5af-ab57-4623-a85e-11b2eb136b08',0,10,0,NULL,NULL),('3e4f3c07-3be4-4ec6-bf57-935a6574d7bc',NULL,'reset-credentials-choose-user','org3','00197f8e-7d14-4160-85e2-3f32e5e8d0a0',0,10,0,NULL,NULL),('3ebf81eb-bebd-46fe-b2bd-bef519ef5665',NULL,NULL,'org4','d5397247-35c1-44c4-bf7a-bdd241a8d83e',1,20,1,'0b27093b-36f9-4239-8be0-f0674f9020e0',NULL),('3fdfd0e3-6f4c-446b-90c5-ffd368123e47',NULL,'direct-grant-validate-password','org3','961c5e71-1813-49d7-a11d-e318fe98a721',0,20,0,NULL,NULL),('40a557c5-933a-460a-83be-4de52b4ec8ce',NULL,'conditional-user-configured','org5','c9832951-3217-4852-94fd-0d081c3fea9f',0,10,0,NULL,NULL),('42ad2570-9997-43fe-85a1-5ccccbe26162',NULL,'identity-provider-redirector','org4','e20429d4-3f5f-4f6e-b7b6-c71915d52949',2,25,0,NULL,NULL),('42c01137-921a-4beb-8f85-8c0bb17a0151',NULL,NULL,'org5','eaa9632e-43a5-4947-a8f5-88f3262654e6',2,20,1,'f1cb11ef-121e-4be0-af57-9ac5094afbdd',NULL),('42fcdb4d-da85-4da0-a88f-9299ecd357b9',NULL,'docker-http-basic-authenticator','org4','8f353eba-8e72-4813-b82a-dbd4a39abb99',0,10,0,NULL,NULL),('43339356-3f46-4cd9-ad99-172b132eb60c',NULL,NULL,'org3','f9163125-21a6-4375-9cc7-ac531f44c50c',1,20,1,'f629d994-f599-4dab-b459-8007e7df9b70',NULL),('435d9f6c-fa63-41dc-877e-63806b7a96e6',NULL,'conditional-user-configured','org5','d3fbbf2b-abdb-4c91-9a39-4747120b89c0',0,10,0,NULL,NULL),('459f8138-3700-448c-b072-0ba4ab65ca56',NULL,'reset-credential-email','org1','53d3e4af-262e-41ad-885a-d36c02e616c0',0,20,0,NULL,NULL),('46aa0ba1-329f-4049-99a2-ad73f866f7d7',NULL,'conditional-user-configured','9643073e-80de-4254-9166-5c75e800fbb5','d984cfd5-4f14-4b14-be13-c9f9269d0e75',0,10,0,NULL,NULL),('4a5dd159-b064-496e-8991-f9b346eb8676',NULL,'reset-password','9643073e-80de-4254-9166-5c75e800fbb5','1cdae50f-9ae8-4005-b6d2-a37f98a882ee',0,30,0,NULL,NULL),('4a98cc49-960b-4512-af7d-924bf11c5597',NULL,'idp-email-verification','org3','bdc367d6-7b94-418f-863c-721c74168221',2,10,0,NULL,NULL),('4cb27557-75c7-48df-b0eb-6b323d15f3c6',NULL,'conditional-user-configured','org1','acf4d00c-ac43-4c47-a95e-4ccc8d2e4a50',0,10,0,NULL,NULL),('4ecf8216-e4c3-4e20-8a35-4cb549e1a9c2',NULL,'registration-recaptcha-action','org4','ccb3fe45-2bc9-4b16-bb2c-3634494d2e86',3,60,0,NULL,NULL),('4f5ef15e-968e-4e48-8624-adea76380a7c',NULL,'registration-page-form','org3','cd598942-bb21-46e3-b651-73dddaac080a',0,10,1,'a6a72011-bcbc-450d-903c-5a99e6f55c97',NULL),('5011aec7-b7e0-4b58-8e1f-643ce6fd299b',NULL,NULL,'org5','4247663f-9613-46d8-b17e-9f9bab07ae98',1,30,1,'6015b7ce-3477-43d3-b1bd-827365d7e072',NULL),('5119a4a4-3ff0-4372-9f68-55e20ab9181b',NULL,NULL,'org1','5f3f753d-fc46-4bfa-8207-38e37d460160',1,20,1,'da8f8d0b-ae10-4860-a15a-8e6b211d4410',NULL),('513707fe-eea7-4256-8fcc-611c62f6f65d',NULL,'idp-email-verification','org1','9d9a8d43-4fec-4778-b6ec-8d094edf6e75',2,10,0,NULL,NULL),('5138a520-e0fe-4425-a3e4-c205a423c33c',NULL,'auth-otp-form','org5','c9832951-3217-4852-94fd-0d081c3fea9f',0,20,0,NULL,NULL),('513e4985-d9a7-4ad1-9bc3-87488da79578',NULL,'client-secret','org3','eddcb362-2a0c-44eb-bc1a-5ce72cf9b95b',2,10,0,NULL,NULL),('51deb492-afa9-47c0-9906-3f893e0c894a',NULL,'auth-username-password-form','org1','72db4b20-1ebb-46ab-826e-eddf3232612c',0,10,0,NULL,NULL),('52c63d6b-fd40-4ebb-b7a9-db78a9f1b5e0',NULL,'idp-email-verification','9643073e-80de-4254-9166-5c75e800fbb5','bbad6dc1-c649-47f9-9956-181ead2ed472',2,10,0,NULL,NULL),('545c0031-ae07-4371-a291-032dac2bb318',NULL,'direct-grant-validate-username','org5','4247663f-9613-46d8-b17e-9f9bab07ae98',0,10,0,NULL,NULL),('54d53345-1ff1-46fa-866f-7b32c1db25a1',NULL,'conditional-user-configured','org2','84c150b5-9a19-4fa2-888c-b31c47a056d7',0,10,0,NULL,NULL),('561d2935-209d-4286-82fd-12a7b1933e0d',NULL,'docker-http-basic-authenticator','org1','82bd9a4a-20f7-4fbe-8ce2-fb4d4ab8cc09',0,10,0,NULL,NULL),('57e5ea8b-84df-4588-8034-290fcb3b5f6d',NULL,'direct-grant-validate-otp','org4','a3a984dc-6cbf-48d3-8d4f-af4e139c4a30',0,20,0,NULL,NULL),('59726d17-a154-496c-ade5-55b44a627307',NULL,NULL,'9643073e-80de-4254-9166-5c75e800fbb5','bbad6dc1-c649-47f9-9956-181ead2ed472',2,20,1,'becf7b83-5211-47ac-8b70-063ce3326ae1',NULL),('5c0ce258-0a44-420b-95aa-0c42ba59d561',NULL,'client-secret-jwt','org1','71101625-19fb-4859-b4be-40ea30970352',2,30,0,NULL,NULL),('5c534657-bf98-4628-96eb-2d945d0783c4',NULL,'reset-credentials-choose-user','9643073e-80de-4254-9166-5c75e800fbb5','1cdae50f-9ae8-4005-b6d2-a37f98a882ee',0,10,0,NULL,NULL),('5c9bdcbe-9206-4657-9d80-08b075989298',NULL,'conditional-user-configured','org4','0b27093b-36f9-4239-8be0-f0674f9020e0',0,10,0,NULL,NULL),('5d2996fa-6f88-4b9b-9df8-3c78ce350a14',NULL,'idp-confirm-link','9643073e-80de-4254-9166-5c75e800fbb5','66cdd0fb-bc07-437d-bc87-dc42b9c7c2f9',0,10,0,NULL,NULL),('5f42624a-a4a6-4055-8608-886cae23ff03',NULL,'auth-otp-form','org2','e1180ab8-25c4-429b-b268-ee74997a652a',0,20,0,NULL,NULL),('5fd578ac-e830-4fd2-b453-36222fa5f505',NULL,'idp-username-password-form','org1','5f3f753d-fc46-4bfa-8207-38e37d460160',0,10,0,NULL,NULL),('61952baf-8ef4-4008-991a-67cb8d68a2d9',NULL,'direct-grant-validate-otp','org5','6015b7ce-3477-43d3-b1bd-827365d7e072',0,20,0,NULL,NULL),('61efffdf-c6b5-429e-97aa-d06c2b388e91',NULL,NULL,'org2','b74bea68-7fa3-45c8-85a3-e2cf96d62ecc',1,20,1,'84c150b5-9a19-4fa2-888c-b31c47a056d7',NULL),('629288b9-c6a2-47c0-a29f-ce9b5350cf11',NULL,'registration-recaptcha-action','org1','8796edc0-4e53-4a1b-9717-157bd3fd5d53',3,60,0,NULL,NULL),('62a97a1d-d4d0-464b-8876-73cddc5065dc',NULL,'client-secret','org4','13a2deaa-dc90-468b-88b5-7fba3717d471',2,10,0,NULL,NULL),('63990558-adc3-4070-8c0b-c143729b2d35',NULL,NULL,'org1','53d3e4af-262e-41ad-885a-d36c02e616c0',1,40,1,'d21abe73-cc21-4b0e-9ea0-eb3e6fba8508',NULL),('645f79ef-2520-46d7-8232-304c39034409',NULL,'registration-user-creation','org1','8796edc0-4e53-4a1b-9717-157bd3fd5d53',0,20,0,NULL,NULL),('67387a37-7ffd-4e93-a291-12fdb51c02a8',NULL,'idp-create-user-if-unique','org1','e47ae102-a902-40c8-b261-895ef95263b2',2,10,0,NULL,'44ffaeeb-576e-4a4f-b74f-cda4f96e3aa5'),('677fd44e-6b22-45e1-a67a-08e3f0bb4c33',NULL,'direct-grant-validate-otp','org1','acf4d00c-ac43-4c47-a95e-4ccc8d2e4a50',0,20,0,NULL,NULL),('679585a6-971c-4132-85a8-3bd75cf1084d',NULL,'direct-grant-validate-password','9643073e-80de-4254-9166-5c75e800fbb5','a969e755-bf22-48e8-9efa-5b4c7bc225e1',0,20,0,NULL,NULL),('67a39525-7c08-4e48-ae9d-18e006d52baa',NULL,'registration-password-action','org3','a6a72011-bcbc-450d-903c-5a99e6f55c97',0,50,0,NULL,NULL),('68ce2391-e66c-4e62-ba0e-20e5fe938bbf',NULL,NULL,'org2','c904e0b5-1cd9-4839-92f4-6a305ffbecfa',1,40,1,'ad1e2196-8d93-4d8c-8ddd-0fc2bb43ee6f',NULL),('69fd747a-75b1-497b-b9a5-17f5ad6c9344',NULL,'reset-credentials-choose-user','org5','b56d7d8d-e7da-434a-94b2-f8898943b81d',0,10,0,NULL,NULL),('6a2b9d01-3aa9-4e8e-ab2d-70172548694e',NULL,'auth-username-password-form','org4','37cee75b-72ef-4929-aa26-24dfff1c5c94',0,10,0,NULL,NULL),('6b0556ee-8e2b-4234-a9bc-07290c56e2f0',NULL,NULL,'9643073e-80de-4254-9166-5c75e800fbb5','a969e755-bf22-48e8-9efa-5b4c7bc225e1',1,30,1,'99fee172-f050-456d-8cd6-890a9a9bb31e',NULL),('6b7df3f1-e3b0-4581-a240-e892c23aad91',NULL,'idp-username-password-form','org5','f1cb11ef-121e-4be0-af57-9ac5094afbdd',0,10,0,NULL,NULL),('6c30de28-5cad-4e31-8dda-fa714d319fe4',NULL,NULL,'org3','ae131ab4-2c82-4583-9716-43bbd9dd2b3f',1,20,1,'6136d1ef-a6a5-45f7-9c88-a04010977a42',NULL),('6dc2b543-77a4-4c1c-829c-c2e08d8ee1f3',NULL,'client-x509','9643073e-80de-4254-9166-5c75e800fbb5','fa5ba895-d655-4033-9115-5cd8f6ed20f5',2,40,0,NULL,NULL),('6e249e4c-4e4f-4aca-9820-c7901efb3a5e',NULL,'conditional-user-configured','org3','6136d1ef-a6a5-45f7-9c88-a04010977a42',0,10,0,NULL,NULL),('7025de3f-7805-47e1-96f1-52cf345ca5f4',NULL,'http-basic-authenticator','org4','de773459-e233-44ef-acdb-09c686283b6b',0,10,0,NULL,NULL),('71ceb777-276e-4891-a9c8-71e4ba4ac6ef',NULL,'idp-review-profile','9643073e-80de-4254-9166-5c75e800fbb5','e4235d51-4fde-48ee-90b7-f2baf5a09b38',0,10,0,NULL,'0fe71579-0379-4239-95fd-3ac1453c3c6f'),('7284d304-c8f8-475a-9090-556c8a3abde8',NULL,NULL,'org5','f1cb11ef-121e-4be0-af57-9ac5094afbdd',1,20,1,'c9832951-3217-4852-94fd-0d081c3fea9f',NULL),('737efc71-cb4a-4caa-8c9c-4ddfbfe6c9af',NULL,'conditional-user-configured','org5','6015b7ce-3477-43d3-b1bd-827365d7e072',0,10,0,NULL,NULL),('738afe29-21d8-4f90-ad98-1f8a38e1c852',NULL,'client-secret-jwt','org2','291b882f-251a-4ac2-8535-33ac9b601178',2,30,0,NULL,NULL),('73a4551b-5d45-4be0-b69c-53f10f47acf6',NULL,NULL,'org5','9659af3c-91dc-41b8-a434-1a1c67a716c5',2,30,1,'135ac73d-1add-49d3-8db7-a7a97c8528c2',NULL),('74e67273-f8b4-4add-9538-c5aced039fd5',NULL,'conditional-user-configured','org3','03146ced-d515-4acd-bad7-81571c2d4bb5',0,10,0,NULL,NULL),('74ede247-072f-4d53-82a8-2c7697a19f08',NULL,'docker-http-basic-authenticator','org3','3da9a4b1-f734-467b-8a0e-003f7e44774b',0,10,0,NULL,NULL),('76523ef9-c093-4657-ba3c-bca46e63b924',NULL,NULL,'org1','ed001d88-ac14-4871-a69e-3540638392fc',0,20,1,'e47ae102-a902-40c8-b261-895ef95263b2',NULL),('777dae40-5ef3-4553-b2e4-d4469ca116dd',NULL,'direct-grant-validate-password','org5','4247663f-9613-46d8-b17e-9f9bab07ae98',0,20,0,NULL,NULL),('7904b6c5-7415-4d22-8a8c-780e5f1de739',NULL,'idp-review-profile','org5','4f456d16-e82b-4cf8-a1ee-786de1959659',0,10,0,NULL,'81a25c32-b1b6-4f15-b07a-2bcb970a3728'),('79176214-eba6-456e-a185-f6783b2e340b',NULL,NULL,'org1','a88809fa-7536-4422-a1ba-a43852a01388',2,30,1,'72db4b20-1ebb-46ab-826e-eddf3232612c',NULL),('79f1ba63-8038-446b-9f1a-c86e2d2a12a0',NULL,'registration-password-action','org2','3d868275-9ca9-4b31-be1f-5ac27756aa90',0,50,0,NULL,NULL),('7be54b07-11e7-4e53-8835-69615843008a',NULL,'idp-confirm-link','org2','6dd6a41a-7e08-43b8-abad-208caa1d1d98',0,10,0,NULL,NULL),('7e66253c-800a-4408-a741-be606d06e487',NULL,NULL,'org1','9d9a8d43-4fec-4778-b6ec-8d094edf6e75',2,20,1,'5f3f753d-fc46-4bfa-8207-38e37d460160',NULL),('80d63dd9-39ac-4868-b920-e47d62e6397f',NULL,'docker-http-basic-authenticator','9643073e-80de-4254-9166-5c75e800fbb5','960eef46-ef43-400f-9ea2-80e80f4c3e0a',0,10,0,NULL,NULL),('811e5ad6-4d88-4d97-90f0-5fecac1e4806',NULL,'registration-password-action','org4','ccb3fe45-2bc9-4b16-bb2c-3634494d2e86',0,50,0,NULL,NULL),('82450191-76fe-4adb-a0e6-aded5d80e7d7',NULL,'auth-cookie','org4','e20429d4-3f5f-4f6e-b7b6-c71915d52949',2,10,0,NULL,NULL),('82f80516-01d8-4bef-8a37-3ba76915dd1f',NULL,'direct-grant-validate-username','org4','49d912c6-c40c-4d10-96ac-a1010a0f66c8',0,10,0,NULL,NULL),('8478b083-aa69-4397-aec1-0ec81364b10f',NULL,'auth-username-password-form','org3','f9163125-21a6-4375-9cc7-ac531f44c50c',0,10,0,NULL,NULL),('85e91f1a-d93f-47c3-be2a-cf994e7f748c',NULL,'conditional-user-configured','9643073e-80de-4254-9166-5c75e800fbb5','99fee172-f050-456d-8cd6-890a9a9bb31e',0,10,0,NULL,NULL),('888ddd33-565d-46a5-b00b-f32a56ec7612',NULL,'idp-email-verification','org5','eaa9632e-43a5-4947-a8f5-88f3262654e6',2,10,0,NULL,NULL),('8a30a9bd-d535-4572-b105-c9f4558251fb',NULL,'auth-cookie','org5','9659af3c-91dc-41b8-a434-1a1c67a716c5',2,10,0,NULL,NULL),('8a661bfe-635e-4fa7-b81c-644f18507750',NULL,'conditional-user-configured','org2','729d8f73-f7dc-4286-b142-2865b62c1980',0,10,0,NULL,NULL),('8d315c41-9f33-45de-a7df-eb4b772b724d',NULL,'auth-otp-form','9643073e-80de-4254-9166-5c75e800fbb5','ee00c58c-3aee-4478-8b1d-036bcda5adea',0,20,0,NULL,NULL),('8ff0ae8b-2de3-4fe8-b8b6-b4d2079958e7',NULL,'conditional-user-configured','org4','a0aa5071-623a-46ff-aa09-470364ade4a1',0,10,0,NULL,NULL),('8ffeb365-63d8-472a-b6fe-30f5afe1beb6',NULL,NULL,'org4','9a10215f-d4a9-4836-951f-21dcc2ee972d',2,20,1,'d5397247-35c1-44c4-bf7a-bdd241a8d83e',NULL),('9085736c-890e-4310-9d1d-94836a6e8c3a',NULL,'auth-username-password-form','org5','135ac73d-1add-49d3-8db7-a7a97c8528c2',0,10,0,NULL,NULL),('90bd0b29-3d62-4c4b-8147-00bbab78c1a7',NULL,'client-secret','org2','291b882f-251a-4ac2-8535-33ac9b601178',2,10,0,NULL,NULL),('9175c754-03ea-4002-a2d3-49fbd8ac2011',NULL,'auth-otp-form','9643073e-80de-4254-9166-5c75e800fbb5','6bc955e1-edd3-4a2e-b083-fa2260fe67f1',0,20,0,NULL,NULL),('95451cf8-2a08-4def-a897-d2beacb6722a',NULL,NULL,'org4','e20429d4-3f5f-4f6e-b7b6-c71915d52949',2,30,1,'37cee75b-72ef-4929-aa26-24dfff1c5c94',NULL),('95826778-3b6f-46ad-a7eb-86ef6d215ece',NULL,'idp-confirm-link','org5','251a2c3a-568d-4c60-8e05-3763bc5217fe',0,10,0,NULL,NULL),('963b4c9a-4e87-4fa0-a4c2-5634969c4c76',NULL,'client-secret','org5','340e75ec-403f-4c89-81e0-3cb201b0a694',2,10,0,NULL,NULL),('978416f7-4706-4ab1-9e37-f4424275b57c',NULL,'registration-page-form','org1','ab6a78b1-7a59-4673-9e8a-e7cab29fc8a5',0,10,1,'8796edc0-4e53-4a1b-9717-157bd3fd5d53',NULL),('983596cf-8f31-4ba8-a5cb-a4550ef5bc0f',NULL,'idp-create-user-if-unique','org3','6ce49f91-22ff-4ad5-a68e-978e592df6f8',2,10,0,NULL,'93e28082-78e3-4df9-92b2-ff0706c4d496'),('98a3d273-8017-42e7-a8ed-2cd973f92583',NULL,'auth-spnego','org1','a88809fa-7536-4422-a1ba-a43852a01388',3,20,0,NULL,NULL),('999b4da1-3b09-422a-96ac-b5aff6806580',NULL,'direct-grant-validate-password','org4','49d912c6-c40c-4d10-96ac-a1010a0f66c8',0,20,0,NULL,NULL),('9a8e3e85-2391-4712-903f-9094f826f8c6',NULL,'direct-grant-validate-username','org3','961c5e71-1813-49d7-a11d-e318fe98a721',0,10,0,NULL,NULL),('9c0b7bce-808f-4203-a279-b36d9589a4e8',NULL,'registration-password-action','org5','6dd42386-a871-4700-918e-08f3cd157ee5',0,50,0,NULL,NULL),('9ce82e97-8906-4521-bd9a-3df18d54b9fe',NULL,NULL,'org4','49d912c6-c40c-4d10-96ac-a1010a0f66c8',1,30,1,'a3a984dc-6cbf-48d3-8d4f-af4e139c4a30',NULL),('9e5113a6-eba2-4fe8-b230-6a20fe0ea0eb',NULL,NULL,'org3','6ce49f91-22ff-4ad5-a68e-978e592df6f8',2,20,1,'862da5af-ab57-4623-a85e-11b2eb136b08',NULL),('9fff5172-19ab-47f5-93ae-cf7823a9c955',NULL,'conditional-user-configured','org2','e1180ab8-25c4-429b-b268-ee74997a652a',0,10,0,NULL,NULL),('a2ac66b6-f4b7-4214-b9f0-05752b82128e',NULL,'reset-otp','org1','d21abe73-cc21-4b0e-9ea0-eb3e6fba8508',0,20,0,NULL,NULL),('a3ea2294-044f-41b5-ad84-0f10f4b18f45',NULL,NULL,'org2','035963b0-e479-49b8-a2a8-ebe6e28ef60d',1,20,1,'e1180ab8-25c4-429b-b268-ee74997a652a',NULL),('a3eea55e-53b9-423a-b6df-b9793c7e68f1',NULL,'registration-recaptcha-action','org2','3d868275-9ca9-4b31-be1f-5ac27756aa90',3,60,0,NULL,NULL),('a86a3588-12b5-4176-bded-c1ac4047fed7',NULL,'registration-page-form','org5','f4659587-2b8b-4615-bd68-2e6b5245b078',0,10,1,'6dd42386-a871-4700-918e-08f3cd157ee5',NULL),('a98fa620-c5fe-4606-9e4a-9aae2374bada',NULL,'client-x509','org3','eddcb362-2a0c-44eb-bc1a-5ce72cf9b95b',2,40,0,NULL,NULL),('a992e53d-c602-4621-91ba-9dfb5bfd8615',NULL,'registration-terms-and-conditions','org3','a6a72011-bcbc-450d-903c-5a99e6f55c97',3,70,0,NULL,NULL),('aad90971-f4ff-4cb8-a47c-de39ae432649',NULL,'registration-terms-and-conditions','org5','6dd42386-a871-4700-918e-08f3cd157ee5',3,70,0,NULL,NULL),('af85f807-c6af-4e24-99fa-798cfbb4b27c',NULL,'client-jwt','9643073e-80de-4254-9166-5c75e800fbb5','fa5ba895-d655-4033-9115-5cd8f6ed20f5',2,20,0,NULL,NULL),('b02c3cb6-09a7-438f-9c19-46c1fc9f5812',NULL,'http-basic-authenticator','9643073e-80de-4254-9166-5c75e800fbb5','f05d68b4-e047-4a9c-8ef4-fa55cda92a69',0,10,0,NULL,NULL),('b13d5676-fde7-4a83-85a7-961105e659ab',NULL,'docker-http-basic-authenticator','org2','8fc360a2-5ccf-4798-8e18-648c0acf5ddf',0,10,0,NULL,NULL),('b1d995ce-a454-48aa-950b-1dcdd6f6a45d',NULL,'registration-page-form','org4','1887475c-d3bd-4dcd-992d-3b4469361503',0,10,1,'ccb3fe45-2bc9-4b16-bb2c-3634494d2e86',NULL),('b35d1007-3605-43c3-ac91-a9aaff9fa54c',NULL,'http-basic-authenticator','org1','eace0e09-c3fb-4da2-bb0a-51557b0ef0db',0,10,0,NULL,NULL),('b3aecec2-96b1-4186-8887-2b7c0a412514',NULL,NULL,'org4','37cee75b-72ef-4929-aa26-24dfff1c5c94',1,20,1,'a0aa5071-623a-46ff-aa09-470364ade4a1',NULL),('b6cd58e7-740d-4ab3-8c5f-791a6df610fa',NULL,NULL,'org2','b39ed373-6e9f-4757-b1d0-0fc6a3d64f2d',2,20,1,'6dd6a41a-7e08-43b8-abad-208caa1d1d98',NULL),('b6d14292-eb97-4e13-978d-c59d59ce5d48',NULL,'idp-review-profile','org1','ed001d88-ac14-4871-a69e-3540638392fc',0,10,0,NULL,'6fadd0a1-72e5-46c3-8cc6-8981fa5af0c8'),('b82e2841-6cf0-451e-8e43-08e82ae36482',NULL,'direct-grant-validate-password','org2','0603564d-6fab-4914-979b-87cbef301692',0,20,0,NULL,NULL),('b99f93fd-8174-4729-895e-c204a8195838',NULL,'auth-spnego','org2','476f16e9-9d5f-46d6-bcf5-687ce7e6ed19',3,20,0,NULL,NULL),('b9b2e4d5-a8a3-489d-bef1-1318ea16a01b',NULL,'reset-otp','9643073e-80de-4254-9166-5c75e800fbb5','d984cfd5-4f14-4b14-be13-c9f9269d0e75',0,20,0,NULL,NULL),('bab3e95c-5d6a-4c2b-9053-5d063db5419b',NULL,'conditional-user-configured','9643073e-80de-4254-9166-5c75e800fbb5','ee00c58c-3aee-4478-8b1d-036bcda5adea',0,10,0,NULL,NULL),('bae24642-fd91-4190-b361-82c3952686fb',NULL,'reset-otp','org5','c97352b2-de47-40f5-8fc8-fccb32e40832',0,20,0,NULL,NULL),('bb17f870-1512-404a-b74e-1d78c8f71a50',NULL,'auth-spnego','9643073e-80de-4254-9166-5c75e800fbb5','29d4102a-a54d-4b0d-ae04-1c5c74733c6d',3,20,0,NULL,NULL),('be614b4a-8ad5-41b8-931f-c19be3515229',NULL,'registration-recaptcha-action','9643073e-80de-4254-9166-5c75e800fbb5','f5d0c199-ee53-4801-aad3-16536ec87739',3,60,0,NULL,NULL),('bf4c3355-1216-4bff-920f-776d181a56e3',NULL,'client-secret','org1','71101625-19fb-4859-b4be-40ea30970352',2,10,0,NULL,NULL),('bf667cbe-4290-4be9-9c25-02c4ef502eae',NULL,'conditional-user-configured','org1','da8f8d0b-ae10-4860-a15a-8e6b211d4410',0,10,0,NULL,NULL),('c0a34036-e50f-4a85-9d89-9f9fbca8c64f',NULL,NULL,'org4','831c713d-cf41-4113-8d52-bdcd1e03b8f8',0,20,1,'9a10215f-d4a9-4836-951f-21dcc2ee972d',NULL),('c0d7e6cd-37d5-4d34-8020-b18c53c74756',NULL,NULL,'org1','791ae133-1494-42ff-a79d-48597f707456',1,30,1,'acf4d00c-ac43-4c47-a95e-4ccc8d2e4a50',NULL),('c119d1de-2da0-404e-af64-6af707879395',NULL,NULL,'org2','f2e79db2-e564-46d7-81a0-6987521c2b1b',2,20,1,'035963b0-e479-49b8-a2a8-ebe6e28ef60d',NULL),('c195637b-a2d2-4713-be46-5735f9bc670e',NULL,NULL,'9643073e-80de-4254-9166-5c75e800fbb5','1cdae50f-9ae8-4005-b6d2-a37f98a882ee',1,40,1,'d984cfd5-4f14-4b14-be13-c9f9269d0e75',NULL),('c221a1fb-39e4-4975-ad65-dbc896e9f672',NULL,NULL,'org1','bb39719c-8c41-477d-80ba-a329cc85794f',0,20,1,'9d9a8d43-4fec-4778-b6ec-8d094edf6e75',NULL),('c2e6e1e7-b8f6-49c2-a302-9330220664d5',NULL,'client-jwt','org4','13a2deaa-dc90-468b-88b5-7fba3717d471',2,20,0,NULL,NULL),('c3fd210b-b601-4373-9a0e-ab5c7ef0466f',NULL,'identity-provider-redirector','org5','9659af3c-91dc-41b8-a434-1a1c67a716c5',2,25,0,NULL,NULL),('c597bacc-4593-46fd-b4f5-cc4e7b4d8618',NULL,NULL,'org3','bdc367d6-7b94-418f-863c-721c74168221',2,20,1,'ae131ab4-2c82-4583-9716-43bbd9dd2b3f',NULL),('c61889a1-7f15-42dc-80b2-6274ca0d5408',NULL,NULL,'org3','5daf2c4d-ed11-437a-ac77-355cc014d62d',0,20,1,'6ce49f91-22ff-4ad5-a68e-978e592df6f8',NULL),('c62dd301-baba-4592-8877-1f71d07addd7',NULL,'idp-create-user-if-unique','org4','bd534564-987f-45db-87d4-833465c3e602',2,10,0,NULL,'20956290-b244-4dcb-a444-ccbfe52f5324'),('c674bad4-675f-4f26-9a31-92f03fae44ad',NULL,'direct-grant-validate-username','org2','0603564d-6fab-4914-979b-87cbef301692',0,10,0,NULL,NULL),('c7729fa7-f7db-4a20-b3f2-25d48b6c0b29',NULL,'client-x509','org1','71101625-19fb-4859-b4be-40ea30970352',2,40,0,NULL,NULL),('c8b15aa6-2cb6-41a4-80ab-56cb86c34ceb',NULL,'http-basic-authenticator','org5','a4dc14f6-18bf-4659-87bd-ab51b2142cf3',0,10,0,NULL,NULL),('c9b16e19-ba8e-4522-bd3b-d5b0d8d67730',NULL,'conditional-user-configured','org2','ad1e2196-8d93-4d8c-8ddd-0fc2bb43ee6f',0,10,0,NULL,NULL),('c9c2c2e0-4cfe-4f41-b5f2-d925ce65dbf0',NULL,'conditional-user-configured','org4','6198d6e1-8094-476d-bc1e-057affe20bd0',0,10,0,NULL,NULL),('cafe1762-c299-4a8f-8b91-13c857855744',NULL,NULL,'org4','7c9a7b1f-7598-4180-85f2-123fe06caf78',0,20,1,'bd534564-987f-45db-87d4-833465c3e602',NULL),('ccd38bb1-355c-418c-9c3b-2d3f808d2219',NULL,'direct-grant-validate-username','9643073e-80de-4254-9166-5c75e800fbb5','a969e755-bf22-48e8-9efa-5b4c7bc225e1',0,10,0,NULL,NULL),('cd33a787-5da4-45fb-b0cd-964e2c89e866',NULL,'reset-password','org2','c904e0b5-1cd9-4839-92f4-6a305ffbecfa',0,30,0,NULL,NULL),('cd7ff8af-9d66-4163-9633-2cc40b67b0aa',NULL,'conditional-user-configured','org3','e38fb51f-7c71-4d2d-a9ee-2d2cae6a8fc9',0,10,0,NULL,NULL),('ce529277-a3fd-4cd6-928c-057b04478a78',NULL,'idp-username-password-form','org3','ae131ab4-2c82-4583-9716-43bbd9dd2b3f',0,10,0,NULL,NULL),('cf9a87ad-5b32-47fd-b821-2566bcfca514',NULL,NULL,'org2','6dd6a41a-7e08-43b8-abad-208caa1d1d98',0,20,1,'f2e79db2-e564-46d7-81a0-6987521c2b1b',NULL),('cfd66acd-2dea-4a49-997c-c4ee712f8c56',NULL,'registration-recaptcha-action','org3','a6a72011-bcbc-450d-903c-5a99e6f55c97',3,60,0,NULL,NULL),('d0de1989-ae3b-43fa-a948-dc1ab177e529',NULL,'registration-user-creation','org3','a6a72011-bcbc-450d-903c-5a99e6f55c97',0,20,0,NULL,NULL),('d1c76157-5054-4898-ad7f-76caa5dc9ebe',NULL,'reset-credential-email','9643073e-80de-4254-9166-5c75e800fbb5','1cdae50f-9ae8-4005-b6d2-a37f98a882ee',0,20,0,NULL,NULL),('d21e08a4-df90-4466-9902-c70f54fa1ccc',NULL,'auth-spnego','org5','9659af3c-91dc-41b8-a434-1a1c67a716c5',3,20,0,NULL,NULL),('d364cf1b-501d-4847-8390-bb60018a47a3',NULL,'idp-review-profile','org2','4a823f47-c17d-488e-9cce-e432d797a08f',0,10,0,NULL,'2b5826a7-b1a2-4fc8-b9ac-22cf483840c3'),('d473a712-c40c-427e-beab-448c74b9d758',NULL,'client-secret-jwt','org4','13a2deaa-dc90-468b-88b5-7fba3717d471',2,30,0,NULL,NULL),('d531810f-84ce-469d-a8d2-d39d86b5ed1e',NULL,'reset-credential-email','org5','b56d7d8d-e7da-434a-94b2-f8898943b81d',0,20,0,NULL,NULL),('d5a151e0-cadd-439d-b4b8-7c7504364e96',NULL,'auth-otp-form','org4','0b27093b-36f9-4239-8be0-f0674f9020e0',0,20,0,NULL,NULL),('d7b89928-1531-45b5-9659-e07904211c30',NULL,'idp-create-user-if-unique','9643073e-80de-4254-9166-5c75e800fbb5','2279cc73-4731-403f-b349-5133fcbddb3d',2,10,0,NULL,'481727fe-4603-4ccd-8453-087f84de80ef'),('d93d473d-7fff-43c9-89a1-3a754d654191',NULL,'reset-password','org3','00197f8e-7d14-4160-85e2-3f32e5e8d0a0',0,30,0,NULL,NULL),('d9cbc1fa-8944-41cd-9d4a-a5eb27c8cb50',NULL,'reset-password','org1','53d3e4af-262e-41ad-885a-d36c02e616c0',0,30,0,NULL,NULL),('db38071c-6f4a-48b6-acd2-8fca27e79f5e',NULL,'idp-username-password-form','org2','035963b0-e479-49b8-a2a8-ebe6e28ef60d',0,10,0,NULL,NULL),('dc33ec86-0d6e-40b7-b64e-05d0ccf837f1',NULL,'registration-terms-and-conditions','9643073e-80de-4254-9166-5c75e800fbb5','f5d0c199-ee53-4801-aad3-16536ec87739',3,70,0,NULL,NULL),('dcf06c89-d817-4cf7-b316-20e4742583b9',NULL,'client-secret-jwt','9643073e-80de-4254-9166-5c75e800fbb5','fa5ba895-d655-4033-9115-5cd8f6ed20f5',2,30,0,NULL,NULL),('dd172cbf-e97c-4b75-9974-4f9650afc5d6',NULL,NULL,'org2','0603564d-6fab-4914-979b-87cbef301692',1,30,1,'729d8f73-f7dc-4286-b142-2865b62c1980',NULL),('dd738182-143d-4857-b477-05af4470fe0d',NULL,NULL,'org1','72db4b20-1ebb-46ab-826e-eddf3232612c',1,20,1,'a303721b-18d5-4a6c-b70f-16fd2919566c',NULL),('dd977666-dec1-4d67-b038-99e424a04600',NULL,'direct-grant-validate-password','org1','791ae133-1494-42ff-a79d-48597f707456',0,20,0,NULL,NULL),('de5ad3bd-c144-4103-bc6c-80d50e9149a7',NULL,NULL,'9643073e-80de-4254-9166-5c75e800fbb5','2279cc73-4731-403f-b349-5133fcbddb3d',2,20,1,'66cdd0fb-bc07-437d-bc87-dc42b9c7c2f9',NULL),('deebbf40-2456-4786-9621-147f7077e17e',NULL,NULL,'9643073e-80de-4254-9166-5c75e800fbb5','e4235d51-4fde-48ee-90b7-f2baf5a09b38',0,20,1,'2279cc73-4731-403f-b349-5133fcbddb3d',NULL),('dfb7cc58-0693-4de1-bc1d-8ff67ca057d2',NULL,'registration-password-action','9643073e-80de-4254-9166-5c75e800fbb5','f5d0c199-ee53-4801-aad3-16536ec87739',0,50,0,NULL,NULL),('dfcd39b2-bde2-4412-9e34-42b442c830aa',NULL,'reset-otp','org3','03146ced-d515-4acd-bad7-81571c2d4bb5',0,20,0,NULL,NULL),('e15c4c94-ac7f-41c2-bac7-3a4c4428db98',NULL,'docker-http-basic-authenticator','org5','318a7381-fd5f-467d-af02-a3ae2dcd600b',0,10,0,NULL,NULL),('e2ef976a-2813-4645-aea2-1b6e96305a3c',NULL,NULL,'org3','862da5af-ab57-4623-a85e-11b2eb136b08',0,20,1,'bdc367d6-7b94-418f-863c-721c74168221',NULL),('e56b558c-51e2-4b94-8ed5-51cafee46451',NULL,NULL,'9643073e-80de-4254-9166-5c75e800fbb5','becf7b83-5211-47ac-8b70-063ce3326ae1',1,20,1,'ee00c58c-3aee-4478-8b1d-036bcda5adea',NULL),('e67c6960-e53d-48a2-8487-8ea10de47e26',NULL,'idp-username-password-form','org4','d5397247-35c1-44c4-bf7a-bdd241a8d83e',0,10,0,NULL,NULL),('e717190c-1e04-4d83-8cb9-9fc8203a20b7',NULL,'idp-username-password-form','9643073e-80de-4254-9166-5c75e800fbb5','becf7b83-5211-47ac-8b70-063ce3326ae1',0,10,0,NULL,NULL),('e85040a6-0113-456a-9234-e959ec42def6',NULL,'reset-credentials-choose-user','org1','53d3e4af-262e-41ad-885a-d36c02e616c0',0,10,0,NULL,NULL),('e9c3e416-056c-4e26-b5ce-e7867d3072b0',NULL,'http-basic-authenticator','org3','1d3f1eab-3595-4cea-88f0-71ebeaf143c4',0,10,0,NULL,NULL),('ea5eebac-f68b-43e9-ae76-e07510e5a0d6',NULL,'direct-grant-validate-username','org1','791ae133-1494-42ff-a79d-48597f707456',0,10,0,NULL,NULL),('ebb63dd0-346f-4c47-ba76-736f8c05787a',NULL,'conditional-user-configured','org4','a3a984dc-6cbf-48d3-8d4f-af4e139c4a30',0,10,0,NULL,NULL),('ec7fd30e-8660-40ee-869d-8d5a6d249dc9',NULL,'auth-otp-form','org5','d3fbbf2b-abdb-4c91-9a39-4747120b89c0',0,20,0,NULL,NULL),('ecd7d430-864b-4bb2-8e02-00597c716ac9',NULL,NULL,'org2','476f16e9-9d5f-46d6-bcf5-687ce7e6ed19',2,30,1,'b74bea68-7fa3-45c8-85a3-e2cf96d62ecc',NULL),('ed51b06e-c3f9-4650-a744-fcc7e2535763',NULL,'direct-grant-validate-otp','org3','e38fb51f-7c71-4d2d-a9ee-2d2cae6a8fc9',0,20,0,NULL,NULL),('ed5e9d86-7fd8-4fac-8ee9-7fd6dc9d16da',NULL,'conditional-user-configured','org3','f629d994-f599-4dab-b459-8007e7df9b70',0,10,0,NULL,NULL),('edbc800d-d07d-4252-be31-5b88d8047caa',NULL,'registration-page-form','9643073e-80de-4254-9166-5c75e800fbb5','9f59cd53-7c2f-4a59-8fd0-ec4876fa8855',0,10,1,'f5d0c199-ee53-4801-aad3-16536ec87739',NULL),('ee4bb7f1-af0d-4dbd-87f5-4eebe06b00a1',NULL,'http-basic-authenticator','org2','c5ee96f3-c92d-4c78-8271-f9d2c266ee8a',0,10,0,NULL,NULL),('ee78444c-c482-4e1e-ac1b-a2abd780c02f',NULL,'reset-credential-email','org3','00197f8e-7d14-4160-85e2-3f32e5e8d0a0',0,20,0,NULL,NULL),('ee8fc723-8c44-420d-8327-ed520ee89ea0',NULL,'registration-user-creation','org5','6dd42386-a871-4700-918e-08f3cd157ee5',0,20,0,NULL,NULL),('f266a78b-24de-40fd-a6bf-be1d03386eb0',NULL,'idp-email-verification','org2','f2e79db2-e564-46d7-81a0-6987521c2b1b',2,10,0,NULL,NULL),('f2a8ca73-fe17-4564-814d-011be6aff45e',NULL,'registration-password-action','org1','8796edc0-4e53-4a1b-9717-157bd3fd5d53',0,50,0,NULL,NULL),('f2f1f4a6-bb23-4df8-8bf5-c56038b6b40d',NULL,'identity-provider-redirector','org3','cbffb6bd-c9c5-4338-b864-ff073fcc600a',2,25,0,NULL,NULL),('f32eaedb-a087-4327-9633-df4cd17ee7c4',NULL,'idp-confirm-link','org1','bb39719c-8c41-477d-80ba-a329cc85794f',0,10,0,NULL,NULL),('f3c2a1f4-daf8-4bf5-93c2-17c96ff1941d',NULL,'client-secret-jwt','org5','340e75ec-403f-4c89-81e0-3cb201b0a694',2,30,0,NULL,NULL),('f4c3f41a-d325-464d-ae3e-e02bc314b83d',NULL,'registration-terms-and-conditions','org1','8796edc0-4e53-4a1b-9717-157bd3fd5d53',3,70,0,NULL,NULL),('f5dc2da1-7871-4ce1-b78a-779b08934a98',NULL,'client-jwt','org2','291b882f-251a-4ac2-8535-33ac9b601178',2,20,0,NULL,NULL),('f6c265bc-1f58-457c-9147-bf1322227081',NULL,'auth-username-password-form','9643073e-80de-4254-9166-5c75e800fbb5','2bc6b6f2-89cd-4d4f-93b9-3790b0129014',0,10,0,NULL,NULL),('f93385a8-8559-4756-96fc-a71e68370d42',NULL,NULL,'9643073e-80de-4254-9166-5c75e800fbb5','2bc6b6f2-89cd-4d4f-93b9-3790b0129014',1,20,1,'6bc955e1-edd3-4a2e-b083-fa2260fe67f1',NULL),('faa0e975-0939-4a60-874d-166cc474d564',NULL,'auth-cookie','org1','a88809fa-7536-4422-a1ba-a43852a01388',2,10,0,NULL,NULL),('fb3e9cf6-2514-4c46-a052-489ace086e40',NULL,'auth-otp-form','org3','6136d1ef-a6a5-45f7-9c88-a04010977a42',0,20,0,NULL,NULL),('fbd17e00-d09b-46b1-bce0-134a1598a915',NULL,'client-secret','9643073e-80de-4254-9166-5c75e800fbb5','fa5ba895-d655-4033-9115-5cd8f6ed20f5',2,10,0,NULL,NULL),('fd64e103-fbb9-405b-b264-1734a7ce26ea',NULL,'auth-otp-form','org2','84c150b5-9a19-4fa2-888c-b31c47a056d7',0,20,0,NULL,NULL),('fe65eaf1-3f19-4846-a2c1-49e3d9e0caac',NULL,'auth-username-password-form','org2','b74bea68-7fa3-45c8-85a3-e2cf96d62ecc',0,10,0,NULL,NULL),('fec8cc74-c313-407d-b87e-bc879e0f03ab',NULL,'registration-user-creation','org2','3d868275-9ca9-4b31-be1f-5ac27756aa90',0,20,0,NULL,NULL);
UNLOCK TABLES;

--
-- Dumping data for table `AUTHENTICATION_FLOW`
--

LOCK TABLES `AUTHENTICATION_FLOW` WRITE;
INSERT INTO `AUTHENTICATION_FLOW` VALUES ('00197f8e-7d14-4160-85e2-3f32e5e8d0a0','reset credentials','Reset credentials for a user if they forgot their password or something','org3','basic-flow',1,1),('03146ced-d515-4acd-bad7-81571c2d4bb5','Reset - Conditional OTP','Flow to determine if the OTP should be reset or not. Set to REQUIRED to force.','org3','basic-flow',0,1),('035963b0-e479-49b8-a2a8-ebe6e28ef60d','Verify Existing Account by Re-authentication','Reauthentication of existing account','org2','basic-flow',0,1),('0603564d-6fab-4914-979b-87cbef301692','direct grant','OpenID Connect Resource Owner Grant','org2','basic-flow',1,1),('0b27093b-36f9-4239-8be0-f0674f9020e0','First broker login - Conditional OTP','Flow to determine if the OTP is required for the authentication','org4','basic-flow',0,1),('0c3bdb1a-b9d2-4802-98f6-8ed56f2de1ba','User creation or linking','Flow for the existing/non-existing user alternatives','org5','basic-flow',0,1),('135ac73d-1add-49d3-8db7-a7a97c8528c2','forms','Username, password, otp and other auth forms.','org5','basic-flow',0,1),('13a2deaa-dc90-468b-88b5-7fba3717d471','clients','Base authentication for clients','org4','client-flow',1,1),('1887475c-d3bd-4dcd-992d-3b4469361503','registration','registration flow','org4','basic-flow',1,1),('1cdae50f-9ae8-4005-b6d2-a37f98a882ee','reset credentials','Reset credentials for a user if they forgot their password or something','9643073e-80de-4254-9166-5c75e800fbb5','basic-flow',1,1),('1d3f1eab-3595-4cea-88f0-71ebeaf143c4','saml ecp','SAML ECP Profile Authentication Flow','org3','basic-flow',1,1),('2279cc73-4731-403f-b349-5133fcbddb3d','User creation or linking','Flow for the existing/non-existing user alternatives','9643073e-80de-4254-9166-5c75e800fbb5','basic-flow',0,1),('251a2c3a-568d-4c60-8e05-3763bc5217fe','Handle Existing Account','Handle what to do if there is existing account with same email/username like authenticated identity provider','org5','basic-flow',0,1),('291b882f-251a-4ac2-8535-33ac9b601178','clients','Base authentication for clients','org2','client-flow',1,1),('29d4102a-a54d-4b0d-ae04-1c5c74733c6d','browser','browser based authentication','9643073e-80de-4254-9166-5c75e800fbb5','basic-flow',1,1),('2bc6b6f2-89cd-4d4f-93b9-3790b0129014','forms','Username, password, otp and other auth forms.','9643073e-80de-4254-9166-5c75e800fbb5','basic-flow',0,1),('318a7381-fd5f-467d-af02-a3ae2dcd600b','docker auth','Used by Docker clients to authenticate against the IDP','org5','basic-flow',1,1),('340e75ec-403f-4c89-81e0-3cb201b0a694','clients','Base authentication for clients','org5','client-flow',1,1),('37cee75b-72ef-4929-aa26-24dfff1c5c94','forms','Username, password, otp and other auth forms.','org4','basic-flow',0,1),('3d868275-9ca9-4b31-be1f-5ac27756aa90','registration form','registration form','org2','form-flow',0,1),('3da9a4b1-f734-467b-8a0e-003f7e44774b','docker auth','Used by Docker clients to authenticate against the IDP','org3','basic-flow',1,1),('4247663f-9613-46d8-b17e-9f9bab07ae98','direct grant','OpenID Connect Resource Owner Grant','org5','basic-flow',1,1),('476f16e9-9d5f-46d6-bcf5-687ce7e6ed19','browser','browser based authentication','org2','basic-flow',1,1),('49d912c6-c40c-4d10-96ac-a1010a0f66c8','direct grant','OpenID Connect Resource Owner Grant','org4','basic-flow',1,1),('4a823f47-c17d-488e-9cce-e432d797a08f','first broker login','Actions taken after first broker login with identity provider account, which is not yet linked to any Keycloak account','org2','basic-flow',1,1),('4f456d16-e82b-4cf8-a1ee-786de1959659','first broker login','Actions taken after first broker login with identity provider account, which is not yet linked to any Keycloak account','org5','basic-flow',1,1),('53d3e4af-262e-41ad-885a-d36c02e616c0','reset credentials','Reset credentials for a user if they forgot their password or something','org1','basic-flow',1,1),('5daf2c4d-ed11-437a-ac77-355cc014d62d','first broker login','Actions taken after first broker login with identity provider account, which is not yet linked to any Keycloak account','org3','basic-flow',1,1),('5f3f753d-fc46-4bfa-8207-38e37d460160','Verify Existing Account by Re-authentication','Reauthentication of existing account','org1','basic-flow',0,1),('6015b7ce-3477-43d3-b1bd-827365d7e072','Direct Grant - Conditional OTP','Flow to determine if the OTP is required for the authentication','org5','basic-flow',0,1),('6136d1ef-a6a5-45f7-9c88-a04010977a42','First broker login - Conditional OTP','Flow to determine if the OTP is required for the authentication','org3','basic-flow',0,1),('6198d6e1-8094-476d-bc1e-057affe20bd0','Reset - Conditional OTP','Flow to determine if the OTP should be reset or not. Set to REQUIRED to force.','org4','basic-flow',0,1),('66cdd0fb-bc07-437d-bc87-dc42b9c7c2f9','Handle Existing Account','Handle what to do if there is existing account with same email/username like authenticated identity provider','9643073e-80de-4254-9166-5c75e800fbb5','basic-flow',0,1),('6b2b6c10-8664-4e3c-b3f9-3a0274c40946','reset credentials','Reset credentials for a user if they forgot their password or something','org4','basic-flow',1,1),('6bc955e1-edd3-4a2e-b083-fa2260fe67f1','Browser - Conditional OTP','Flow to determine if the OTP is required for the authentication','9643073e-80de-4254-9166-5c75e800fbb5','basic-flow',0,1),('6ce49f91-22ff-4ad5-a68e-978e592df6f8','User creation or linking','Flow for the existing/non-existing user alternatives','org3','basic-flow',0,1),('6dd42386-a871-4700-918e-08f3cd157ee5','registration form','registration form','org5','form-flow',0,1),('6dd6a41a-7e08-43b8-abad-208caa1d1d98','Handle Existing Account','Handle what to do if there is existing account with same email/username like authenticated identity provider','org2','basic-flow',0,1),('71101625-19fb-4859-b4be-40ea30970352','clients','Base authentication for clients','org1','client-flow',1,1),('729d8f73-f7dc-4286-b142-2865b62c1980','Direct Grant - Conditional OTP','Flow to determine if the OTP is required for the authentication','org2','basic-flow',0,1),('72db4b20-1ebb-46ab-826e-eddf3232612c','forms','Username, password, otp and other auth forms.','org1','basic-flow',0,1),('791ae133-1494-42ff-a79d-48597f707456','direct grant','OpenID Connect Resource Owner Grant','org1','basic-flow',1,1),('7aab5018-ca45-486e-a7e1-fdeebf4c03e9','registration','registration flow','org2','basic-flow',1,1),('7c9a7b1f-7598-4180-85f2-123fe06caf78','first broker login','Actions taken after first broker login with identity provider account, which is not yet linked to any Keycloak account','org4','basic-flow',1,1),('82bd9a4a-20f7-4fbe-8ce2-fb4d4ab8cc09','docker auth','Used by Docker clients to authenticate against the IDP','org1','basic-flow',1,1),('831c713d-cf41-4113-8d52-bdcd1e03b8f8','Handle Existing Account','Handle what to do if there is existing account with same email/username like authenticated identity provider','org4','basic-flow',0,1),('84c150b5-9a19-4fa2-888c-b31c47a056d7','Browser - Conditional OTP','Flow to determine if the OTP is required for the authentication','org2','basic-flow',0,1),('862da5af-ab57-4623-a85e-11b2eb136b08','Handle Existing Account','Handle what to do if there is existing account with same email/username like authenticated identity provider','org3','basic-flow',0,1),('8796edc0-4e53-4a1b-9717-157bd3fd5d53','registration form','registration form','org1','form-flow',0,1),('8f353eba-8e72-4813-b82a-dbd4a39abb99','docker auth','Used by Docker clients to authenticate against the IDP','org4','basic-flow',1,1),('8fc360a2-5ccf-4798-8e18-648c0acf5ddf','docker auth','Used by Docker clients to authenticate against the IDP','org2','basic-flow',1,1),('960eef46-ef43-400f-9ea2-80e80f4c3e0a','docker auth','Used by Docker clients to authenticate against the IDP','9643073e-80de-4254-9166-5c75e800fbb5','basic-flow',1,1),('961c5e71-1813-49d7-a11d-e318fe98a721','direct grant','OpenID Connect Resource Owner Grant','org3','basic-flow',1,1),('9659af3c-91dc-41b8-a434-1a1c67a716c5','browser','browser based authentication','org5','basic-flow',1,1),('99fee172-f050-456d-8cd6-890a9a9bb31e','Direct Grant - Conditional OTP','Flow to determine if the OTP is required for the authentication','9643073e-80de-4254-9166-5c75e800fbb5','basic-flow',0,1),('9a10215f-d4a9-4836-951f-21dcc2ee972d','Account verification options','Method with which to verity the existing account','org4','basic-flow',0,1),('9d9a8d43-4fec-4778-b6ec-8d094edf6e75','Account verification options','Method with which to verity the existing account','org1','basic-flow',0,1),('9f59cd53-7c2f-4a59-8fd0-ec4876fa8855','registration','registration flow','9643073e-80de-4254-9166-5c75e800fbb5','basic-flow',1,1),('a0aa5071-623a-46ff-aa09-470364ade4a1','Browser - Conditional OTP','Flow to determine if the OTP is required for the authentication','org4','basic-flow',0,1),('a303721b-18d5-4a6c-b70f-16fd2919566c','Browser - Conditional OTP','Flow to determine if the OTP is required for the authentication','org1','basic-flow',0,1),('a3a984dc-6cbf-48d3-8d4f-af4e139c4a30','Direct Grant - Conditional OTP','Flow to determine if the OTP is required for the authentication','org4','basic-flow',0,1),('a4dc14f6-18bf-4659-87bd-ab51b2142cf3','saml ecp','SAML ECP Profile Authentication Flow','org5','basic-flow',1,1),('a6a72011-bcbc-450d-903c-5a99e6f55c97','registration form','registration form','org3','form-flow',0,1),('a88809fa-7536-4422-a1ba-a43852a01388','browser','browser based authentication','org1','basic-flow',1,1),('a969e755-bf22-48e8-9efa-5b4c7bc225e1','direct grant','OpenID Connect Resource Owner Grant','9643073e-80de-4254-9166-5c75e800fbb5','basic-flow',1,1),('ab6a78b1-7a59-4673-9e8a-e7cab29fc8a5','registration','registration flow','org1','basic-flow',1,1),('acf4d00c-ac43-4c47-a95e-4ccc8d2e4a50','Direct Grant - Conditional OTP','Flow to determine if the OTP is required for the authentication','org1','basic-flow',0,1),('ad1e2196-8d93-4d8c-8ddd-0fc2bb43ee6f','Reset - Conditional OTP','Flow to determine if the OTP should be reset or not. Set to REQUIRED to force.','org2','basic-flow',0,1),('ae131ab4-2c82-4583-9716-43bbd9dd2b3f','Verify Existing Account by Re-authentication','Reauthentication of existing account','org3','basic-flow',0,1),('b39ed373-6e9f-4757-b1d0-0fc6a3d64f2d','User creation or linking','Flow for the existing/non-existing user alternatives','org2','basic-flow',0,1),('b56d7d8d-e7da-434a-94b2-f8898943b81d','reset credentials','Reset credentials for a user if they forgot their password or something','org5','basic-flow',1,1),('b74bea68-7fa3-45c8-85a3-e2cf96d62ecc','forms','Username, password, otp and other auth forms.','org2','basic-flow',0,1),('bb39719c-8c41-477d-80ba-a329cc85794f','Handle Existing Account','Handle what to do if there is existing account with same email/username like authenticated identity provider','org1','basic-flow',0,1),('bbad6dc1-c649-47f9-9956-181ead2ed472','Account verification options','Method with which to verity the existing account','9643073e-80de-4254-9166-5c75e800fbb5','basic-flow',0,1),('bd534564-987f-45db-87d4-833465c3e602','User creation or linking','Flow for the existing/non-existing user alternatives','org4','basic-flow',0,1),('bdc367d6-7b94-418f-863c-721c74168221','Account verification options','Method with which to verity the existing account','org3','basic-flow',0,1),('becf7b83-5211-47ac-8b70-063ce3326ae1','Verify Existing Account by Re-authentication','Reauthentication of existing account','9643073e-80de-4254-9166-5c75e800fbb5','basic-flow',0,1),('c5ee96f3-c92d-4c78-8271-f9d2c266ee8a','saml ecp','SAML ECP Profile Authentication Flow','org2','basic-flow',1,1),('c904e0b5-1cd9-4839-92f4-6a305ffbecfa','reset credentials','Reset credentials for a user if they forgot their password or something','org2','basic-flow',1,1),('c97352b2-de47-40f5-8fc8-fccb32e40832','Reset - Conditional OTP','Flow to determine if the OTP should be reset or not. Set to REQUIRED to force.','org5','basic-flow',0,1),('c9832951-3217-4852-94fd-0d081c3fea9f','First broker login - Conditional OTP','Flow to determine if the OTP is required for the authentication','org5','basic-flow',0,1),('cbffb6bd-c9c5-4338-b864-ff073fcc600a','browser','browser based authentication','org3','basic-flow',1,1),('ccb3fe45-2bc9-4b16-bb2c-3634494d2e86','registration form','registration form','org4','form-flow',0,1),('cd598942-bb21-46e3-b651-73dddaac080a','registration','registration flow','org3','basic-flow',1,1),('d21abe73-cc21-4b0e-9ea0-eb3e6fba8508','Reset - Conditional OTP','Flow to determine if the OTP should be reset or not. Set to REQUIRED to force.','org1','basic-flow',0,1),('d3fbbf2b-abdb-4c91-9a39-4747120b89c0','Browser - Conditional OTP','Flow to determine if the OTP is required for the authentication','org5','basic-flow',0,1),('d5397247-35c1-44c4-bf7a-bdd241a8d83e','Verify Existing Account by Re-authentication','Reauthentication of existing account','org4','basic-flow',0,1),('d984cfd5-4f14-4b14-be13-c9f9269d0e75','Reset - Conditional OTP','Flow to determine if the OTP should be reset or not. Set to REQUIRED to force.','9643073e-80de-4254-9166-5c75e800fbb5','basic-flow',0,1),('da8f8d0b-ae10-4860-a15a-8e6b211d4410','First broker login - Conditional OTP','Flow to determine if the OTP is required for the authentication','org1','basic-flow',0,1),('de773459-e233-44ef-acdb-09c686283b6b','saml ecp','SAML ECP Profile Authentication Flow','org4','basic-flow',1,1),('e1180ab8-25c4-429b-b268-ee74997a652a','First broker login - Conditional OTP','Flow to determine if the OTP is required for the authentication','org2','basic-flow',0,1),('e20429d4-3f5f-4f6e-b7b6-c71915d52949','browser','browser based authentication','org4','basic-flow',1,1),('e38fb51f-7c71-4d2d-a9ee-2d2cae6a8fc9','Direct Grant - Conditional OTP','Flow to determine if the OTP is required for the authentication','org3','basic-flow',0,1),('e4235d51-4fde-48ee-90b7-f2baf5a09b38','first broker login','Actions taken after first broker login with identity provider account, which is not yet linked to any Keycloak account','9643073e-80de-4254-9166-5c75e800fbb5','basic-flow',1,1),('e47ae102-a902-40c8-b261-895ef95263b2','User creation or linking','Flow for the existing/non-existing user alternatives','org1','basic-flow',0,1),('eaa9632e-43a5-4947-a8f5-88f3262654e6','Account verification options','Method with which to verity the existing account','org5','basic-flow',0,1),('eace0e09-c3fb-4da2-bb0a-51557b0ef0db','saml ecp','SAML ECP Profile Authentication Flow','org1','basic-flow',1,1),('ed001d88-ac14-4871-a69e-3540638392fc','first broker login','Actions taken after first broker login with identity provider account, which is not yet linked to any Keycloak account','org1','basic-flow',1,1),('eddcb362-2a0c-44eb-bc1a-5ce72cf9b95b','clients','Base authentication for clients','org3','client-flow',1,1),('ee00c58c-3aee-4478-8b1d-036bcda5adea','First broker login - Conditional OTP','Flow to determine if the OTP is required for the authentication','9643073e-80de-4254-9166-5c75e800fbb5','basic-flow',0,1),('f05d68b4-e047-4a9c-8ef4-fa55cda92a69','saml ecp','SAML ECP Profile Authentication Flow','9643073e-80de-4254-9166-5c75e800fbb5','basic-flow',1,1),('f1cb11ef-121e-4be0-af57-9ac5094afbdd','Verify Existing Account by Re-authentication','Reauthentication of existing account','org5','basic-flow',0,1),('f2e79db2-e564-46d7-81a0-6987521c2b1b','Account verification options','Method with which to verity the existing account','org2','basic-flow',0,1),('f4659587-2b8b-4615-bd68-2e6b5245b078','registration','registration flow','org5','basic-flow',1,1),('f5d0c199-ee53-4801-aad3-16536ec87739','registration form','registration form','9643073e-80de-4254-9166-5c75e800fbb5','form-flow',0,1),('f629d994-f599-4dab-b459-8007e7df9b70','Browser - Conditional OTP','Flow to determine if the OTP is required for the authentication','org3','basic-flow',0,1),('f9163125-21a6-4375-9cc7-ac531f44c50c','forms','Username, password, otp and other auth forms.','org3','basic-flow',0,1),('fa5ba895-d655-4033-9115-5cd8f6ed20f5','clients','Base authentication for clients','9643073e-80de-4254-9166-5c75e800fbb5','client-flow',1,1);
UNLOCK TABLES;

--
-- Dumping data for table `AUTHENTICATOR_CONFIG`
--

LOCK TABLES `AUTHENTICATOR_CONFIG` WRITE;
INSERT INTO `AUTHENTICATOR_CONFIG` VALUES ('0fe71579-0379-4239-95fd-3ac1453c3c6f','review profile config','9643073e-80de-4254-9166-5c75e800fbb5'),('20956290-b244-4dcb-a444-ccbfe52f5324','create unique user config','org4'),('2b5826a7-b1a2-4fc8-b9ac-22cf483840c3','review profile config','org2'),('44ffaeeb-576e-4a4f-b74f-cda4f96e3aa5','create unique user config','org1'),('47a4014e-ed2b-4d96-871b-d5192f2edeb0','review profile config','org4'),('481727fe-4603-4ccd-8453-087f84de80ef','create unique user config','9643073e-80de-4254-9166-5c75e800fbb5'),('58a1e1e5-727e-49d6-a593-12a4872afbf0','create unique user config','org2'),('6985cf68-cf71-40dd-ac8b-b015716c40ac','create unique user config','org5'),('6fadd0a1-72e5-46c3-8cc6-8981fa5af0c8','review profile config','org1'),('81a25c32-b1b6-4f15-b07a-2bcb970a3728','review profile config','org5'),('93e28082-78e3-4df9-92b2-ff0706c4d496','create unique user config','org3'),('caab6cdb-acea-4b19-81c7-e37940562a4e','review profile config','org3');
UNLOCK TABLES;

--
-- Dumping data for table `AUTHENTICATOR_CONFIG_ENTRY`
--

LOCK TABLES `AUTHENTICATOR_CONFIG_ENTRY` WRITE;
INSERT INTO `AUTHENTICATOR_CONFIG_ENTRY` VALUES ('0fe71579-0379-4239-95fd-3ac1453c3c6f','missing','update.profile.on.first.login'),('20956290-b244-4dcb-a444-ccbfe52f5324','false','require.password.update.after.registration'),('2b5826a7-b1a2-4fc8-b9ac-22cf483840c3','missing','update.profile.on.first.login'),('44ffaeeb-576e-4a4f-b74f-cda4f96e3aa5','false','require.password.update.after.registration'),('47a4014e-ed2b-4d96-871b-d5192f2edeb0','missing','update.profile.on.first.login'),('481727fe-4603-4ccd-8453-087f84de80ef','false','require.password.update.after.registration'),('58a1e1e5-727e-49d6-a593-12a4872afbf0','false','require.password.update.after.registration'),('6985cf68-cf71-40dd-ac8b-b015716c40ac','false','require.password.update.after.registration'),('6fadd0a1-72e5-46c3-8cc6-8981fa5af0c8','missing','update.profile.on.first.login'),('81a25c32-b1b6-4f15-b07a-2bcb970a3728','missing','update.profile.on.first.login'),('93e28082-78e3-4df9-92b2-ff0706c4d496','false','require.password.update.after.registration'),('caab6cdb-acea-4b19-81c7-e37940562a4e','missing','update.profile.on.first.login');
UNLOCK TABLES;

--
-- Dumping data for table `BROKER_LINK`
--

LOCK TABLES `BROKER_LINK` WRITE;
UNLOCK TABLES;

--
-- Dumping data for table `CLIENT`
--

LOCK TABLES `CLIENT` WRITE;
INSERT INTO `CLIENT` VALUES ('00d4d030-dda0-4f38-b364-9ba06c1469e9',1,0,'account',0,1,NULL,'/realms/org3/account/',0,NULL,0,'org3','openid-connect',0,0,0,'${client_account}',0,'client-secret','${authBaseUrl}',NULL,NULL,1,0,0,0),('09a856e4-4e30-4266-9325-adf59490f8b1',1,1,'system-org3-auth',0,0,'S5lG3nVAQpRidwW4QTbIVL915bTrxBAe',NULL,1,NULL,0,'org3','openid-connect',-1,0,0,NULL,0,'client-secret',NULL,NULL,NULL,1,0,1,0),('0b19cea0-1501-4228-bdd6-11d7e92e6ac3',1,0,'broker',0,0,NULL,NULL,1,NULL,0,'org3','openid-connect',0,0,0,'${client_broker}',0,'client-secret',NULL,NULL,NULL,1,0,0,0),('1186f8e8-1c71-4ad0-8d4b-b202cc8f2075',1,0,'admin-cli',0,1,NULL,NULL,0,NULL,0,'9643073e-80de-4254-9166-5c75e800fbb5','openid-connect',0,0,0,'${client_admin-cli}',0,'client-secret',NULL,NULL,NULL,0,0,1,0),('17eebc4b-5b49-4784-a6f1-e98d788d48dd',1,0,'org1-realm',0,0,NULL,NULL,1,NULL,0,'9643073e-80de-4254-9166-5c75e800fbb5',NULL,0,0,0,'org1 Realm',0,'client-secret',NULL,NULL,NULL,1,0,0,0),('18e7b0e7-2c8d-44b2-b435-36efa33a6ca1',1,1,'system-org1-auth',0,0,'Os6ZW1IJPhL1VXRVb1WvLTYBGJDH3by9',NULL,1,NULL,0,'org1','openid-connect',-1,0,0,NULL,0,'client-secret',NULL,NULL,NULL,1,0,1,0),('19960f2a-7858-4e31-88cf-84e8e028af03',1,1,'system-org5-auth',0,0,'WavpPV5WsYEdAR9NnlodA5vy7hZz9DKe',NULL,1,NULL,0,'org5','openid-connect',-1,0,0,NULL,0,'client-secret',NULL,NULL,NULL,1,0,1,0),('1bb141eb-f6ea-4e73-a5c5-9902dd89cd08',1,1,'_platform',0,0,'0G0G3FU4M2CTVeU9Ezi5fyrTl9GvLEUa',NULL,0,NULL,0,'9643073e-80de-4254-9166-5c75e800fbb5','openid-connect',-1,0,0,NULL,1,'client-secret',NULL,NULL,NULL,0,0,1,0),('25395b94-d108-4733-bde2-275d838f2ad2',1,1,'org2-workspaces',0,0,'0jLCoU2q6Rrp3KwksEsVyb0ykn0lc455',NULL,0,NULL,0,'org2','openid-connect',-1,0,0,NULL,1,'client-secret',NULL,NULL,NULL,0,0,1,0),('2a6170ac-f1dc-42ce-9c69-481425425668',1,0,'account',0,1,NULL,'/realms/org1/account/',0,NULL,0,'org1','openid-connect',0,0,0,'${client_account}',0,'client-secret','${authBaseUrl}',NULL,NULL,1,0,0,0),('2d05db90-7bfd-4f43-8f74-4cdbbb9a4a40',1,0,'security-admin-console',0,1,NULL,'/admin/org4/console/',0,NULL,0,'org4','openid-connect',0,0,0,'${client_security-admin-console}',0,'client-secret','${authAdminUrl}',NULL,NULL,1,0,0,0),('2e4723a1-d81b-4639-bb6b-9f411f27d91d',1,1,'org2',0,1,'5CTkfSQ7cU7BZw0qJ2mzjQLriLwVYiEQ',NULL,0,NULL,0,'org2','openid-connect',-1,0,0,NULL,0,'client-secret',NULL,NULL,NULL,1,0,1,0),('318e9877-e404-46cd-82a4-e2787db90b65',1,0,'realm-management',0,0,NULL,NULL,1,NULL,0,'org4','openid-connect',0,0,0,'${client_realm-management}',0,'client-secret',NULL,NULL,NULL,1,0,0,0),('3e5528d0-4651-41dd-8b09-eab39bf2a102',1,0,'realm-management',0,0,NULL,NULL,1,NULL,0,'org1','openid-connect',0,0,0,'${client_realm-management}',0,'client-secret',NULL,NULL,NULL,1,0,0,0),('3f50a502-35ff-41a2-8166-3b8afa0fdd66',1,0,'realm-management',0,0,NULL,NULL,1,NULL,0,'org5','openid-connect',0,0,0,'${client_realm-management}',0,'client-secret',NULL,NULL,NULL,1,0,0,0),('438356cc-9d72-4f49-97ff-91bbea97f232',1,1,'_org4-api',0,1,'oyNmuEpvcuWcuffVxIlbq3u2yti93uVi',NULL,0,NULL,0,'org4','openid-connect',-1,0,0,NULL,0,'client-secret',NULL,NULL,NULL,0,0,1,0),('44961bdd-6c85-4958-a299-04e1ae46c08f',1,0,'realm-management',0,0,NULL,NULL,1,NULL,0,'org3','openid-connect',0,0,0,'${client_realm-management}',0,'client-secret',NULL,NULL,NULL,1,0,0,0),('4550d099-3f1d-4168-bc8d-659081fd9a17',1,0,'account-console',0,1,NULL,'/realms/org4/account/',0,NULL,0,'org4','openid-connect',0,0,0,'${client_account-console}',0,'client-secret','${authBaseUrl}',NULL,NULL,1,0,0,0),('4684d68e-637f-499b-b7c6-92703645abd4',1,1,'_platform-api',0,1,NULL,NULL,0,NULL,0,'9643073e-80de-4254-9166-5c75e800fbb5','openid-connect',-1,0,0,NULL,0,'client-secret',NULL,NULL,NULL,0,0,1,0),('555435bb-3607-4027-89ec-ccdd8baae872',1,0,'security-admin-console',0,1,NULL,'/admin/org3/console/',0,NULL,0,'org3','openid-connect',0,0,0,'${client_security-admin-console}',0,'client-secret','${authAdminUrl}',NULL,NULL,1,0,0,0),('58af73be-1124-4f34-a9a7-3742f8a57086',1,0,'account-console',0,1,NULL,'/realms/org3/account/',0,NULL,0,'org3','openid-connect',0,0,0,'${client_account-console}',0,'client-secret','${authBaseUrl}',NULL,NULL,1,0,0,0),('60018920-d721-4b3b-8366-e1b2e4292601',1,0,'org2-realm',0,0,NULL,NULL,1,NULL,0,'9643073e-80de-4254-9166-5c75e800fbb5',NULL,0,0,0,'org2 Realm',0,'client-secret',NULL,NULL,NULL,1,0,0,0),('6007d68b-d40c-4036-8801-e86b0fdb84ac',1,0,'org4-realm',0,0,NULL,NULL,1,NULL,0,'9643073e-80de-4254-9166-5c75e800fbb5',NULL,0,0,0,'org4 Realm',0,'client-secret',NULL,NULL,NULL,1,0,0,0),('60a7afae-7d70-4839-bcde-254fdf03b6e6',1,0,'security-admin-console',0,1,NULL,'/admin/org1/console/',0,NULL,0,'org1','openid-connect',0,0,0,'${client_security-admin-console}',0,'client-secret','${authAdminUrl}',NULL,NULL,1,0,0,0),('61d92538-9a22-412e-b7a4-661fb81930ee',1,1,'org4',0,1,'ouqlFjbSMyWRjy14BdGzCjXG7yhr6qd7',NULL,0,NULL,0,'org4','openid-connect',-1,0,0,NULL,0,'client-secret',NULL,NULL,NULL,1,0,1,0),('653fa1e9-f9fe-46e8-ba11-4e72f74fe1d0',1,0,'broker',0,0,NULL,NULL,1,NULL,0,'9643073e-80de-4254-9166-5c75e800fbb5','openid-connect',0,0,0,'${client_broker}',0,'client-secret',NULL,NULL,NULL,1,0,0,0),('65f6db45-0ad5-4094-92a4-606ec7018502',1,1,'org5',0,1,'FVp919iOt6u4MCO6KgtxXADI6sXDaOoi',NULL,0,NULL,0,'org5','openid-connect',-1,0,0,NULL,0,'client-secret',NULL,NULL,NULL,1,0,1,0),('6c49157f-31b8-4aaf-b5f7-307527daca89',1,0,'admin-cli',0,1,NULL,NULL,0,NULL,0,'org5','openid-connect',0,0,0,'${client_admin-cli}',0,'client-secret',NULL,NULL,NULL,0,0,1,0),('6d55a46e-ddd0-4e3b-8827-c944ca695317',1,0,'account',0,1,NULL,'/realms/org5/account/',0,NULL,0,'org5','openid-connect',0,0,0,'${client_account}',0,'client-secret','${authBaseUrl}',NULL,NULL,1,0,0,0),('6db90188-2ecc-41f0-89be-91533cf6a9ee',1,0,'admin-cli',0,1,NULL,NULL,0,NULL,0,'org3','openid-connect',0,0,0,'${client_admin-cli}',0,'client-secret',NULL,NULL,NULL,0,0,1,0),('723aa6e9-796b-40e8-8506-5ab2d8013a4f',1,0,'account',0,1,NULL,'/realms/master/account/',0,NULL,0,'9643073e-80de-4254-9166-5c75e800fbb5','openid-connect',0,0,0,'${client_account}',0,'client-secret','${authBaseUrl}',NULL,NULL,1,0,0,0),('742e6a45-dd6c-42b9-8bac-676ee77ef264',1,1,'org1-workspaces',0,0,'OwXOXrCtByOpsL4fMK7QmPP6sxuz3TYg',NULL,0,NULL,0,'org1','openid-connect',-1,0,0,NULL,1,'client-secret',NULL,NULL,NULL,0,0,1,0),('75d96194-d217-4f3b-a78b-539477dc2615',1,0,'realm-management',0,0,NULL,NULL,1,NULL,0,'org2','openid-connect',0,0,0,'${client_realm-management}',0,'client-secret',NULL,NULL,NULL,1,0,0,0),('76398bcb-f02f-4ff0-b900-032f46596814',1,1,'_org2-api',0,1,'2brTY0Rzx50jSyat6fNrjKRxycCcXbgQ',NULL,0,NULL,0,'org2','openid-connect',-1,0,0,NULL,0,'client-secret',NULL,NULL,NULL,0,0,1,0),('77bc50ba-1d61-4f42-b61d-21b3e9c9fd33',1,0,'broker',0,0,NULL,NULL,1,NULL,0,'org5','openid-connect',0,0,0,'${client_broker}',0,'client-secret',NULL,NULL,NULL,1,0,0,0),('77d622a8-7f41-4a81-8754-a9c777e11ee5',1,0,'broker',0,0,NULL,NULL,1,NULL,0,'org1','openid-connect',0,0,0,'${client_broker}',0,'client-secret',NULL,NULL,NULL,1,0,0,0),('81a83118-de34-4eef-89fa-d1ac13867a49',1,0,'broker',0,0,NULL,NULL,1,NULL,0,'org2','openid-connect',0,0,0,'${client_broker}',0,'client-secret',NULL,NULL,NULL,1,0,0,0),('8ce5f029-5409-47af-a57a-2a8e2d8c8683',1,0,'account-console',0,1,NULL,'/realms/org2/account/',0,NULL,0,'org2','openid-connect',0,0,0,'${client_account-console}',0,'client-secret','${authBaseUrl}',NULL,NULL,1,0,0,0),('8f106a3b-68a3-4fa7-8245-57ecf95f6e34',1,0,'admin-cli',0,1,NULL,NULL,0,NULL,0,'org4','openid-connect',0,0,0,'${client_admin-cli}',0,'client-secret',NULL,NULL,NULL,0,0,1,0),('8fc726dc-fdaf-4ade-b55e-f33c7111bf95',1,1,'org5-workspaces',0,0,'FGnwqUIUKHOBbffFlUR6oSoIWILICtKD',NULL,0,NULL,0,'org5','openid-connect',-1,0,0,NULL,1,'client-secret',NULL,NULL,NULL,0,0,1,0),('8fd586fb-6edb-482c-ad94-abe111951d1c',1,1,'system-org4-auth',0,0,'TzicuTuaIr2QpdvvF5hLOCxYUy50gUjX',NULL,1,NULL,0,'org4','openid-connect',-1,0,0,NULL,0,'client-secret',NULL,NULL,NULL,1,0,1,0),('91dc2268-6b73-482b-b0d1-7756adb51d46',1,1,'org3',0,1,'4YzV7pKf1l6ibdGlYKUy21j55HbEGgVo',NULL,0,NULL,0,'org3','openid-connect',-1,0,0,NULL,0,'client-secret',NULL,NULL,NULL,1,0,1,0),('9da3f36e-34a3-42a3-99ae-52f172a21ecf',1,0,'account-console',0,1,NULL,'/realms/org5/account/',0,NULL,0,'org5','openid-connect',0,0,0,'${client_account-console}',0,'client-secret','${authBaseUrl}',NULL,NULL,1,0,0,0),('9e18243f-0082-4430-ad63-ae8ea2df0d3f',1,0,'security-admin-console',0,1,NULL,'/admin/org5/console/',0,NULL,0,'org5','openid-connect',0,0,0,'${client_security-admin-console}',0,'client-secret','${authAdminUrl}',NULL,NULL,1,0,0,0),('a0940068-fbaf-4ef7-a62c-c38b71f55474',1,1,'org4-workspaces',0,0,'XQEuedoxrQVjfNjrAGjNK2tzIwS3vOue',NULL,0,NULL,0,'org4','openid-connect',-1,0,0,NULL,1,'client-secret',NULL,NULL,NULL,0,0,1,0),('a458683d-f4c2-4669-90fd-99a49eba399b',1,1,'system-org2-auth',0,0,'hMKmXRatF7X5R84oEdcQH9LEWwQADjXI',NULL,1,NULL,0,'org2','openid-connect',-1,0,0,NULL,0,'client-secret',NULL,NULL,NULL,1,0,1,0),('a472f1ca-d54a-404e-bde8-d3efdd6d1355',1,0,'admin-cli',0,1,NULL,NULL,0,NULL,0,'org1','openid-connect',0,0,0,'${client_admin-cli}',0,'client-secret',NULL,NULL,NULL,0,0,1,0),('aa7a0172-fef7-44bc-ae68-34aa76bdd881',1,0,'admin-cli',0,1,NULL,NULL,0,NULL,0,'org2','openid-connect',0,0,0,'${client_admin-cli}',0,'client-secret',NULL,NULL,NULL,0,0,1,0),('adb42477-6c27-4fac-a442-2b998eac3281',1,0,'account',0,1,NULL,'/realms/org2/account/',0,NULL,0,'org2','openid-connect',0,0,0,'${client_account}',0,'client-secret','${authBaseUrl}',NULL,NULL,1,0,0,0),('afb054ad-f4ed-460c-b66e-346c1a5f0969',1,0,'account',0,1,NULL,'/realms/org4/account/',0,NULL,0,'org4','openid-connect',0,0,0,'${client_account}',0,'client-secret','${authBaseUrl}',NULL,NULL,1,0,0,0),('c9fb0f4c-f597-4c9f-bc8a-da80a1a8898a',1,0,'master-realm',0,0,NULL,NULL,1,NULL,0,'9643073e-80de-4254-9166-5c75e800fbb5',NULL,0,0,0,'master Realm',0,'client-secret',NULL,NULL,NULL,1,0,0,0),('cb582f27-1153-469c-98f8-55bff249eeef',1,0,'broker',0,0,NULL,NULL,1,NULL,0,'org4','openid-connect',0,0,0,'${client_broker}',0,'client-secret',NULL,NULL,NULL,1,0,0,0),('d0b0c1e6-ea07-4ac5-b32b-dacc23704ee1',1,1,'_org1-api',0,1,'RWFaXKGUlsoeD2sKayZ0HjGIGzSwDc3A',NULL,0,NULL,0,'org1','openid-connect',-1,0,0,NULL,0,'client-secret',NULL,NULL,NULL,0,0,1,0),('d137d744-bd8f-4564-a08a-42c321fcd1ef',1,1,'org3-workspaces',0,0,'GAzph816lYuEHkwkXUoOgGPW26n6FZjV',NULL,0,NULL,0,'org3','openid-connect',-1,0,0,NULL,1,'client-secret',NULL,NULL,NULL,0,0,1,0),('d49113dc-047b-4522-9313-7247cc9b659e',1,0,'_platform-console',0,1,'MP4CadQ9FZQopv7PcVWGH3VPRLvc9bvy',NULL,0,NULL,0,'9643073e-80de-4254-9166-5c75e800fbb5','openid-connect',-1,0,0,NULL,0,'client-secret',NULL,NULL,NULL,1,0,1,0),('d7cfc645-824c-4ea7-b991-76f1f5a3ee36',1,0,'account-console',0,1,NULL,'/realms/master/account/',0,NULL,0,'9643073e-80de-4254-9166-5c75e800fbb5','openid-connect',0,0,0,'${client_account-console}',0,'client-secret','${authBaseUrl}',NULL,NULL,1,0,0,0),('ddf659f2-e655-434e-994d-cb9c7daef9dd',1,1,'_org5-api',0,1,'atBVkm9cWGiTRCpMzCPRSaPOD72jwi4S',NULL,0,NULL,0,'org5','openid-connect',-1,0,0,NULL,0,'client-secret',NULL,NULL,NULL,0,0,1,0),('e62b98f4-f0ba-4212-b0c6-f96497dfbf00',1,1,'_org3-api',0,1,'SS7uqLeCZeVpH8LlVk9CdqLjLpli3jYF',NULL,0,NULL,0,'org3','openid-connect',-1,0,0,NULL,0,'client-secret',NULL,NULL,NULL,0,0,1,0),('e7fa7a04-142a-43d8-8758-603c821478df',1,0,'org5-realm',0,0,NULL,NULL,1,NULL,0,'9643073e-80de-4254-9166-5c75e800fbb5',NULL,0,0,0,'org5 Realm',0,'client-secret',NULL,NULL,NULL,1,0,0,0),('ec02446c-1f1e-45b1-9ad2-ab86e0cd1111',1,0,'security-admin-console',0,1,NULL,'/admin/master/console/',0,NULL,0,'9643073e-80de-4254-9166-5c75e800fbb5','openid-connect',0,0,0,'${client_security-admin-console}',0,'client-secret','${authAdminUrl}',NULL,NULL,1,0,0,0),('fa3c114b-67b5-4c44-a52c-380b50d58da3',1,0,'account-console',0,1,NULL,'/realms/org1/account/',0,NULL,0,'org1','openid-connect',0,0,0,'${client_account-console}',0,'client-secret','${authBaseUrl}',NULL,NULL,1,0,0,0),('fc17abd5-4aba-48b9-a5e2-1a070c96267d',1,1,'org1',0,1,'zRxnEEdZyJRapC5BtfteTNQOPeYTtDrJ',NULL,0,NULL,0,'org1','openid-connect',-1,0,0,NULL,0,'client-secret',NULL,NULL,NULL,1,0,1,0),('fc8b0e94-f0ab-49e6-84b3-2f528917a96d',1,0,'org3-realm',0,0,NULL,NULL,1,NULL,0,'9643073e-80de-4254-9166-5c75e800fbb5',NULL,0,0,0,'org3 Realm',0,'client-secret',NULL,NULL,NULL,1,0,0,0),('fe87db9e-e678-498e-abec-9691a522d1af',1,0,'security-admin-console',0,1,NULL,'/admin/org2/console/',0,NULL,0,'org2','openid-connect',0,0,0,'${client_security-admin-console}',0,'client-secret','${authAdminUrl}',NULL,NULL,1,0,0,0);
UNLOCK TABLES;

--
-- Dumping data for table `CLIENT_ATTRIBUTES`
--

LOCK TABLES `CLIENT_ATTRIBUTES` WRITE;
INSERT INTO `CLIENT_ATTRIBUTES` VALUES ('00d4d030-dda0-4f38-b364-9ba06c1469e9','post.logout.redirect.uris','+'),('09a856e4-4e30-4266-9325-adf59490f8b1','backchannel.logout.revoke.offline.tokens','false'),('09a856e4-4e30-4266-9325-adf59490f8b1','backchannel.logout.session.required','true'),('09a856e4-4e30-4266-9325-adf59490f8b1','client.secret.creation.time','1755591049'),('09a856e4-4e30-4266-9325-adf59490f8b1','client_credentials.use_refresh_token','false'),('09a856e4-4e30-4266-9325-adf59490f8b1','display.on.consent.screen','false'),('09a856e4-4e30-4266-9325-adf59490f8b1','exclude.session.state.from.auth.response','false'),('09a856e4-4e30-4266-9325-adf59490f8b1','id.token.as.detached.signature','false'),('09a856e4-4e30-4266-9325-adf59490f8b1','oauth2.device.authorization.grant.enabled','false'),('09a856e4-4e30-4266-9325-adf59490f8b1','oidc.ciba.grant.enabled','false'),('09a856e4-4e30-4266-9325-adf59490f8b1','require.pushed.authorization.requests','false'),('09a856e4-4e30-4266-9325-adf59490f8b1','saml.artifact.binding','false'),('09a856e4-4e30-4266-9325-adf59490f8b1','saml.assertion.signature','false'),('09a856e4-4e30-4266-9325-adf59490f8b1','saml.authnstatement','false'),('09a856e4-4e30-4266-9325-adf59490f8b1','saml.client.signature','false'),('09a856e4-4e30-4266-9325-adf59490f8b1','saml.encrypt','false'),('09a856e4-4e30-4266-9325-adf59490f8b1','saml.force.post.binding','false'),('09a856e4-4e30-4266-9325-adf59490f8b1','saml.multivalued.roles','false'),('09a856e4-4e30-4266-9325-adf59490f8b1','saml.onetimeuse.condition','false'),('09a856e4-4e30-4266-9325-adf59490f8b1','saml.server.signature','false'),('09a856e4-4e30-4266-9325-adf59490f8b1','saml.server.signature.keyinfo.ext','false'),('09a856e4-4e30-4266-9325-adf59490f8b1','saml_force_name_id_format','false'),('09a856e4-4e30-4266-9325-adf59490f8b1','tls.client.certificate.bound.access.tokens','false'),('09a856e4-4e30-4266-9325-adf59490f8b1','use.refresh.tokens','true'),('18e7b0e7-2c8d-44b2-b435-36efa33a6ca1','backchannel.logout.revoke.offline.tokens','false'),('18e7b0e7-2c8d-44b2-b435-36efa33a6ca1','backchannel.logout.session.required','true'),('18e7b0e7-2c8d-44b2-b435-36efa33a6ca1','client.secret.creation.time','1755591018'),('18e7b0e7-2c8d-44b2-b435-36efa33a6ca1','client_credentials.use_refresh_token','false'),('18e7b0e7-2c8d-44b2-b435-36efa33a6ca1','display.on.consent.screen','false'),('18e7b0e7-2c8d-44b2-b435-36efa33a6ca1','exclude.session.state.from.auth.response','false'),('18e7b0e7-2c8d-44b2-b435-36efa33a6ca1','id.token.as.detached.signature','false'),('18e7b0e7-2c8d-44b2-b435-36efa33a6ca1','oauth2.device.authorization.grant.enabled','false'),('18e7b0e7-2c8d-44b2-b435-36efa33a6ca1','oidc.ciba.grant.enabled','false'),('18e7b0e7-2c8d-44b2-b435-36efa33a6ca1','require.pushed.authorization.requests','false'),('18e7b0e7-2c8d-44b2-b435-36efa33a6ca1','saml.artifact.binding','false'),('18e7b0e7-2c8d-44b2-b435-36efa33a6ca1','saml.assertion.signature','false'),('18e7b0e7-2c8d-44b2-b435-36efa33a6ca1','saml.authnstatement','false'),('18e7b0e7-2c8d-44b2-b435-36efa33a6ca1','saml.client.signature','false'),('18e7b0e7-2c8d-44b2-b435-36efa33a6ca1','saml.encrypt','false'),('18e7b0e7-2c8d-44b2-b435-36efa33a6ca1','saml.force.post.binding','false'),('18e7b0e7-2c8d-44b2-b435-36efa33a6ca1','saml.multivalued.roles','false'),('18e7b0e7-2c8d-44b2-b435-36efa33a6ca1','saml.onetimeuse.condition','false'),('18e7b0e7-2c8d-44b2-b435-36efa33a6ca1','saml.server.signature','false'),('18e7b0e7-2c8d-44b2-b435-36efa33a6ca1','saml.server.signature.keyinfo.ext','false'),('18e7b0e7-2c8d-44b2-b435-36efa33a6ca1','saml_force_name_id_format','false'),('18e7b0e7-2c8d-44b2-b435-36efa33a6ca1','tls.client.certificate.bound.access.tokens','false'),('18e7b0e7-2c8d-44b2-b435-36efa33a6ca1','use.refresh.tokens','true'),('19960f2a-7858-4e31-88cf-84e8e028af03','backchannel.logout.revoke.offline.tokens','false'),('19960f2a-7858-4e31-88cf-84e8e028af03','backchannel.logout.session.required','true'),('19960f2a-7858-4e31-88cf-84e8e028af03','client.secret.creation.time','1755591080'),('19960f2a-7858-4e31-88cf-84e8e028af03','client_credentials.use_refresh_token','false'),('19960f2a-7858-4e31-88cf-84e8e028af03','display.on.consent.screen','false'),('19960f2a-7858-4e31-88cf-84e8e028af03','exclude.session.state.from.auth.response','false'),('19960f2a-7858-4e31-88cf-84e8e028af03','id.token.as.detached.signature','false'),('19960f2a-7858-4e31-88cf-84e8e028af03','oauth2.device.authorization.grant.enabled','false'),('19960f2a-7858-4e31-88cf-84e8e028af03','oidc.ciba.grant.enabled','false'),('19960f2a-7858-4e31-88cf-84e8e028af03','require.pushed.authorization.requests','false'),('19960f2a-7858-4e31-88cf-84e8e028af03','saml.artifact.binding','false'),('19960f2a-7858-4e31-88cf-84e8e028af03','saml.assertion.signature','false'),('19960f2a-7858-4e31-88cf-84e8e028af03','saml.authnstatement','false'),('19960f2a-7858-4e31-88cf-84e8e028af03','saml.client.signature','false'),('19960f2a-7858-4e31-88cf-84e8e028af03','saml.encrypt','false'),('19960f2a-7858-4e31-88cf-84e8e028af03','saml.force.post.binding','false'),('19960f2a-7858-4e31-88cf-84e8e028af03','saml.multivalued.roles','false'),('19960f2a-7858-4e31-88cf-84e8e028af03','saml.onetimeuse.condition','false'),('19960f2a-7858-4e31-88cf-84e8e028af03','saml.server.signature','false'),('19960f2a-7858-4e31-88cf-84e8e028af03','saml.server.signature.keyinfo.ext','false'),('19960f2a-7858-4e31-88cf-84e8e028af03','saml_force_name_id_format','false'),('19960f2a-7858-4e31-88cf-84e8e028af03','tls.client.certificate.bound.access.tokens','false'),('19960f2a-7858-4e31-88cf-84e8e028af03','use.refresh.tokens','true'),('1bb141eb-f6ea-4e73-a5c5-9902dd89cd08','backchannel.logout.revoke.offline.tokens','false'),('1bb141eb-f6ea-4e73-a5c5-9902dd89cd08','backchannel.logout.session.required','true'),('1bb141eb-f6ea-4e73-a5c5-9902dd89cd08','client.secret.creation.time','1755590825'),('1bb141eb-f6ea-4e73-a5c5-9902dd89cd08','client_credentials.use_refresh_token','false'),('1bb141eb-f6ea-4e73-a5c5-9902dd89cd08','display.on.consent.screen','false'),('1bb141eb-f6ea-4e73-a5c5-9902dd89cd08','exclude.session.state.from.auth.response','false'),('1bb141eb-f6ea-4e73-a5c5-9902dd89cd08','id.token.as.detached.signature','false'),('1bb141eb-f6ea-4e73-a5c5-9902dd89cd08','oauth2.device.authorization.grant.enabled','false'),('1bb141eb-f6ea-4e73-a5c5-9902dd89cd08','oidc.ciba.grant.enabled','false'),('1bb141eb-f6ea-4e73-a5c5-9902dd89cd08','require.pushed.authorization.requests','false'),('1bb141eb-f6ea-4e73-a5c5-9902dd89cd08','saml.artifact.binding','false'),('1bb141eb-f6ea-4e73-a5c5-9902dd89cd08','saml.assertion.signature','false'),('1bb141eb-f6ea-4e73-a5c5-9902dd89cd08','saml.authnstatement','false'),('1bb141eb-f6ea-4e73-a5c5-9902dd89cd08','saml.client.signature','false'),('1bb141eb-f6ea-4e73-a5c5-9902dd89cd08','saml.encrypt','false'),('1bb141eb-f6ea-4e73-a5c5-9902dd89cd08','saml.force.post.binding','false'),('1bb141eb-f6ea-4e73-a5c5-9902dd89cd08','saml.multivalued.roles','false'),('1bb141eb-f6ea-4e73-a5c5-9902dd89cd08','saml.onetimeuse.condition','false'),('1bb141eb-f6ea-4e73-a5c5-9902dd89cd08','saml.server.signature','false'),('1bb141eb-f6ea-4e73-a5c5-9902dd89cd08','saml.server.signature.keyinfo.ext','false'),('1bb141eb-f6ea-4e73-a5c5-9902dd89cd08','saml_force_name_id_format','false'),('1bb141eb-f6ea-4e73-a5c5-9902dd89cd08','tls.client.certificate.bound.access.tokens','false'),('1bb141eb-f6ea-4e73-a5c5-9902dd89cd08','use.refresh.tokens','true'),('25395b94-d108-4733-bde2-275d838f2ad2','backchannel.logout.revoke.offline.tokens','false'),('25395b94-d108-4733-bde2-275d838f2ad2','backchannel.logout.session.required','true'),('25395b94-d108-4733-bde2-275d838f2ad2','client.secret.creation.time','1755591034'),('25395b94-d108-4733-bde2-275d838f2ad2','client_credentials.use_refresh_token','false'),('25395b94-d108-4733-bde2-275d838f2ad2','display.on.consent.screen','false'),('25395b94-d108-4733-bde2-275d838f2ad2','exclude.session.state.from.auth.response','false'),('25395b94-d108-4733-bde2-275d838f2ad2','id.token.as.detached.signature','false'),('25395b94-d108-4733-bde2-275d838f2ad2','oauth2.device.authorization.grant.enabled','false'),('25395b94-d108-4733-bde2-275d838f2ad2','oidc.ciba.grant.enabled','false'),('25395b94-d108-4733-bde2-275d838f2ad2','require.pushed.authorization.requests','false'),('25395b94-d108-4733-bde2-275d838f2ad2','saml.artifact.binding','false'),('25395b94-d108-4733-bde2-275d838f2ad2','saml.assertion.signature','false'),('25395b94-d108-4733-bde2-275d838f2ad2','saml.authnstatement','false'),('25395b94-d108-4733-bde2-275d838f2ad2','saml.client.signature','false'),('25395b94-d108-4733-bde2-275d838f2ad2','saml.encrypt','false'),('25395b94-d108-4733-bde2-275d838f2ad2','saml.force.post.binding','false'),('25395b94-d108-4733-bde2-275d838f2ad2','saml.multivalued.roles','false'),('25395b94-d108-4733-bde2-275d838f2ad2','saml.onetimeuse.condition','false'),('25395b94-d108-4733-bde2-275d838f2ad2','saml.server.signature','false'),('25395b94-d108-4733-bde2-275d838f2ad2','saml.server.signature.keyinfo.ext','false'),('25395b94-d108-4733-bde2-275d838f2ad2','saml_force_name_id_format','false'),('25395b94-d108-4733-bde2-275d838f2ad2','tls.client.certificate.bound.access.tokens','false'),('25395b94-d108-4733-bde2-275d838f2ad2','use.refresh.tokens','true'),('2a6170ac-f1dc-42ce-9c69-481425425668','post.logout.redirect.uris','+'),('2d05db90-7bfd-4f43-8f74-4cdbbb9a4a40','pkce.code.challenge.method','S256'),('2d05db90-7bfd-4f43-8f74-4cdbbb9a4a40','post.logout.redirect.uris','+'),('2e4723a1-d81b-4639-bb6b-9f411f27d91d','backchannel.logout.revoke.offline.tokens','false'),('2e4723a1-d81b-4639-bb6b-9f411f27d91d','backchannel.logout.session.required','true'),('2e4723a1-d81b-4639-bb6b-9f411f27d91d','client.secret.creation.time','1755591034'),('2e4723a1-d81b-4639-bb6b-9f411f27d91d','client_credentials.use_refresh_token','false'),('2e4723a1-d81b-4639-bb6b-9f411f27d91d','display.on.consent.screen','false'),('2e4723a1-d81b-4639-bb6b-9f411f27d91d','exclude.session.state.from.auth.response','false'),('2e4723a1-d81b-4639-bb6b-9f411f27d91d','id.token.as.detached.signature','false'),('2e4723a1-d81b-4639-bb6b-9f411f27d91d','oauth2.device.authorization.grant.enabled','false'),('2e4723a1-d81b-4639-bb6b-9f411f27d91d','oidc.ciba.grant.enabled','false'),('2e4723a1-d81b-4639-bb6b-9f411f27d91d','post.logout.redirect.uris','/*'),('2e4723a1-d81b-4639-bb6b-9f411f27d91d','require.pushed.authorization.requests','false'),('2e4723a1-d81b-4639-bb6b-9f411f27d91d','saml.artifact.binding','false'),('2e4723a1-d81b-4639-bb6b-9f411f27d91d','saml.assertion.signature','false'),('2e4723a1-d81b-4639-bb6b-9f411f27d91d','saml.authnstatement','false'),('2e4723a1-d81b-4639-bb6b-9f411f27d91d','saml.client.signature','false'),('2e4723a1-d81b-4639-bb6b-9f411f27d91d','saml.encrypt','false'),('2e4723a1-d81b-4639-bb6b-9f411f27d91d','saml.force.post.binding','false'),('2e4723a1-d81b-4639-bb6b-9f411f27d91d','saml.multivalued.roles','false'),('2e4723a1-d81b-4639-bb6b-9f411f27d91d','saml.onetimeuse.condition','false'),('2e4723a1-d81b-4639-bb6b-9f411f27d91d','saml.server.signature','false'),('2e4723a1-d81b-4639-bb6b-9f411f27d91d','saml.server.signature.keyinfo.ext','false'),('2e4723a1-d81b-4639-bb6b-9f411f27d91d','saml_force_name_id_format','false'),('2e4723a1-d81b-4639-bb6b-9f411f27d91d','tls.client.certificate.bound.access.tokens','false'),('2e4723a1-d81b-4639-bb6b-9f411f27d91d','use.refresh.tokens','true'),('438356cc-9d72-4f49-97ff-91bbea97f232','access.token.lifespan','86400'),('438356cc-9d72-4f49-97ff-91bbea97f232','acr.loa.map','{}'),('438356cc-9d72-4f49-97ff-91bbea97f232','backchannel.logout.revoke.offline.tokens','false'),('438356cc-9d72-4f49-97ff-91bbea97f232','backchannel.logout.session.required','true'),('438356cc-9d72-4f49-97ff-91bbea97f232','client.secret.creation.time','1755591066'),('438356cc-9d72-4f49-97ff-91bbea97f232','client.session.idle.timeout','86400'),('438356cc-9d72-4f49-97ff-91bbea97f232','client.session.max.lifespan','86400'),('438356cc-9d72-4f49-97ff-91bbea97f232','client_credentials.use_refresh_token','false'),('438356cc-9d72-4f49-97ff-91bbea97f232','display.on.consent.screen','false'),('438356cc-9d72-4f49-97ff-91bbea97f232','exclude.session.state.from.auth.response','false'),('438356cc-9d72-4f49-97ff-91bbea97f232','frontchannel.logout.session.required','false'),('438356cc-9d72-4f49-97ff-91bbea97f232','id.token.as.detached.signature','false'),('438356cc-9d72-4f49-97ff-91bbea97f232','oauth2.device.authorization.grant.enabled','false'),('438356cc-9d72-4f49-97ff-91bbea97f232','oidc.ciba.grant.enabled','false'),('438356cc-9d72-4f49-97ff-91bbea97f232','require.pushed.authorization.requests','false'),('438356cc-9d72-4f49-97ff-91bbea97f232','saml.allow.ecp.flow','false'),('438356cc-9d72-4f49-97ff-91bbea97f232','saml.artifact.binding','false'),('438356cc-9d72-4f49-97ff-91bbea97f232','saml.assertion.signature','false'),('438356cc-9d72-4f49-97ff-91bbea97f232','saml.authnstatement','false'),('438356cc-9d72-4f49-97ff-91bbea97f232','saml.client.signature','false'),('438356cc-9d72-4f49-97ff-91bbea97f232','saml.encrypt','false'),('438356cc-9d72-4f49-97ff-91bbea97f232','saml.force.post.binding','false'),('438356cc-9d72-4f49-97ff-91bbea97f232','saml.multivalued.roles','false'),('438356cc-9d72-4f49-97ff-91bbea97f232','saml.onetimeuse.condition','false'),('438356cc-9d72-4f49-97ff-91bbea97f232','saml.server.signature','false'),('438356cc-9d72-4f49-97ff-91bbea97f232','saml.server.signature.keyinfo.ext','false'),('438356cc-9d72-4f49-97ff-91bbea97f232','saml_force_name_id_format','false'),('438356cc-9d72-4f49-97ff-91bbea97f232','tls.client.certificate.bound.access.tokens','false'),('438356cc-9d72-4f49-97ff-91bbea97f232','token.response.type.bearer.lower-case','false'),('438356cc-9d72-4f49-97ff-91bbea97f232','use.refresh.tokens','true'),('4550d099-3f1d-4168-bc8d-659081fd9a17','pkce.code.challenge.method','S256'),('4550d099-3f1d-4168-bc8d-659081fd9a17','post.logout.redirect.uris','+'),('4684d68e-637f-499b-b7c6-92703645abd4','access.token.lifespan','86400'),('4684d68e-637f-499b-b7c6-92703645abd4','acr.loa.map','{}'),('4684d68e-637f-499b-b7c6-92703645abd4','backchannel.logout.revoke.offline.tokens','false'),('4684d68e-637f-499b-b7c6-92703645abd4','backchannel.logout.session.required','true'),('4684d68e-637f-499b-b7c6-92703645abd4','client.session.idle.timeout','86400'),('4684d68e-637f-499b-b7c6-92703645abd4','client.session.max.lifespan','86400'),('4684d68e-637f-499b-b7c6-92703645abd4','client_credentials.use_refresh_token','false'),('4684d68e-637f-499b-b7c6-92703645abd4','display.on.consent.screen','false'),('4684d68e-637f-499b-b7c6-92703645abd4','exclude.session.state.from.auth.response','false'),('4684d68e-637f-499b-b7c6-92703645abd4','frontchannel.logout.session.required','false'),('4684d68e-637f-499b-b7c6-92703645abd4','id.token.as.detached.signature','false'),('4684d68e-637f-499b-b7c6-92703645abd4','oauth2.device.authorization.grant.enabled','false'),('4684d68e-637f-499b-b7c6-92703645abd4','oidc.ciba.grant.enabled','false'),('4684d68e-637f-499b-b7c6-92703645abd4','require.pushed.authorization.requests','false'),('4684d68e-637f-499b-b7c6-92703645abd4','saml.allow.ecp.flow','false'),('4684d68e-637f-499b-b7c6-92703645abd4','saml.artifact.binding','false'),('4684d68e-637f-499b-b7c6-92703645abd4','saml.assertion.signature','false'),('4684d68e-637f-499b-b7c6-92703645abd4','saml.authnstatement','false'),('4684d68e-637f-499b-b7c6-92703645abd4','saml.client.signature','false'),('4684d68e-637f-499b-b7c6-92703645abd4','saml.encrypt','false'),('4684d68e-637f-499b-b7c6-92703645abd4','saml.force.post.binding','false'),('4684d68e-637f-499b-b7c6-92703645abd4','saml.multivalued.roles','false'),('4684d68e-637f-499b-b7c6-92703645abd4','saml.onetimeuse.condition','false'),('4684d68e-637f-499b-b7c6-92703645abd4','saml.server.signature','false'),('4684d68e-637f-499b-b7c6-92703645abd4','saml.server.signature.keyinfo.ext','false'),('4684d68e-637f-499b-b7c6-92703645abd4','saml_force_name_id_format','false'),('4684d68e-637f-499b-b7c6-92703645abd4','tls.client.certificate.bound.access.tokens','false'),('4684d68e-637f-499b-b7c6-92703645abd4','token.response.type.bearer.lower-case','false'),('4684d68e-637f-499b-b7c6-92703645abd4','use.refresh.tokens','true'),('555435bb-3607-4027-89ec-ccdd8baae872','pkce.code.challenge.method','S256'),('555435bb-3607-4027-89ec-ccdd8baae872','post.logout.redirect.uris','+'),('58af73be-1124-4f34-a9a7-3742f8a57086','pkce.code.challenge.method','S256'),('58af73be-1124-4f34-a9a7-3742f8a57086','post.logout.redirect.uris','+'),('60a7afae-7d70-4839-bcde-254fdf03b6e6','pkce.code.challenge.method','S256'),('60a7afae-7d70-4839-bcde-254fdf03b6e6','post.logout.redirect.uris','+'),('61d92538-9a22-412e-b7a4-661fb81930ee','backchannel.logout.revoke.offline.tokens','false'),('61d92538-9a22-412e-b7a4-661fb81930ee','backchannel.logout.session.required','true'),('61d92538-9a22-412e-b7a4-661fb81930ee','client.secret.creation.time','1755591066'),('61d92538-9a22-412e-b7a4-661fb81930ee','client_credentials.use_refresh_token','false'),('61d92538-9a22-412e-b7a4-661fb81930ee','display.on.consent.screen','false'),('61d92538-9a22-412e-b7a4-661fb81930ee','exclude.session.state.from.auth.response','false'),('61d92538-9a22-412e-b7a4-661fb81930ee','id.token.as.detached.signature','false'),('61d92538-9a22-412e-b7a4-661fb81930ee','oauth2.device.authorization.grant.enabled','false'),('61d92538-9a22-412e-b7a4-661fb81930ee','oidc.ciba.grant.enabled','false'),('61d92538-9a22-412e-b7a4-661fb81930ee','post.logout.redirect.uris','/*'),('61d92538-9a22-412e-b7a4-661fb81930ee','require.pushed.authorization.requests','false'),('61d92538-9a22-412e-b7a4-661fb81930ee','saml.artifact.binding','false'),('61d92538-9a22-412e-b7a4-661fb81930ee','saml.assertion.signature','false'),('61d92538-9a22-412e-b7a4-661fb81930ee','saml.authnstatement','false'),('61d92538-9a22-412e-b7a4-661fb81930ee','saml.client.signature','false'),('61d92538-9a22-412e-b7a4-661fb81930ee','saml.encrypt','false'),('61d92538-9a22-412e-b7a4-661fb81930ee','saml.force.post.binding','false'),('61d92538-9a22-412e-b7a4-661fb81930ee','saml.multivalued.roles','false'),('61d92538-9a22-412e-b7a4-661fb81930ee','saml.onetimeuse.condition','false'),('61d92538-9a22-412e-b7a4-661fb81930ee','saml.server.signature','false'),('61d92538-9a22-412e-b7a4-661fb81930ee','saml.server.signature.keyinfo.ext','false'),('61d92538-9a22-412e-b7a4-661fb81930ee','saml_force_name_id_format','false'),('61d92538-9a22-412e-b7a4-661fb81930ee','tls.client.certificate.bound.access.tokens','false'),('61d92538-9a22-412e-b7a4-661fb81930ee','use.refresh.tokens','true'),('65f6db45-0ad5-4094-92a4-606ec7018502','backchannel.logout.revoke.offline.tokens','false'),('65f6db45-0ad5-4094-92a4-606ec7018502','backchannel.logout.session.required','true'),('65f6db45-0ad5-4094-92a4-606ec7018502','client.secret.creation.time','1755591080'),('65f6db45-0ad5-4094-92a4-606ec7018502','client_credentials.use_refresh_token','false'),('65f6db45-0ad5-4094-92a4-606ec7018502','display.on.consent.screen','false'),('65f6db45-0ad5-4094-92a4-606ec7018502','exclude.session.state.from.auth.response','false'),('65f6db45-0ad5-4094-92a4-606ec7018502','id.token.as.detached.signature','false'),('65f6db45-0ad5-4094-92a4-606ec7018502','oauth2.device.authorization.grant.enabled','false'),('65f6db45-0ad5-4094-92a4-606ec7018502','oidc.ciba.grant.enabled','false'),('65f6db45-0ad5-4094-92a4-606ec7018502','post.logout.redirect.uris','/*'),('65f6db45-0ad5-4094-92a4-606ec7018502','require.pushed.authorization.requests','false'),('65f6db45-0ad5-4094-92a4-606ec7018502','saml.artifact.binding','false'),('65f6db45-0ad5-4094-92a4-606ec7018502','saml.assertion.signature','false'),('65f6db45-0ad5-4094-92a4-606ec7018502','saml.authnstatement','false'),('65f6db45-0ad5-4094-92a4-606ec7018502','saml.client.signature','false'),('65f6db45-0ad5-4094-92a4-606ec7018502','saml.encrypt','false'),('65f6db45-0ad5-4094-92a4-606ec7018502','saml.force.post.binding','false'),('65f6db45-0ad5-4094-92a4-606ec7018502','saml.multivalued.roles','false'),('65f6db45-0ad5-4094-92a4-606ec7018502','saml.onetimeuse.condition','false'),('65f6db45-0ad5-4094-92a4-606ec7018502','saml.server.signature','false'),('65f6db45-0ad5-4094-92a4-606ec7018502','saml.server.signature.keyinfo.ext','false'),('65f6db45-0ad5-4094-92a4-606ec7018502','saml_force_name_id_format','false'),('65f6db45-0ad5-4094-92a4-606ec7018502','tls.client.certificate.bound.access.tokens','false'),('65f6db45-0ad5-4094-92a4-606ec7018502','use.refresh.tokens','true'),('6d55a46e-ddd0-4e3b-8827-c944ca695317','post.logout.redirect.uris','+'),('723aa6e9-796b-40e8-8506-5ab2d8013a4f','post.logout.redirect.uris','+'),('742e6a45-dd6c-42b9-8bac-676ee77ef264','backchannel.logout.revoke.offline.tokens','false'),('742e6a45-dd6c-42b9-8bac-676ee77ef264','backchannel.logout.session.required','true'),('742e6a45-dd6c-42b9-8bac-676ee77ef264','client.secret.creation.time','1755591017'),('742e6a45-dd6c-42b9-8bac-676ee77ef264','client_credentials.use_refresh_token','false'),('742e6a45-dd6c-42b9-8bac-676ee77ef264','display.on.consent.screen','false'),('742e6a45-dd6c-42b9-8bac-676ee77ef264','exclude.session.state.from.auth.response','false'),('742e6a45-dd6c-42b9-8bac-676ee77ef264','id.token.as.detached.signature','false'),('742e6a45-dd6c-42b9-8bac-676ee77ef264','oauth2.device.authorization.grant.enabled','false'),('742e6a45-dd6c-42b9-8bac-676ee77ef264','oidc.ciba.grant.enabled','false'),('742e6a45-dd6c-42b9-8bac-676ee77ef264','require.pushed.authorization.requests','false'),('742e6a45-dd6c-42b9-8bac-676ee77ef264','saml.artifact.binding','false'),('742e6a45-dd6c-42b9-8bac-676ee77ef264','saml.assertion.signature','false'),('742e6a45-dd6c-42b9-8bac-676ee77ef264','saml.authnstatement','false'),('742e6a45-dd6c-42b9-8bac-676ee77ef264','saml.client.signature','false'),('742e6a45-dd6c-42b9-8bac-676ee77ef264','saml.encrypt','false'),('742e6a45-dd6c-42b9-8bac-676ee77ef264','saml.force.post.binding','false'),('742e6a45-dd6c-42b9-8bac-676ee77ef264','saml.multivalued.roles','false'),('742e6a45-dd6c-42b9-8bac-676ee77ef264','saml.onetimeuse.condition','false'),('742e6a45-dd6c-42b9-8bac-676ee77ef264','saml.server.signature','false'),('742e6a45-dd6c-42b9-8bac-676ee77ef264','saml.server.signature.keyinfo.ext','false'),('742e6a45-dd6c-42b9-8bac-676ee77ef264','saml_force_name_id_format','false'),('742e6a45-dd6c-42b9-8bac-676ee77ef264','tls.client.certificate.bound.access.tokens','false'),('742e6a45-dd6c-42b9-8bac-676ee77ef264','use.refresh.tokens','true'),('76398bcb-f02f-4ff0-b900-032f46596814','access.token.lifespan','86400'),('76398bcb-f02f-4ff0-b900-032f46596814','acr.loa.map','{}'),('76398bcb-f02f-4ff0-b900-032f46596814','backchannel.logout.revoke.offline.tokens','false'),('76398bcb-f02f-4ff0-b900-032f46596814','backchannel.logout.session.required','true'),('76398bcb-f02f-4ff0-b900-032f46596814','client.secret.creation.time','1755591034'),('76398bcb-f02f-4ff0-b900-032f46596814','client.session.idle.timeout','86400'),('76398bcb-f02f-4ff0-b900-032f46596814','client.session.max.lifespan','86400'),('76398bcb-f02f-4ff0-b900-032f46596814','client_credentials.use_refresh_token','false'),('76398bcb-f02f-4ff0-b900-032f46596814','display.on.consent.screen','false'),('76398bcb-f02f-4ff0-b900-032f46596814','exclude.session.state.from.auth.response','false'),('76398bcb-f02f-4ff0-b900-032f46596814','frontchannel.logout.session.required','false'),('76398bcb-f02f-4ff0-b900-032f46596814','id.token.as.detached.signature','false'),('76398bcb-f02f-4ff0-b900-032f46596814','oauth2.device.authorization.grant.enabled','false'),('76398bcb-f02f-4ff0-b900-032f46596814','oidc.ciba.grant.enabled','false'),('76398bcb-f02f-4ff0-b900-032f46596814','require.pushed.authorization.requests','false'),('76398bcb-f02f-4ff0-b900-032f46596814','saml.allow.ecp.flow','false'),('76398bcb-f02f-4ff0-b900-032f46596814','saml.artifact.binding','false'),('76398bcb-f02f-4ff0-b900-032f46596814','saml.assertion.signature','false'),('76398bcb-f02f-4ff0-b900-032f46596814','saml.authnstatement','false'),('76398bcb-f02f-4ff0-b900-032f46596814','saml.client.signature','false'),('76398bcb-f02f-4ff0-b900-032f46596814','saml.encrypt','false'),('76398bcb-f02f-4ff0-b900-032f46596814','saml.force.post.binding','false'),('76398bcb-f02f-4ff0-b900-032f46596814','saml.multivalued.roles','false'),('76398bcb-f02f-4ff0-b900-032f46596814','saml.onetimeuse.condition','false'),('76398bcb-f02f-4ff0-b900-032f46596814','saml.server.signature','false'),('76398bcb-f02f-4ff0-b900-032f46596814','saml.server.signature.keyinfo.ext','false'),('76398bcb-f02f-4ff0-b900-032f46596814','saml_force_name_id_format','false'),('76398bcb-f02f-4ff0-b900-032f46596814','tls.client.certificate.bound.access.tokens','false'),('76398bcb-f02f-4ff0-b900-032f46596814','token.response.type.bearer.lower-case','false'),('76398bcb-f02f-4ff0-b900-032f46596814','use.refresh.tokens','true'),('8ce5f029-5409-47af-a57a-2a8e2d8c8683','pkce.code.challenge.method','S256'),('8ce5f029-5409-47af-a57a-2a8e2d8c8683','post.logout.redirect.uris','+'),('8fc726dc-fdaf-4ade-b55e-f33c7111bf95','backchannel.logout.revoke.offline.tokens','false'),('8fc726dc-fdaf-4ade-b55e-f33c7111bf95','backchannel.logout.session.required','true'),('8fc726dc-fdaf-4ade-b55e-f33c7111bf95','client.secret.creation.time','1755591080'),('8fc726dc-fdaf-4ade-b55e-f33c7111bf95','client_credentials.use_refresh_token','false'),('8fc726dc-fdaf-4ade-b55e-f33c7111bf95','display.on.consent.screen','false'),('8fc726dc-fdaf-4ade-b55e-f33c7111bf95','exclude.session.state.from.auth.response','false'),('8fc726dc-fdaf-4ade-b55e-f33c7111bf95','id.token.as.detached.signature','false'),('8fc726dc-fdaf-4ade-b55e-f33c7111bf95','oauth2.device.authorization.grant.enabled','false'),('8fc726dc-fdaf-4ade-b55e-f33c7111bf95','oidc.ciba.grant.enabled','false'),('8fc726dc-fdaf-4ade-b55e-f33c7111bf95','require.pushed.authorization.requests','false'),('8fc726dc-fdaf-4ade-b55e-f33c7111bf95','saml.artifact.binding','false'),('8fc726dc-fdaf-4ade-b55e-f33c7111bf95','saml.assertion.signature','false'),('8fc726dc-fdaf-4ade-b55e-f33c7111bf95','saml.authnstatement','false'),('8fc726dc-fdaf-4ade-b55e-f33c7111bf95','saml.client.signature','false'),('8fc726dc-fdaf-4ade-b55e-f33c7111bf95','saml.encrypt','false'),('8fc726dc-fdaf-4ade-b55e-f33c7111bf95','saml.force.post.binding','false'),('8fc726dc-fdaf-4ade-b55e-f33c7111bf95','saml.multivalued.roles','false'),('8fc726dc-fdaf-4ade-b55e-f33c7111bf95','saml.onetimeuse.condition','false'),('8fc726dc-fdaf-4ade-b55e-f33c7111bf95','saml.server.signature','false'),('8fc726dc-fdaf-4ade-b55e-f33c7111bf95','saml.server.signature.keyinfo.ext','false'),('8fc726dc-fdaf-4ade-b55e-f33c7111bf95','saml_force_name_id_format','false'),('8fc726dc-fdaf-4ade-b55e-f33c7111bf95','tls.client.certificate.bound.access.tokens','false'),('8fc726dc-fdaf-4ade-b55e-f33c7111bf95','use.refresh.tokens','true'),('8fd586fb-6edb-482c-ad94-abe111951d1c','backchannel.logout.revoke.offline.tokens','false'),('8fd586fb-6edb-482c-ad94-abe111951d1c','backchannel.logout.session.required','true'),('8fd586fb-6edb-482c-ad94-abe111951d1c','client.secret.creation.time','1755591066'),('8fd586fb-6edb-482c-ad94-abe111951d1c','client_credentials.use_refresh_token','false'),('8fd586fb-6edb-482c-ad94-abe111951d1c','display.on.consent.screen','false'),('8fd586fb-6edb-482c-ad94-abe111951d1c','exclude.session.state.from.auth.response','false'),('8fd586fb-6edb-482c-ad94-abe111951d1c','id.token.as.detached.signature','false'),('8fd586fb-6edb-482c-ad94-abe111951d1c','oauth2.device.authorization.grant.enabled','false'),('8fd586fb-6edb-482c-ad94-abe111951d1c','oidc.ciba.grant.enabled','false'),('8fd586fb-6edb-482c-ad94-abe111951d1c','require.pushed.authorization.requests','false'),('8fd586fb-6edb-482c-ad94-abe111951d1c','saml.artifact.binding','false'),('8fd586fb-6edb-482c-ad94-abe111951d1c','saml.assertion.signature','false'),('8fd586fb-6edb-482c-ad94-abe111951d1c','saml.authnstatement','false'),('8fd586fb-6edb-482c-ad94-abe111951d1c','saml.client.signature','false'),('8fd586fb-6edb-482c-ad94-abe111951d1c','saml.encrypt','false'),('8fd586fb-6edb-482c-ad94-abe111951d1c','saml.force.post.binding','false'),('8fd586fb-6edb-482c-ad94-abe111951d1c','saml.multivalued.roles','false'),('8fd586fb-6edb-482c-ad94-abe111951d1c','saml.onetimeuse.condition','false'),('8fd586fb-6edb-482c-ad94-abe111951d1c','saml.server.signature','false'),('8fd586fb-6edb-482c-ad94-abe111951d1c','saml.server.signature.keyinfo.ext','false'),('8fd586fb-6edb-482c-ad94-abe111951d1c','saml_force_name_id_format','false'),('8fd586fb-6edb-482c-ad94-abe111951d1c','tls.client.certificate.bound.access.tokens','false'),('8fd586fb-6edb-482c-ad94-abe111951d1c','use.refresh.tokens','true'),('91dc2268-6b73-482b-b0d1-7756adb51d46','backchannel.logout.revoke.offline.tokens','false'),('91dc2268-6b73-482b-b0d1-7756adb51d46','backchannel.logout.session.required','true'),('91dc2268-6b73-482b-b0d1-7756adb51d46','client.secret.creation.time','1755591049'),('91dc2268-6b73-482b-b0d1-7756adb51d46','client_credentials.use_refresh_token','false'),('91dc2268-6b73-482b-b0d1-7756adb51d46','display.on.consent.screen','false'),('91dc2268-6b73-482b-b0d1-7756adb51d46','exclude.session.state.from.auth.response','false'),('91dc2268-6b73-482b-b0d1-7756adb51d46','id.token.as.detached.signature','false'),('91dc2268-6b73-482b-b0d1-7756adb51d46','oauth2.device.authorization.grant.enabled','false'),('91dc2268-6b73-482b-b0d1-7756adb51d46','oidc.ciba.grant.enabled','false'),('91dc2268-6b73-482b-b0d1-7756adb51d46','post.logout.redirect.uris','/*'),('91dc2268-6b73-482b-b0d1-7756adb51d46','require.pushed.authorization.requests','false'),('91dc2268-6b73-482b-b0d1-7756adb51d46','saml.artifact.binding','false'),('91dc2268-6b73-482b-b0d1-7756adb51d46','saml.assertion.signature','false'),('91dc2268-6b73-482b-b0d1-7756adb51d46','saml.authnstatement','false'),('91dc2268-6b73-482b-b0d1-7756adb51d46','saml.client.signature','false'),('91dc2268-6b73-482b-b0d1-7756adb51d46','saml.encrypt','false'),('91dc2268-6b73-482b-b0d1-7756adb51d46','saml.force.post.binding','false'),('91dc2268-6b73-482b-b0d1-7756adb51d46','saml.multivalued.roles','false'),('91dc2268-6b73-482b-b0d1-7756adb51d46','saml.onetimeuse.condition','false'),('91dc2268-6b73-482b-b0d1-7756adb51d46','saml.server.signature','false'),('91dc2268-6b73-482b-b0d1-7756adb51d46','saml.server.signature.keyinfo.ext','false'),('91dc2268-6b73-482b-b0d1-7756adb51d46','saml_force_name_id_format','false'),('91dc2268-6b73-482b-b0d1-7756adb51d46','tls.client.certificate.bound.access.tokens','false'),('91dc2268-6b73-482b-b0d1-7756adb51d46','use.refresh.tokens','true'),('9da3f36e-34a3-42a3-99ae-52f172a21ecf','pkce.code.challenge.method','S256'),('9da3f36e-34a3-42a3-99ae-52f172a21ecf','post.logout.redirect.uris','+'),('9e18243f-0082-4430-ad63-ae8ea2df0d3f','pkce.code.challenge.method','S256'),('9e18243f-0082-4430-ad63-ae8ea2df0d3f','post.logout.redirect.uris','+'),('a0940068-fbaf-4ef7-a62c-c38b71f55474','backchannel.logout.revoke.offline.tokens','false'),('a0940068-fbaf-4ef7-a62c-c38b71f55474','backchannel.logout.session.required','true'),('a0940068-fbaf-4ef7-a62c-c38b71f55474','client.secret.creation.time','1755591066'),('a0940068-fbaf-4ef7-a62c-c38b71f55474','client_credentials.use_refresh_token','false'),('a0940068-fbaf-4ef7-a62c-c38b71f55474','display.on.consent.screen','false'),('a0940068-fbaf-4ef7-a62c-c38b71f55474','exclude.session.state.from.auth.response','false'),('a0940068-fbaf-4ef7-a62c-c38b71f55474','id.token.as.detached.signature','false'),('a0940068-fbaf-4ef7-a62c-c38b71f55474','oauth2.device.authorization.grant.enabled','false'),('a0940068-fbaf-4ef7-a62c-c38b71f55474','oidc.ciba.grant.enabled','false'),('a0940068-fbaf-4ef7-a62c-c38b71f55474','require.pushed.authorization.requests','false'),('a0940068-fbaf-4ef7-a62c-c38b71f55474','saml.artifact.binding','false'),('a0940068-fbaf-4ef7-a62c-c38b71f55474','saml.assertion.signature','false'),('a0940068-fbaf-4ef7-a62c-c38b71f55474','saml.authnstatement','false'),('a0940068-fbaf-4ef7-a62c-c38b71f55474','saml.client.signature','false'),('a0940068-fbaf-4ef7-a62c-c38b71f55474','saml.encrypt','false'),('a0940068-fbaf-4ef7-a62c-c38b71f55474','saml.force.post.binding','false'),('a0940068-fbaf-4ef7-a62c-c38b71f55474','saml.multivalued.roles','false'),('a0940068-fbaf-4ef7-a62c-c38b71f55474','saml.onetimeuse.condition','false'),('a0940068-fbaf-4ef7-a62c-c38b71f55474','saml.server.signature','false'),('a0940068-fbaf-4ef7-a62c-c38b71f55474','saml.server.signature.keyinfo.ext','false'),('a0940068-fbaf-4ef7-a62c-c38b71f55474','saml_force_name_id_format','false'),('a0940068-fbaf-4ef7-a62c-c38b71f55474','tls.client.certificate.bound.access.tokens','false'),('a0940068-fbaf-4ef7-a62c-c38b71f55474','use.refresh.tokens','true'),('a458683d-f4c2-4669-90fd-99a49eba399b','backchannel.logout.revoke.offline.tokens','false'),('a458683d-f4c2-4669-90fd-99a49eba399b','backchannel.logout.session.required','true'),('a458683d-f4c2-4669-90fd-99a49eba399b','client.secret.creation.time','1755591034'),('a458683d-f4c2-4669-90fd-99a49eba399b','client_credentials.use_refresh_token','false'),('a458683d-f4c2-4669-90fd-99a49eba399b','display.on.consent.screen','false'),('a458683d-f4c2-4669-90fd-99a49eba399b','exclude.session.state.from.auth.response','false'),('a458683d-f4c2-4669-90fd-99a49eba399b','id.token.as.detached.signature','false'),('a458683d-f4c2-4669-90fd-99a49eba399b','oauth2.device.authorization.grant.enabled','false'),('a458683d-f4c2-4669-90fd-99a49eba399b','oidc.ciba.grant.enabled','false'),('a458683d-f4c2-4669-90fd-99a49eba399b','require.pushed.authorization.requests','false'),('a458683d-f4c2-4669-90fd-99a49eba399b','saml.artifact.binding','false'),('a458683d-f4c2-4669-90fd-99a49eba399b','saml.assertion.signature','false'),('a458683d-f4c2-4669-90fd-99a49eba399b','saml.authnstatement','false'),('a458683d-f4c2-4669-90fd-99a49eba399b','saml.client.signature','false'),('a458683d-f4c2-4669-90fd-99a49eba399b','saml.encrypt','false'),('a458683d-f4c2-4669-90fd-99a49eba399b','saml.force.post.binding','false'),('a458683d-f4c2-4669-90fd-99a49eba399b','saml.multivalued.roles','false'),('a458683d-f4c2-4669-90fd-99a49eba399b','saml.onetimeuse.condition','false'),('a458683d-f4c2-4669-90fd-99a49eba399b','saml.server.signature','false'),('a458683d-f4c2-4669-90fd-99a49eba399b','saml.server.signature.keyinfo.ext','false'),('a458683d-f4c2-4669-90fd-99a49eba399b','saml_force_name_id_format','false'),('a458683d-f4c2-4669-90fd-99a49eba399b','tls.client.certificate.bound.access.tokens','false'),('a458683d-f4c2-4669-90fd-99a49eba399b','use.refresh.tokens','true'),('adb42477-6c27-4fac-a442-2b998eac3281','post.logout.redirect.uris','+'),('afb054ad-f4ed-460c-b66e-346c1a5f0969','post.logout.redirect.uris','+'),('d0b0c1e6-ea07-4ac5-b32b-dacc23704ee1','access.token.lifespan','86400'),('d0b0c1e6-ea07-4ac5-b32b-dacc23704ee1','acr.loa.map','{}'),('d0b0c1e6-ea07-4ac5-b32b-dacc23704ee1','backchannel.logout.revoke.offline.tokens','false'),('d0b0c1e6-ea07-4ac5-b32b-dacc23704ee1','backchannel.logout.session.required','true'),('d0b0c1e6-ea07-4ac5-b32b-dacc23704ee1','client.secret.creation.time','1755591018'),('d0b0c1e6-ea07-4ac5-b32b-dacc23704ee1','client.session.idle.timeout','86400'),('d0b0c1e6-ea07-4ac5-b32b-dacc23704ee1','client.session.max.lifespan','86400'),('d0b0c1e6-ea07-4ac5-b32b-dacc23704ee1','client_credentials.use_refresh_token','false'),('d0b0c1e6-ea07-4ac5-b32b-dacc23704ee1','display.on.consent.screen','false'),('d0b0c1e6-ea07-4ac5-b32b-dacc23704ee1','exclude.session.state.from.auth.response','false'),('d0b0c1e6-ea07-4ac5-b32b-dacc23704ee1','frontchannel.logout.session.required','false'),('d0b0c1e6-ea07-4ac5-b32b-dacc23704ee1','id.token.as.detached.signature','false'),('d0b0c1e6-ea07-4ac5-b32b-dacc23704ee1','oauth2.device.authorization.grant.enabled','false'),('d0b0c1e6-ea07-4ac5-b32b-dacc23704ee1','oidc.ciba.grant.enabled','false'),('d0b0c1e6-ea07-4ac5-b32b-dacc23704ee1','require.pushed.authorization.requests','false'),('d0b0c1e6-ea07-4ac5-b32b-dacc23704ee1','saml.allow.ecp.flow','false'),('d0b0c1e6-ea07-4ac5-b32b-dacc23704ee1','saml.artifact.binding','false'),('d0b0c1e6-ea07-4ac5-b32b-dacc23704ee1','saml.assertion.signature','false'),('d0b0c1e6-ea07-4ac5-b32b-dacc23704ee1','saml.authnstatement','false'),('d0b0c1e6-ea07-4ac5-b32b-dacc23704ee1','saml.client.signature','false'),('d0b0c1e6-ea07-4ac5-b32b-dacc23704ee1','saml.encrypt','false'),('d0b0c1e6-ea07-4ac5-b32b-dacc23704ee1','saml.force.post.binding','false'),('d0b0c1e6-ea07-4ac5-b32b-dacc23704ee1','saml.multivalued.roles','false'),('d0b0c1e6-ea07-4ac5-b32b-dacc23704ee1','saml.onetimeuse.condition','false'),('d0b0c1e6-ea07-4ac5-b32b-dacc23704ee1','saml.server.signature','false'),('d0b0c1e6-ea07-4ac5-b32b-dacc23704ee1','saml.server.signature.keyinfo.ext','false'),('d0b0c1e6-ea07-4ac5-b32b-dacc23704ee1','saml_force_name_id_format','false'),('d0b0c1e6-ea07-4ac5-b32b-dacc23704ee1','tls.client.certificate.bound.access.tokens','false'),('d0b0c1e6-ea07-4ac5-b32b-dacc23704ee1','token.response.type.bearer.lower-case','false'),('d0b0c1e6-ea07-4ac5-b32b-dacc23704ee1','use.refresh.tokens','true'),('d137d744-bd8f-4564-a08a-42c321fcd1ef','backchannel.logout.revoke.offline.tokens','false'),('d137d744-bd8f-4564-a08a-42c321fcd1ef','backchannel.logout.session.required','true'),('d137d744-bd8f-4564-a08a-42c321fcd1ef','client.secret.creation.time','1755591049'),('d137d744-bd8f-4564-a08a-42c321fcd1ef','client_credentials.use_refresh_token','false'),('d137d744-bd8f-4564-a08a-42c321fcd1ef','display.on.consent.screen','false'),('d137d744-bd8f-4564-a08a-42c321fcd1ef','exclude.session.state.from.auth.response','false'),('d137d744-bd8f-4564-a08a-42c321fcd1ef','id.token.as.detached.signature','false'),('d137d744-bd8f-4564-a08a-42c321fcd1ef','oauth2.device.authorization.grant.enabled','false'),('d137d744-bd8f-4564-a08a-42c321fcd1ef','oidc.ciba.grant.enabled','false'),('d137d744-bd8f-4564-a08a-42c321fcd1ef','require.pushed.authorization.requests','false'),('d137d744-bd8f-4564-a08a-42c321fcd1ef','saml.artifact.binding','false'),('d137d744-bd8f-4564-a08a-42c321fcd1ef','saml.assertion.signature','false'),('d137d744-bd8f-4564-a08a-42c321fcd1ef','saml.authnstatement','false'),('d137d744-bd8f-4564-a08a-42c321fcd1ef','saml.client.signature','false'),('d137d744-bd8f-4564-a08a-42c321fcd1ef','saml.encrypt','false'),('d137d744-bd8f-4564-a08a-42c321fcd1ef','saml.force.post.binding','false'),('d137d744-bd8f-4564-a08a-42c321fcd1ef','saml.multivalued.roles','false'),('d137d744-bd8f-4564-a08a-42c321fcd1ef','saml.onetimeuse.condition','false'),('d137d744-bd8f-4564-a08a-42c321fcd1ef','saml.server.signature','false'),('d137d744-bd8f-4564-a08a-42c321fcd1ef','saml.server.signature.keyinfo.ext','false'),('d137d744-bd8f-4564-a08a-42c321fcd1ef','saml_force_name_id_format','false'),('d137d744-bd8f-4564-a08a-42c321fcd1ef','tls.client.certificate.bound.access.tokens','false'),('d137d744-bd8f-4564-a08a-42c321fcd1ef','use.refresh.tokens','true'),('d49113dc-047b-4522-9313-7247cc9b659e','backchannel.logout.revoke.offline.tokens','false'),('d49113dc-047b-4522-9313-7247cc9b659e','backchannel.logout.session.required','true'),('d49113dc-047b-4522-9313-7247cc9b659e','client.secret.creation.time','1755590826'),('d49113dc-047b-4522-9313-7247cc9b659e','client_credentials.use_refresh_token','false'),('d49113dc-047b-4522-9313-7247cc9b659e','display.on.consent.screen','false'),('d49113dc-047b-4522-9313-7247cc9b659e','exclude.session.state.from.auth.response','false'),('d49113dc-047b-4522-9313-7247cc9b659e','id.token.as.detached.signature','false'),('d49113dc-047b-4522-9313-7247cc9b659e','oauth2.device.authorization.grant.enabled','false'),('d49113dc-047b-4522-9313-7247cc9b659e','oidc.ciba.grant.enabled','false'),('d49113dc-047b-4522-9313-7247cc9b659e','post.logout.redirect.uris','/*'),('d49113dc-047b-4522-9313-7247cc9b659e','require.pushed.authorization.requests','false'),('d49113dc-047b-4522-9313-7247cc9b659e','saml.artifact.binding','false'),('d49113dc-047b-4522-9313-7247cc9b659e','saml.assertion.signature','false'),('d49113dc-047b-4522-9313-7247cc9b659e','saml.authnstatement','false'),('d49113dc-047b-4522-9313-7247cc9b659e','saml.client.signature','false'),('d49113dc-047b-4522-9313-7247cc9b659e','saml.encrypt','false'),('d49113dc-047b-4522-9313-7247cc9b659e','saml.force.post.binding','false'),('d49113dc-047b-4522-9313-7247cc9b659e','saml.multivalued.roles','false'),('d49113dc-047b-4522-9313-7247cc9b659e','saml.onetimeuse.condition','false'),('d49113dc-047b-4522-9313-7247cc9b659e','saml.server.signature','false'),('d49113dc-047b-4522-9313-7247cc9b659e','saml.server.signature.keyinfo.ext','false'),('d49113dc-047b-4522-9313-7247cc9b659e','saml_force_name_id_format','false'),('d49113dc-047b-4522-9313-7247cc9b659e','tls.client.certificate.bound.access.tokens','false'),('d49113dc-047b-4522-9313-7247cc9b659e','use.refresh.tokens','true'),('d7cfc645-824c-4ea7-b991-76f1f5a3ee36','pkce.code.challenge.method','S256'),('d7cfc645-824c-4ea7-b991-76f1f5a3ee36','post.logout.redirect.uris','+'),('ddf659f2-e655-434e-994d-cb9c7daef9dd','access.token.lifespan','86400'),('ddf659f2-e655-434e-994d-cb9c7daef9dd','acr.loa.map','{}'),('ddf659f2-e655-434e-994d-cb9c7daef9dd','backchannel.logout.revoke.offline.tokens','false'),('ddf659f2-e655-434e-994d-cb9c7daef9dd','backchannel.logout.session.required','true'),('ddf659f2-e655-434e-994d-cb9c7daef9dd','client.secret.creation.time','1755591080'),('ddf659f2-e655-434e-994d-cb9c7daef9dd','client.session.idle.timeout','86400'),('ddf659f2-e655-434e-994d-cb9c7daef9dd','client.session.max.lifespan','86400'),('ddf659f2-e655-434e-994d-cb9c7daef9dd','client_credentials.use_refresh_token','false'),('ddf659f2-e655-434e-994d-cb9c7daef9dd','display.on.consent.screen','false'),('ddf659f2-e655-434e-994d-cb9c7daef9dd','exclude.session.state.from.auth.response','false'),('ddf659f2-e655-434e-994d-cb9c7daef9dd','frontchannel.logout.session.required','false'),('ddf659f2-e655-434e-994d-cb9c7daef9dd','id.token.as.detached.signature','false'),('ddf659f2-e655-434e-994d-cb9c7daef9dd','oauth2.device.authorization.grant.enabled','false'),('ddf659f2-e655-434e-994d-cb9c7daef9dd','oidc.ciba.grant.enabled','false'),('ddf659f2-e655-434e-994d-cb9c7daef9dd','require.pushed.authorization.requests','false'),('ddf659f2-e655-434e-994d-cb9c7daef9dd','saml.allow.ecp.flow','false'),('ddf659f2-e655-434e-994d-cb9c7daef9dd','saml.artifact.binding','false'),('ddf659f2-e655-434e-994d-cb9c7daef9dd','saml.assertion.signature','false'),('ddf659f2-e655-434e-994d-cb9c7daef9dd','saml.authnstatement','false'),('ddf659f2-e655-434e-994d-cb9c7daef9dd','saml.client.signature','false'),('ddf659f2-e655-434e-994d-cb9c7daef9dd','saml.encrypt','false'),('ddf659f2-e655-434e-994d-cb9c7daef9dd','saml.force.post.binding','false'),('ddf659f2-e655-434e-994d-cb9c7daef9dd','saml.multivalued.roles','false'),('ddf659f2-e655-434e-994d-cb9c7daef9dd','saml.onetimeuse.condition','false'),('ddf659f2-e655-434e-994d-cb9c7daef9dd','saml.server.signature','false'),('ddf659f2-e655-434e-994d-cb9c7daef9dd','saml.server.signature.keyinfo.ext','false'),('ddf659f2-e655-434e-994d-cb9c7daef9dd','saml_force_name_id_format','false'),('ddf659f2-e655-434e-994d-cb9c7daef9dd','tls.client.certificate.bound.access.tokens','false'),('ddf659f2-e655-434e-994d-cb9c7daef9dd','token.response.type.bearer.lower-case','false'),('ddf659f2-e655-434e-994d-cb9c7daef9dd','use.refresh.tokens','true'),('e62b98f4-f0ba-4212-b0c6-f96497dfbf00','access.token.lifespan','86400'),('e62b98f4-f0ba-4212-b0c6-f96497dfbf00','acr.loa.map','{}'),('e62b98f4-f0ba-4212-b0c6-f96497dfbf00','backchannel.logout.revoke.offline.tokens','false'),('e62b98f4-f0ba-4212-b0c6-f96497dfbf00','backchannel.logout.session.required','true'),('e62b98f4-f0ba-4212-b0c6-f96497dfbf00','client.secret.creation.time','1755591049'),('e62b98f4-f0ba-4212-b0c6-f96497dfbf00','client.session.idle.timeout','86400'),('e62b98f4-f0ba-4212-b0c6-f96497dfbf00','client.session.max.lifespan','86400'),('e62b98f4-f0ba-4212-b0c6-f96497dfbf00','client_credentials.use_refresh_token','false'),('e62b98f4-f0ba-4212-b0c6-f96497dfbf00','display.on.consent.screen','false'),('e62b98f4-f0ba-4212-b0c6-f96497dfbf00','exclude.session.state.from.auth.response','false'),('e62b98f4-f0ba-4212-b0c6-f96497dfbf00','frontchannel.logout.session.required','false'),('e62b98f4-f0ba-4212-b0c6-f96497dfbf00','id.token.as.detached.signature','false'),('e62b98f4-f0ba-4212-b0c6-f96497dfbf00','oauth2.device.authorization.grant.enabled','false'),('e62b98f4-f0ba-4212-b0c6-f96497dfbf00','oidc.ciba.grant.enabled','false'),('e62b98f4-f0ba-4212-b0c6-f96497dfbf00','require.pushed.authorization.requests','false'),('e62b98f4-f0ba-4212-b0c6-f96497dfbf00','saml.allow.ecp.flow','false'),('e62b98f4-f0ba-4212-b0c6-f96497dfbf00','saml.artifact.binding','false'),('e62b98f4-f0ba-4212-b0c6-f96497dfbf00','saml.assertion.signature','false'),('e62b98f4-f0ba-4212-b0c6-f96497dfbf00','saml.authnstatement','false'),('e62b98f4-f0ba-4212-b0c6-f96497dfbf00','saml.client.signature','false'),('e62b98f4-f0ba-4212-b0c6-f96497dfbf00','saml.encrypt','false'),('e62b98f4-f0ba-4212-b0c6-f96497dfbf00','saml.force.post.binding','false'),('e62b98f4-f0ba-4212-b0c6-f96497dfbf00','saml.multivalued.roles','false'),('e62b98f4-f0ba-4212-b0c6-f96497dfbf00','saml.onetimeuse.condition','false'),('e62b98f4-f0ba-4212-b0c6-f96497dfbf00','saml.server.signature','false'),('e62b98f4-f0ba-4212-b0c6-f96497dfbf00','saml.server.signature.keyinfo.ext','false'),('e62b98f4-f0ba-4212-b0c6-f96497dfbf00','saml_force_name_id_format','false'),('e62b98f4-f0ba-4212-b0c6-f96497dfbf00','tls.client.certificate.bound.access.tokens','false'),('e62b98f4-f0ba-4212-b0c6-f96497dfbf00','token.response.type.bearer.lower-case','false'),('e62b98f4-f0ba-4212-b0c6-f96497dfbf00','use.refresh.tokens','true'),('ec02446c-1f1e-45b1-9ad2-ab86e0cd1111','pkce.code.challenge.method','S256'),('ec02446c-1f1e-45b1-9ad2-ab86e0cd1111','post.logout.redirect.uris','+'),('fa3c114b-67b5-4c44-a52c-380b50d58da3','pkce.code.challenge.method','S256'),('fa3c114b-67b5-4c44-a52c-380b50d58da3','post.logout.redirect.uris','+'),('fc17abd5-4aba-48b9-a5e2-1a070c96267d','backchannel.logout.revoke.offline.tokens','false'),('fc17abd5-4aba-48b9-a5e2-1a070c96267d','backchannel.logout.session.required','true'),('fc17abd5-4aba-48b9-a5e2-1a070c96267d','client.secret.creation.time','1755591018'),('fc17abd5-4aba-48b9-a5e2-1a070c96267d','client_credentials.use_refresh_token','false'),('fc17abd5-4aba-48b9-a5e2-1a070c96267d','display.on.consent.screen','false'),('fc17abd5-4aba-48b9-a5e2-1a070c96267d','exclude.session.state.from.auth.response','false'),('fc17abd5-4aba-48b9-a5e2-1a070c96267d','id.token.as.detached.signature','false'),('fc17abd5-4aba-48b9-a5e2-1a070c96267d','oauth2.device.authorization.grant.enabled','false'),('fc17abd5-4aba-48b9-a5e2-1a070c96267d','oidc.ciba.grant.enabled','false'),('fc17abd5-4aba-48b9-a5e2-1a070c96267d','post.logout.redirect.uris','/*'),('fc17abd5-4aba-48b9-a5e2-1a070c96267d','require.pushed.authorization.requests','false'),('fc17abd5-4aba-48b9-a5e2-1a070c96267d','saml.artifact.binding','false'),('fc17abd5-4aba-48b9-a5e2-1a070c96267d','saml.assertion.signature','false'),('fc17abd5-4aba-48b9-a5e2-1a070c96267d','saml.authnstatement','false'),('fc17abd5-4aba-48b9-a5e2-1a070c96267d','saml.client.signature','false'),('fc17abd5-4aba-48b9-a5e2-1a070c96267d','saml.encrypt','false'),('fc17abd5-4aba-48b9-a5e2-1a070c96267d','saml.force.post.binding','false'),('fc17abd5-4aba-48b9-a5e2-1a070c96267d','saml.multivalued.roles','false'),('fc17abd5-4aba-48b9-a5e2-1a070c96267d','saml.onetimeuse.condition','false'),('fc17abd5-4aba-48b9-a5e2-1a070c96267d','saml.server.signature','false'),('fc17abd5-4aba-48b9-a5e2-1a070c96267d','saml.server.signature.keyinfo.ext','false'),('fc17abd5-4aba-48b9-a5e2-1a070c96267d','saml_force_name_id_format','false'),('fc17abd5-4aba-48b9-a5e2-1a070c96267d','tls.client.certificate.bound.access.tokens','false'),('fc17abd5-4aba-48b9-a5e2-1a070c96267d','use.refresh.tokens','true'),('fe87db9e-e678-498e-abec-9691a522d1af','pkce.code.challenge.method','S256'),('fe87db9e-e678-498e-abec-9691a522d1af','post.logout.redirect.uris','+');
UNLOCK TABLES;

--
-- Dumping data for table `CLIENT_AUTH_FLOW_BINDINGS`
--

LOCK TABLES `CLIENT_AUTH_FLOW_BINDINGS` WRITE;
UNLOCK TABLES;

--
-- Dumping data for table `CLIENT_INITIAL_ACCESS`
--

LOCK TABLES `CLIENT_INITIAL_ACCESS` WRITE;
UNLOCK TABLES;

--
-- Dumping data for table `CLIENT_NODE_REGISTRATIONS`
--

LOCK TABLES `CLIENT_NODE_REGISTRATIONS` WRITE;
UNLOCK TABLES;

--
-- Dumping data for table `CLIENT_SCOPE`
--

LOCK TABLES `CLIENT_SCOPE` WRITE;
INSERT INTO `CLIENT_SCOPE` VALUES ('0a81c55a-a395-4584-a1b0-3895762b44a7','web-origins','org4','OpenID Connect scope for add allowed web origins to the access token','openid-connect'),('0f26863b-4ccc-4aec-a9d9-cee85f76b64c','roles','org5','OpenID Connect scope for add user roles to the access token','openid-connect'),('0f78473f-2b95-4d83-bc15-50a9bba04c9b','roles','org4','OpenID Connect scope for add user roles to the access token','openid-connect'),('0f7f168d-dfe1-43ac-85c0-ea05409d4d1d','web-origins','9643073e-80de-4254-9166-5c75e800fbb5','OpenID Connect scope for add allowed web origins to the access token','openid-connect'),('1e5f11bd-0eae-4517-9ab5-df3aa56ca512','microprofile-jwt','org4','Microprofile - JWT built-in scope','openid-connect'),('20025655-b3bc-448d-b05d-9fc7ed677243','offline_access','org5','OpenID Connect built-in scope: offline_access','openid-connect'),('262d39a3-90b9-4867-80b9-47ab2aba2604','email','org4','OpenID Connect built-in scope: email','openid-connect'),('299d56ee-527f-4a5a-8035-1b0875de663b','profile','9643073e-80de-4254-9166-5c75e800fbb5','OpenID Connect built-in scope: profile','openid-connect'),('2a293eaa-b435-4ad0-b9d6-634b0a2cc596','phone','org4','OpenID Connect built-in scope: phone','openid-connect'),('3c6d42a0-c0c1-4528-8b61-6f0535acbc11','roles','9643073e-80de-4254-9166-5c75e800fbb5','OpenID Connect scope for add user roles to the access token','openid-connect'),('3dfcfdb4-5df8-4183-80d5-f0f6ee5b9b85','phone','org3','OpenID Connect built-in scope: phone','openid-connect'),('4077ae0f-56bc-4d10-b4ba-37a5a6101cf8','role_list','org5','SAML role list','saml'),('4120ba61-1916-4331-8cfc-9d0eaca3bf9e','email','org2','OpenID Connect built-in scope: email','openid-connect'),('41479ade-7ac3-4771-8841-412d53a1bee0','acr','org2','OpenID Connect scope for add acr (authentication context class reference) to the token','openid-connect'),('43a54d9c-8b39-4138-84a1-20511fef856c','address','9643073e-80de-4254-9166-5c75e800fbb5','OpenID Connect built-in scope: address','openid-connect'),('446dfffb-28c5-49c1-9387-e231085d92f9','microprofile-jwt','org2','Microprofile - JWT built-in scope','openid-connect'),('45493f39-8756-4949-9798-72063eb29f30','phone','org5','OpenID Connect built-in scope: phone','openid-connect'),('4594371d-d817-4fd4-8ebb-ba72f5a09514','role_list','org1','SAML role list','saml'),('49d8598d-755d-4085-8aab-d139951af3bb','web-origins','org1','OpenID Connect scope for add allowed web origins to the access token','openid-connect'),('4b0f95da-6803-4398-a408-75e55074b4c8','microprofile-jwt','org5','Microprofile - JWT built-in scope','openid-connect'),('524561d7-160d-418e-b56c-1c94b2b77389','microprofile-jwt','org1','Microprofile - JWT built-in scope','openid-connect'),('52599e3e-5076-423e-89ed-9adc152dcbd4','acr','org1','OpenID Connect scope for add acr (authentication context class reference) to the token','openid-connect'),('573104cc-af95-409d-a178-170e5cc1fb50','acr','org3','OpenID Connect scope for add acr (authentication context class reference) to the token','openid-connect'),('5850d30d-aa9d-4fab-8fa4-4c1a5b0eb624','offline_access','org4','OpenID Connect built-in scope: offline_access','openid-connect'),('5931c276-59d1-419f-88ef-600bf1d010ce','acr','9643073e-80de-4254-9166-5c75e800fbb5','OpenID Connect scope for add acr (authentication context class reference) to the token','openid-connect'),('5e0f782c-85eb-49b3-b028-3edf03513704','address','org4','OpenID Connect built-in scope: address','openid-connect'),('5ec63c77-1878-4740-b7df-3bb1a22cba33','offline_access','9643073e-80de-4254-9166-5c75e800fbb5','OpenID Connect built-in scope: offline_access','openid-connect'),('5eeca38b-d063-4896-9a6b-5d255ad15860','email','org3','OpenID Connect built-in scope: email','openid-connect'),('60645b32-1af3-40c3-b9b5-c3742616cbab','roles','org2','OpenID Connect scope for add user roles to the access token','openid-connect'),('608171dd-1676-4d5d-bb0f-3d584761355b','roles','org1','OpenID Connect scope for add user roles to the access token','openid-connect'),('68b418c0-b774-46b5-bd66-2e222ff5c534','role_list','9643073e-80de-4254-9166-5c75e800fbb5','SAML role list','saml'),('6cc67f25-fc1e-4f06-920a-f487542809a1','microprofile-jwt','9643073e-80de-4254-9166-5c75e800fbb5','Microprofile - JWT built-in scope','openid-connect'),('6ff24da9-5ec6-4c80-8251-e9cb28ec4467','roles','org3','OpenID Connect scope for add user roles to the access token','openid-connect'),('755b181e-2f52-4fb3-bad4-3e6ae91068e6','offline_access','org2','OpenID Connect built-in scope: offline_access','openid-connect'),('75f0a9dc-3111-43ba-8725-6512c5aaae92','email','org5','OpenID Connect built-in scope: email','openid-connect'),('7fc94975-7b58-47be-8e1c-f411aad0206f','address','org3','OpenID Connect built-in scope: address','openid-connect'),('827f7fa1-2617-40d4-8f1c-dac987742000','address','org2','OpenID Connect built-in scope: address','openid-connect'),('82b7737b-0926-41d4-9d26-a1abdb255851','microprofile-jwt','org3','Microprofile - JWT built-in scope','openid-connect'),('84a60e5e-2a65-4c8a-a366-1da0dbd33126','address','org1','OpenID Connect built-in scope: address','openid-connect'),('8c9642d4-d3db-4578-ace7-141a59b085c5','web-origins','org2','OpenID Connect scope for add allowed web origins to the access token','openid-connect'),('8cfc29d0-3d25-4bf7-ac1d-6e5884bf13e7','phone','org2','OpenID Connect built-in scope: phone','openid-connect'),('8d11acf5-5bc2-4d3e-97f7-8754e183c70f','profile','org2','OpenID Connect built-in scope: profile','openid-connect'),('8f2fb485-9532-4988-a8aa-099f0f499cc6','phone','9643073e-80de-4254-9166-5c75e800fbb5','OpenID Connect built-in scope: phone','openid-connect'),('98a2a454-1d6e-4951-b0b2-28b6f0a752fa','profile','org3','OpenID Connect built-in scope: profile','openid-connect'),('9e8422de-598b-4f7d-85a1-12b3849f2662','web-origins','org5','OpenID Connect scope for add allowed web origins to the access token','openid-connect'),('9ffd0b44-4a05-4b8a-85a3-87b848956e61','address','org5','OpenID Connect built-in scope: address','openid-connect'),('acbae21d-887d-4201-9a4e-692587a940d2','phone','org1','OpenID Connect built-in scope: phone','openid-connect'),('b46c0317-0484-476e-bcb1-bb0d5ae25323','offline_access','org1','OpenID Connect built-in scope: offline_access','openid-connect'),('b5c75df2-4f2f-4774-804f-b2b1f908dd4e','email','9643073e-80de-4254-9166-5c75e800fbb5','OpenID Connect built-in scope: email','openid-connect'),('be061ba0-1c36-48c2-90c0-005e5bc16b01','offline_access','org3','OpenID Connect built-in scope: offline_access','openid-connect'),('c5847705-a87f-4f0b-883c-e63029c290c6','role_list','org2','SAML role list','saml'),('c7d0f025-9561-46ae-baec-eeca2d56419d','email','org1','OpenID Connect built-in scope: email','openid-connect'),('d2e2c88c-03cc-48ee-bbef-4e49e31d5b30','profile','org4','OpenID Connect built-in scope: profile','openid-connect'),('d6b7c627-f466-4567-b0c7-bf4d5e5acef7','acr','org5','OpenID Connect scope for add acr (authentication context class reference) to the token','openid-connect'),('d711e49f-d94f-4280-ad9d-05ba387c022a','role_list','org4','SAML role list','saml'),('e4d70ad3-077f-4330-9725-b437d2733033','profile','org1','OpenID Connect built-in scope: profile','openid-connect'),('e5288b8a-be59-4a88-99a8-d389d76836fe','role_list','org3','SAML role list','saml'),('e87633d1-eed7-4889-a338-3f79240f287d','web-origins','org3','OpenID Connect scope for add allowed web origins to the access token','openid-connect'),('e9c86c6b-0a37-48e7-8247-2ac8c18f774d','acr','org4','OpenID Connect scope for add acr (authentication context class reference) to the token','openid-connect'),('ff913149-72d2-40d1-b75b-d333934ad4dd','profile','org5','OpenID Connect built-in scope: profile','openid-connect');
UNLOCK TABLES;

--
-- Dumping data for table `CLIENT_SCOPE_ATTRIBUTES`
--

LOCK TABLES `CLIENT_SCOPE_ATTRIBUTES` WRITE;
INSERT INTO `CLIENT_SCOPE_ATTRIBUTES` VALUES ('0a81c55a-a395-4584-a1b0-3895762b44a7','','consent.screen.text'),('0a81c55a-a395-4584-a1b0-3895762b44a7','false','display.on.consent.screen'),('0a81c55a-a395-4584-a1b0-3895762b44a7','false','include.in.token.scope'),('0f26863b-4ccc-4aec-a9d9-cee85f76b64c','${rolesScopeConsentText}','consent.screen.text'),('0f26863b-4ccc-4aec-a9d9-cee85f76b64c','true','display.on.consent.screen'),('0f26863b-4ccc-4aec-a9d9-cee85f76b64c','false','include.in.token.scope'),('0f78473f-2b95-4d83-bc15-50a9bba04c9b','${rolesScopeConsentText}','consent.screen.text'),('0f78473f-2b95-4d83-bc15-50a9bba04c9b','true','display.on.consent.screen'),('0f78473f-2b95-4d83-bc15-50a9bba04c9b','false','include.in.token.scope'),('0f7f168d-dfe1-43ac-85c0-ea05409d4d1d','','consent.screen.text'),('0f7f168d-dfe1-43ac-85c0-ea05409d4d1d','false','display.on.consent.screen'),('0f7f168d-dfe1-43ac-85c0-ea05409d4d1d','false','include.in.token.scope'),('1e5f11bd-0eae-4517-9ab5-df3aa56ca512','false','display.on.consent.screen'),('1e5f11bd-0eae-4517-9ab5-df3aa56ca512','true','include.in.token.scope'),('20025655-b3bc-448d-b05d-9fc7ed677243','${offlineAccessScopeConsentText}','consent.screen.text'),('20025655-b3bc-448d-b05d-9fc7ed677243','true','display.on.consent.screen'),('262d39a3-90b9-4867-80b9-47ab2aba2604','${emailScopeConsentText}','consent.screen.text'),('262d39a3-90b9-4867-80b9-47ab2aba2604','true','display.on.consent.screen'),('262d39a3-90b9-4867-80b9-47ab2aba2604','true','include.in.token.scope'),('299d56ee-527f-4a5a-8035-1b0875de663b','${profileScopeConsentText}','consent.screen.text'),('299d56ee-527f-4a5a-8035-1b0875de663b','true','display.on.consent.screen'),('299d56ee-527f-4a5a-8035-1b0875de663b','true','include.in.token.scope'),('2a293eaa-b435-4ad0-b9d6-634b0a2cc596','${phoneScopeConsentText}','consent.screen.text'),('2a293eaa-b435-4ad0-b9d6-634b0a2cc596','true','display.on.consent.screen'),('2a293eaa-b435-4ad0-b9d6-634b0a2cc596','true','include.in.token.scope'),('3c6d42a0-c0c1-4528-8b61-6f0535acbc11','${rolesScopeConsentText}','consent.screen.text'),('3c6d42a0-c0c1-4528-8b61-6f0535acbc11','true','display.on.consent.screen'),('3c6d42a0-c0c1-4528-8b61-6f0535acbc11','false','include.in.token.scope'),('3dfcfdb4-5df8-4183-80d5-f0f6ee5b9b85','${phoneScopeConsentText}','consent.screen.text'),('3dfcfdb4-5df8-4183-80d5-f0f6ee5b9b85','true','display.on.consent.screen'),('3dfcfdb4-5df8-4183-80d5-f0f6ee5b9b85','true','include.in.token.scope'),('4077ae0f-56bc-4d10-b4ba-37a5a6101cf8','${samlRoleListScopeConsentText}','consent.screen.text'),('4077ae0f-56bc-4d10-b4ba-37a5a6101cf8','true','display.on.consent.screen'),('4120ba61-1916-4331-8cfc-9d0eaca3bf9e','${emailScopeConsentText}','consent.screen.text'),('4120ba61-1916-4331-8cfc-9d0eaca3bf9e','true','display.on.consent.screen'),('4120ba61-1916-4331-8cfc-9d0eaca3bf9e','true','include.in.token.scope'),('41479ade-7ac3-4771-8841-412d53a1bee0','false','display.on.consent.screen'),('41479ade-7ac3-4771-8841-412d53a1bee0','false','include.in.token.scope'),('43a54d9c-8b39-4138-84a1-20511fef856c','${addressScopeConsentText}','consent.screen.text'),('43a54d9c-8b39-4138-84a1-20511fef856c','true','display.on.consent.screen'),('43a54d9c-8b39-4138-84a1-20511fef856c','true','include.in.token.scope'),('446dfffb-28c5-49c1-9387-e231085d92f9','false','display.on.consent.screen'),('446dfffb-28c5-49c1-9387-e231085d92f9','true','include.in.token.scope'),('45493f39-8756-4949-9798-72063eb29f30','${phoneScopeConsentText}','consent.screen.text'),('45493f39-8756-4949-9798-72063eb29f30','true','display.on.consent.screen'),('45493f39-8756-4949-9798-72063eb29f30','true','include.in.token.scope'),('4594371d-d817-4fd4-8ebb-ba72f5a09514','${samlRoleListScopeConsentText}','consent.screen.text'),('4594371d-d817-4fd4-8ebb-ba72f5a09514','true','display.on.consent.screen'),('49d8598d-755d-4085-8aab-d139951af3bb','','consent.screen.text'),('49d8598d-755d-4085-8aab-d139951af3bb','false','display.on.consent.screen'),('49d8598d-755d-4085-8aab-d139951af3bb','false','include.in.token.scope'),('4b0f95da-6803-4398-a408-75e55074b4c8','false','display.on.consent.screen'),('4b0f95da-6803-4398-a408-75e55074b4c8','true','include.in.token.scope'),('524561d7-160d-418e-b56c-1c94b2b77389','false','display.on.consent.screen'),('524561d7-160d-418e-b56c-1c94b2b77389','true','include.in.token.scope'),('52599e3e-5076-423e-89ed-9adc152dcbd4','false','display.on.consent.screen'),('52599e3e-5076-423e-89ed-9adc152dcbd4','false','include.in.token.scope'),('573104cc-af95-409d-a178-170e5cc1fb50','false','display.on.consent.screen'),('573104cc-af95-409d-a178-170e5cc1fb50','false','include.in.token.scope'),('5850d30d-aa9d-4fab-8fa4-4c1a5b0eb624','${offlineAccessScopeConsentText}','consent.screen.text'),('5850d30d-aa9d-4fab-8fa4-4c1a5b0eb624','true','display.on.consent.screen'),('5931c276-59d1-419f-88ef-600bf1d010ce','false','display.on.consent.screen'),('5931c276-59d1-419f-88ef-600bf1d010ce','false','include.in.token.scope'),('5e0f782c-85eb-49b3-b028-3edf03513704','${addressScopeConsentText}','consent.screen.text'),('5e0f782c-85eb-49b3-b028-3edf03513704','true','display.on.consent.screen'),('5e0f782c-85eb-49b3-b028-3edf03513704','true','include.in.token.scope'),('5ec63c77-1878-4740-b7df-3bb1a22cba33','${offlineAccessScopeConsentText}','consent.screen.text'),('5ec63c77-1878-4740-b7df-3bb1a22cba33','true','display.on.consent.screen'),('5eeca38b-d063-4896-9a6b-5d255ad15860','${emailScopeConsentText}','consent.screen.text'),('5eeca38b-d063-4896-9a6b-5d255ad15860','true','display.on.consent.screen'),('5eeca38b-d063-4896-9a6b-5d255ad15860','true','include.in.token.scope'),('60645b32-1af3-40c3-b9b5-c3742616cbab','${rolesScopeConsentText}','consent.screen.text'),('60645b32-1af3-40c3-b9b5-c3742616cbab','true','display.on.consent.screen'),('60645b32-1af3-40c3-b9b5-c3742616cbab','false','include.in.token.scope'),('608171dd-1676-4d5d-bb0f-3d584761355b','${rolesScopeConsentText}','consent.screen.text'),('608171dd-1676-4d5d-bb0f-3d584761355b','true','display.on.consent.screen'),('608171dd-1676-4d5d-bb0f-3d584761355b','false','include.in.token.scope'),('68b418c0-b774-46b5-bd66-2e222ff5c534','${samlRoleListScopeConsentText}','consent.screen.text'),('68b418c0-b774-46b5-bd66-2e222ff5c534','true','display.on.consent.screen'),('6cc67f25-fc1e-4f06-920a-f487542809a1','false','display.on.consent.screen'),('6cc67f25-fc1e-4f06-920a-f487542809a1','true','include.in.token.scope'),('6ff24da9-5ec6-4c80-8251-e9cb28ec4467','${rolesScopeConsentText}','consent.screen.text'),('6ff24da9-5ec6-4c80-8251-e9cb28ec4467','true','display.on.consent.screen'),('6ff24da9-5ec6-4c80-8251-e9cb28ec4467','false','include.in.token.scope'),('755b181e-2f52-4fb3-bad4-3e6ae91068e6','${offlineAccessScopeConsentText}','consent.screen.text'),('755b181e-2f52-4fb3-bad4-3e6ae91068e6','true','display.on.consent.screen'),('75f0a9dc-3111-43ba-8725-6512c5aaae92','${emailScopeConsentText}','consent.screen.text'),('75f0a9dc-3111-43ba-8725-6512c5aaae92','true','display.on.consent.screen'),('75f0a9dc-3111-43ba-8725-6512c5aaae92','true','include.in.token.scope'),('7fc94975-7b58-47be-8e1c-f411aad0206f','${addressScopeConsentText}','consent.screen.text'),('7fc94975-7b58-47be-8e1c-f411aad0206f','true','display.on.consent.screen'),('7fc94975-7b58-47be-8e1c-f411aad0206f','true','include.in.token.scope'),('827f7fa1-2617-40d4-8f1c-dac987742000','${addressScopeConsentText}','consent.screen.text'),('827f7fa1-2617-40d4-8f1c-dac987742000','true','display.on.consent.screen'),('827f7fa1-2617-40d4-8f1c-dac987742000','true','include.in.token.scope'),('82b7737b-0926-41d4-9d26-a1abdb255851','false','display.on.consent.screen'),('82b7737b-0926-41d4-9d26-a1abdb255851','true','include.in.token.scope'),('84a60e5e-2a65-4c8a-a366-1da0dbd33126','${addressScopeConsentText}','consent.screen.text'),('84a60e5e-2a65-4c8a-a366-1da0dbd33126','true','display.on.consent.screen'),('84a60e5e-2a65-4c8a-a366-1da0dbd33126','true','include.in.token.scope'),('8c9642d4-d3db-4578-ace7-141a59b085c5','','consent.screen.text'),('8c9642d4-d3db-4578-ace7-141a59b085c5','false','display.on.consent.screen'),('8c9642d4-d3db-4578-ace7-141a59b085c5','false','include.in.token.scope'),('8cfc29d0-3d25-4bf7-ac1d-6e5884bf13e7','${phoneScopeConsentText}','consent.screen.text'),('8cfc29d0-3d25-4bf7-ac1d-6e5884bf13e7','true','display.on.consent.screen'),('8cfc29d0-3d25-4bf7-ac1d-6e5884bf13e7','true','include.in.token.scope'),('8d11acf5-5bc2-4d3e-97f7-8754e183c70f','${profileScopeConsentText}','consent.screen.text'),('8d11acf5-5bc2-4d3e-97f7-8754e183c70f','true','display.on.consent.screen'),('8d11acf5-5bc2-4d3e-97f7-8754e183c70f','true','include.in.token.scope'),('8f2fb485-9532-4988-a8aa-099f0f499cc6','${phoneScopeConsentText}','consent.screen.text'),('8f2fb485-9532-4988-a8aa-099f0f499cc6','true','display.on.consent.screen'),('8f2fb485-9532-4988-a8aa-099f0f499cc6','true','include.in.token.scope'),('98a2a454-1d6e-4951-b0b2-28b6f0a752fa','${profileScopeConsentText}','consent.screen.text'),('98a2a454-1d6e-4951-b0b2-28b6f0a752fa','true','display.on.consent.screen'),('98a2a454-1d6e-4951-b0b2-28b6f0a752fa','true','include.in.token.scope'),('9e8422de-598b-4f7d-85a1-12b3849f2662','','consent.screen.text'),('9e8422de-598b-4f7d-85a1-12b3849f2662','false','display.on.consent.screen'),('9e8422de-598b-4f7d-85a1-12b3849f2662','false','include.in.token.scope'),('9ffd0b44-4a05-4b8a-85a3-87b848956e61','${addressScopeConsentText}','consent.screen.text'),('9ffd0b44-4a05-4b8a-85a3-87b848956e61','true','display.on.consent.screen'),('9ffd0b44-4a05-4b8a-85a3-87b848956e61','true','include.in.token.scope'),('acbae21d-887d-4201-9a4e-692587a940d2','${phoneScopeConsentText}','consent.screen.text'),('acbae21d-887d-4201-9a4e-692587a940d2','true','display.on.consent.screen'),('acbae21d-887d-4201-9a4e-692587a940d2','true','include.in.token.scope'),('b46c0317-0484-476e-bcb1-bb0d5ae25323','${offlineAccessScopeConsentText}','consent.screen.text'),('b46c0317-0484-476e-bcb1-bb0d5ae25323','true','display.on.consent.screen'),('b5c75df2-4f2f-4774-804f-b2b1f908dd4e','${emailScopeConsentText}','consent.screen.text'),('b5c75df2-4f2f-4774-804f-b2b1f908dd4e','true','display.on.consent.screen'),('b5c75df2-4f2f-4774-804f-b2b1f908dd4e','true','include.in.token.scope'),('be061ba0-1c36-48c2-90c0-005e5bc16b01','${offlineAccessScopeConsentText}','consent.screen.text'),('be061ba0-1c36-48c2-90c0-005e5bc16b01','true','display.on.consent.screen'),('c5847705-a87f-4f0b-883c-e63029c290c6','${samlRoleListScopeConsentText}','consent.screen.text'),('c5847705-a87f-4f0b-883c-e63029c290c6','true','display.on.consent.screen'),('c7d0f025-9561-46ae-baec-eeca2d56419d','${emailScopeConsentText}','consent.screen.text'),('c7d0f025-9561-46ae-baec-eeca2d56419d','true','display.on.consent.screen'),('c7d0f025-9561-46ae-baec-eeca2d56419d','true','include.in.token.scope'),('d2e2c88c-03cc-48ee-bbef-4e49e31d5b30','${profileScopeConsentText}','consent.screen.text'),('d2e2c88c-03cc-48ee-bbef-4e49e31d5b30','true','display.on.consent.screen'),('d2e2c88c-03cc-48ee-bbef-4e49e31d5b30','true','include.in.token.scope'),('d6b7c627-f466-4567-b0c7-bf4d5e5acef7','false','display.on.consent.screen'),('d6b7c627-f466-4567-b0c7-bf4d5e5acef7','false','include.in.token.scope'),('d711e49f-d94f-4280-ad9d-05ba387c022a','${samlRoleListScopeConsentText}','consent.screen.text'),('d711e49f-d94f-4280-ad9d-05ba387c022a','true','display.on.consent.screen'),('e4d70ad3-077f-4330-9725-b437d2733033','${profileScopeConsentText}','consent.screen.text'),('e4d70ad3-077f-4330-9725-b437d2733033','true','display.on.consent.screen'),('e4d70ad3-077f-4330-9725-b437d2733033','true','include.in.token.scope'),('e5288b8a-be59-4a88-99a8-d389d76836fe','${samlRoleListScopeConsentText}','consent.screen.text'),('e5288b8a-be59-4a88-99a8-d389d76836fe','true','display.on.consent.screen'),('e87633d1-eed7-4889-a338-3f79240f287d','','consent.screen.text'),('e87633d1-eed7-4889-a338-3f79240f287d','false','display.on.consent.screen'),('e87633d1-eed7-4889-a338-3f79240f287d','false','include.in.token.scope'),('e9c86c6b-0a37-48e7-8247-2ac8c18f774d','false','display.on.consent.screen'),('e9c86c6b-0a37-48e7-8247-2ac8c18f774d','false','include.in.token.scope'),('ff913149-72d2-40d1-b75b-d333934ad4dd','${profileScopeConsentText}','consent.screen.text'),('ff913149-72d2-40d1-b75b-d333934ad4dd','true','display.on.consent.screen'),('ff913149-72d2-40d1-b75b-d333934ad4dd','true','include.in.token.scope');
UNLOCK TABLES;

--
-- Dumping data for table `CLIENT_SCOPE_CLIENT`
--

LOCK TABLES `CLIENT_SCOPE_CLIENT` WRITE;
INSERT INTO `CLIENT_SCOPE_CLIENT` VALUES ('00d4d030-dda0-4f38-b364-9ba06c1469e9','3dfcfdb4-5df8-4183-80d5-f0f6ee5b9b85',0),('00d4d030-dda0-4f38-b364-9ba06c1469e9','573104cc-af95-409d-a178-170e5cc1fb50',1),('00d4d030-dda0-4f38-b364-9ba06c1469e9','5eeca38b-d063-4896-9a6b-5d255ad15860',1),('00d4d030-dda0-4f38-b364-9ba06c1469e9','6ff24da9-5ec6-4c80-8251-e9cb28ec4467',1),('00d4d030-dda0-4f38-b364-9ba06c1469e9','7fc94975-7b58-47be-8e1c-f411aad0206f',0),('00d4d030-dda0-4f38-b364-9ba06c1469e9','82b7737b-0926-41d4-9d26-a1abdb255851',0),('00d4d030-dda0-4f38-b364-9ba06c1469e9','98a2a454-1d6e-4951-b0b2-28b6f0a752fa',1),('00d4d030-dda0-4f38-b364-9ba06c1469e9','be061ba0-1c36-48c2-90c0-005e5bc16b01',0),('00d4d030-dda0-4f38-b364-9ba06c1469e9','e87633d1-eed7-4889-a338-3f79240f287d',1),('09a856e4-4e30-4266-9325-adf59490f8b1','3dfcfdb4-5df8-4183-80d5-f0f6ee5b9b85',0),('09a856e4-4e30-4266-9325-adf59490f8b1','5eeca38b-d063-4896-9a6b-5d255ad15860',1),('09a856e4-4e30-4266-9325-adf59490f8b1','6ff24da9-5ec6-4c80-8251-e9cb28ec4467',1),('09a856e4-4e30-4266-9325-adf59490f8b1','7fc94975-7b58-47be-8e1c-f411aad0206f',0),('09a856e4-4e30-4266-9325-adf59490f8b1','82b7737b-0926-41d4-9d26-a1abdb255851',0),('09a856e4-4e30-4266-9325-adf59490f8b1','98a2a454-1d6e-4951-b0b2-28b6f0a752fa',1),('09a856e4-4e30-4266-9325-adf59490f8b1','be061ba0-1c36-48c2-90c0-005e5bc16b01',0),('09a856e4-4e30-4266-9325-adf59490f8b1','e87633d1-eed7-4889-a338-3f79240f287d',1),('0b19cea0-1501-4228-bdd6-11d7e92e6ac3','3dfcfdb4-5df8-4183-80d5-f0f6ee5b9b85',0),('0b19cea0-1501-4228-bdd6-11d7e92e6ac3','573104cc-af95-409d-a178-170e5cc1fb50',1),('0b19cea0-1501-4228-bdd6-11d7e92e6ac3','5eeca38b-d063-4896-9a6b-5d255ad15860',1),('0b19cea0-1501-4228-bdd6-11d7e92e6ac3','6ff24da9-5ec6-4c80-8251-e9cb28ec4467',1),('0b19cea0-1501-4228-bdd6-11d7e92e6ac3','7fc94975-7b58-47be-8e1c-f411aad0206f',0),('0b19cea0-1501-4228-bdd6-11d7e92e6ac3','82b7737b-0926-41d4-9d26-a1abdb255851',0),('0b19cea0-1501-4228-bdd6-11d7e92e6ac3','98a2a454-1d6e-4951-b0b2-28b6f0a752fa',1),('0b19cea0-1501-4228-bdd6-11d7e92e6ac3','be061ba0-1c36-48c2-90c0-005e5bc16b01',0),('0b19cea0-1501-4228-bdd6-11d7e92e6ac3','e87633d1-eed7-4889-a338-3f79240f287d',1),('1186f8e8-1c71-4ad0-8d4b-b202cc8f2075','0f7f168d-dfe1-43ac-85c0-ea05409d4d1d',1),('1186f8e8-1c71-4ad0-8d4b-b202cc8f2075','299d56ee-527f-4a5a-8035-1b0875de663b',1),('1186f8e8-1c71-4ad0-8d4b-b202cc8f2075','3c6d42a0-c0c1-4528-8b61-6f0535acbc11',1),('1186f8e8-1c71-4ad0-8d4b-b202cc8f2075','43a54d9c-8b39-4138-84a1-20511fef856c',0),('1186f8e8-1c71-4ad0-8d4b-b202cc8f2075','5931c276-59d1-419f-88ef-600bf1d010ce',1),('1186f8e8-1c71-4ad0-8d4b-b202cc8f2075','5ec63c77-1878-4740-b7df-3bb1a22cba33',0),('1186f8e8-1c71-4ad0-8d4b-b202cc8f2075','6cc67f25-fc1e-4f06-920a-f487542809a1',0),('1186f8e8-1c71-4ad0-8d4b-b202cc8f2075','8f2fb485-9532-4988-a8aa-099f0f499cc6',0),('1186f8e8-1c71-4ad0-8d4b-b202cc8f2075','b5c75df2-4f2f-4774-804f-b2b1f908dd4e',1),('18e7b0e7-2c8d-44b2-b435-36efa33a6ca1','49d8598d-755d-4085-8aab-d139951af3bb',1),('18e7b0e7-2c8d-44b2-b435-36efa33a6ca1','524561d7-160d-418e-b56c-1c94b2b77389',0),('18e7b0e7-2c8d-44b2-b435-36efa33a6ca1','608171dd-1676-4d5d-bb0f-3d584761355b',1),('18e7b0e7-2c8d-44b2-b435-36efa33a6ca1','84a60e5e-2a65-4c8a-a366-1da0dbd33126',0),('18e7b0e7-2c8d-44b2-b435-36efa33a6ca1','acbae21d-887d-4201-9a4e-692587a940d2',0),('18e7b0e7-2c8d-44b2-b435-36efa33a6ca1','b46c0317-0484-476e-bcb1-bb0d5ae25323',0),('18e7b0e7-2c8d-44b2-b435-36efa33a6ca1','c7d0f025-9561-46ae-baec-eeca2d56419d',1),('18e7b0e7-2c8d-44b2-b435-36efa33a6ca1','e4d70ad3-077f-4330-9725-b437d2733033',1),('19960f2a-7858-4e31-88cf-84e8e028af03','0f26863b-4ccc-4aec-a9d9-cee85f76b64c',1),('19960f2a-7858-4e31-88cf-84e8e028af03','20025655-b3bc-448d-b05d-9fc7ed677243',0),('19960f2a-7858-4e31-88cf-84e8e028af03','45493f39-8756-4949-9798-72063eb29f30',0),('19960f2a-7858-4e31-88cf-84e8e028af03','4b0f95da-6803-4398-a408-75e55074b4c8',0),('19960f2a-7858-4e31-88cf-84e8e028af03','75f0a9dc-3111-43ba-8725-6512c5aaae92',1),('19960f2a-7858-4e31-88cf-84e8e028af03','9e8422de-598b-4f7d-85a1-12b3849f2662',1),('19960f2a-7858-4e31-88cf-84e8e028af03','9ffd0b44-4a05-4b8a-85a3-87b848956e61',0),('19960f2a-7858-4e31-88cf-84e8e028af03','ff913149-72d2-40d1-b75b-d333934ad4dd',1),('1bb141eb-f6ea-4e73-a5c5-9902dd89cd08','0f7f168d-dfe1-43ac-85c0-ea05409d4d1d',1),('1bb141eb-f6ea-4e73-a5c5-9902dd89cd08','299d56ee-527f-4a5a-8035-1b0875de663b',1),('1bb141eb-f6ea-4e73-a5c5-9902dd89cd08','3c6d42a0-c0c1-4528-8b61-6f0535acbc11',1),('1bb141eb-f6ea-4e73-a5c5-9902dd89cd08','43a54d9c-8b39-4138-84a1-20511fef856c',0),('1bb141eb-f6ea-4e73-a5c5-9902dd89cd08','5ec63c77-1878-4740-b7df-3bb1a22cba33',0),('1bb141eb-f6ea-4e73-a5c5-9902dd89cd08','6cc67f25-fc1e-4f06-920a-f487542809a1',0),('1bb141eb-f6ea-4e73-a5c5-9902dd89cd08','8f2fb485-9532-4988-a8aa-099f0f499cc6',0),('1bb141eb-f6ea-4e73-a5c5-9902dd89cd08','b5c75df2-4f2f-4774-804f-b2b1f908dd4e',1),('25395b94-d108-4733-bde2-275d838f2ad2','4120ba61-1916-4331-8cfc-9d0eaca3bf9e',1),('25395b94-d108-4733-bde2-275d838f2ad2','446dfffb-28c5-49c1-9387-e231085d92f9',0),('25395b94-d108-4733-bde2-275d838f2ad2','60645b32-1af3-40c3-b9b5-c3742616cbab',1),('25395b94-d108-4733-bde2-275d838f2ad2','755b181e-2f52-4fb3-bad4-3e6ae91068e6',0),('25395b94-d108-4733-bde2-275d838f2ad2','827f7fa1-2617-40d4-8f1c-dac987742000',0),('25395b94-d108-4733-bde2-275d838f2ad2','8c9642d4-d3db-4578-ace7-141a59b085c5',1),('25395b94-d108-4733-bde2-275d838f2ad2','8cfc29d0-3d25-4bf7-ac1d-6e5884bf13e7',0),('25395b94-d108-4733-bde2-275d838f2ad2','8d11acf5-5bc2-4d3e-97f7-8754e183c70f',1),('2a6170ac-f1dc-42ce-9c69-481425425668','49d8598d-755d-4085-8aab-d139951af3bb',1),('2a6170ac-f1dc-42ce-9c69-481425425668','524561d7-160d-418e-b56c-1c94b2b77389',0),('2a6170ac-f1dc-42ce-9c69-481425425668','52599e3e-5076-423e-89ed-9adc152dcbd4',1),('2a6170ac-f1dc-42ce-9c69-481425425668','608171dd-1676-4d5d-bb0f-3d584761355b',1),('2a6170ac-f1dc-42ce-9c69-481425425668','84a60e5e-2a65-4c8a-a366-1da0dbd33126',0),('2a6170ac-f1dc-42ce-9c69-481425425668','acbae21d-887d-4201-9a4e-692587a940d2',0),('2a6170ac-f1dc-42ce-9c69-481425425668','b46c0317-0484-476e-bcb1-bb0d5ae25323',0),('2a6170ac-f1dc-42ce-9c69-481425425668','c7d0f025-9561-46ae-baec-eeca2d56419d',1),('2a6170ac-f1dc-42ce-9c69-481425425668','e4d70ad3-077f-4330-9725-b437d2733033',1),('2d05db90-7bfd-4f43-8f74-4cdbbb9a4a40','0a81c55a-a395-4584-a1b0-3895762b44a7',1),('2d05db90-7bfd-4f43-8f74-4cdbbb9a4a40','0f78473f-2b95-4d83-bc15-50a9bba04c9b',1),('2d05db90-7bfd-4f43-8f74-4cdbbb9a4a40','1e5f11bd-0eae-4517-9ab5-df3aa56ca512',0),('2d05db90-7bfd-4f43-8f74-4cdbbb9a4a40','262d39a3-90b9-4867-80b9-47ab2aba2604',1),('2d05db90-7bfd-4f43-8f74-4cdbbb9a4a40','2a293eaa-b435-4ad0-b9d6-634b0a2cc596',0),('2d05db90-7bfd-4f43-8f74-4cdbbb9a4a40','5850d30d-aa9d-4fab-8fa4-4c1a5b0eb624',0),('2d05db90-7bfd-4f43-8f74-4cdbbb9a4a40','5e0f782c-85eb-49b3-b028-3edf03513704',0),('2d05db90-7bfd-4f43-8f74-4cdbbb9a4a40','d2e2c88c-03cc-48ee-bbef-4e49e31d5b30',1),('2d05db90-7bfd-4f43-8f74-4cdbbb9a4a40','e9c86c6b-0a37-48e7-8247-2ac8c18f774d',1),('2e4723a1-d81b-4639-bb6b-9f411f27d91d','4120ba61-1916-4331-8cfc-9d0eaca3bf9e',1),('2e4723a1-d81b-4639-bb6b-9f411f27d91d','446dfffb-28c5-49c1-9387-e231085d92f9',0),('2e4723a1-d81b-4639-bb6b-9f411f27d91d','60645b32-1af3-40c3-b9b5-c3742616cbab',1),('2e4723a1-d81b-4639-bb6b-9f411f27d91d','755b181e-2f52-4fb3-bad4-3e6ae91068e6',0),('2e4723a1-d81b-4639-bb6b-9f411f27d91d','827f7fa1-2617-40d4-8f1c-dac987742000',0),('2e4723a1-d81b-4639-bb6b-9f411f27d91d','8c9642d4-d3db-4578-ace7-141a59b085c5',1),('2e4723a1-d81b-4639-bb6b-9f411f27d91d','8cfc29d0-3d25-4bf7-ac1d-6e5884bf13e7',0),('2e4723a1-d81b-4639-bb6b-9f411f27d91d','8d11acf5-5bc2-4d3e-97f7-8754e183c70f',1),('318e9877-e404-46cd-82a4-e2787db90b65','0a81c55a-a395-4584-a1b0-3895762b44a7',1),('318e9877-e404-46cd-82a4-e2787db90b65','0f78473f-2b95-4d83-bc15-50a9bba04c9b',1),('318e9877-e404-46cd-82a4-e2787db90b65','1e5f11bd-0eae-4517-9ab5-df3aa56ca512',0),('318e9877-e404-46cd-82a4-e2787db90b65','262d39a3-90b9-4867-80b9-47ab2aba2604',1),('318e9877-e404-46cd-82a4-e2787db90b65','2a293eaa-b435-4ad0-b9d6-634b0a2cc596',0),('318e9877-e404-46cd-82a4-e2787db90b65','5850d30d-aa9d-4fab-8fa4-4c1a5b0eb624',0),('318e9877-e404-46cd-82a4-e2787db90b65','5e0f782c-85eb-49b3-b028-3edf03513704',0),('318e9877-e404-46cd-82a4-e2787db90b65','d2e2c88c-03cc-48ee-bbef-4e49e31d5b30',1),('318e9877-e404-46cd-82a4-e2787db90b65','e9c86c6b-0a37-48e7-8247-2ac8c18f774d',1),('3e5528d0-4651-41dd-8b09-eab39bf2a102','49d8598d-755d-4085-8aab-d139951af3bb',1),('3e5528d0-4651-41dd-8b09-eab39bf2a102','524561d7-160d-418e-b56c-1c94b2b77389',0),('3e5528d0-4651-41dd-8b09-eab39bf2a102','52599e3e-5076-423e-89ed-9adc152dcbd4',1),('3e5528d0-4651-41dd-8b09-eab39bf2a102','608171dd-1676-4d5d-bb0f-3d584761355b',1),('3e5528d0-4651-41dd-8b09-eab39bf2a102','84a60e5e-2a65-4c8a-a366-1da0dbd33126',0),('3e5528d0-4651-41dd-8b09-eab39bf2a102','acbae21d-887d-4201-9a4e-692587a940d2',0),('3e5528d0-4651-41dd-8b09-eab39bf2a102','b46c0317-0484-476e-bcb1-bb0d5ae25323',0),('3e5528d0-4651-41dd-8b09-eab39bf2a102','c7d0f025-9561-46ae-baec-eeca2d56419d',1),('3e5528d0-4651-41dd-8b09-eab39bf2a102','e4d70ad3-077f-4330-9725-b437d2733033',1),('3f50a502-35ff-41a2-8166-3b8afa0fdd66','0f26863b-4ccc-4aec-a9d9-cee85f76b64c',1),('3f50a502-35ff-41a2-8166-3b8afa0fdd66','20025655-b3bc-448d-b05d-9fc7ed677243',0),('3f50a502-35ff-41a2-8166-3b8afa0fdd66','45493f39-8756-4949-9798-72063eb29f30',0),('3f50a502-35ff-41a2-8166-3b8afa0fdd66','4b0f95da-6803-4398-a408-75e55074b4c8',0),('3f50a502-35ff-41a2-8166-3b8afa0fdd66','75f0a9dc-3111-43ba-8725-6512c5aaae92',1),('3f50a502-35ff-41a2-8166-3b8afa0fdd66','9e8422de-598b-4f7d-85a1-12b3849f2662',1),('3f50a502-35ff-41a2-8166-3b8afa0fdd66','9ffd0b44-4a05-4b8a-85a3-87b848956e61',0),('3f50a502-35ff-41a2-8166-3b8afa0fdd66','d6b7c627-f466-4567-b0c7-bf4d5e5acef7',1),('3f50a502-35ff-41a2-8166-3b8afa0fdd66','ff913149-72d2-40d1-b75b-d333934ad4dd',1),('438356cc-9d72-4f49-97ff-91bbea97f232','0a81c55a-a395-4584-a1b0-3895762b44a7',1),('438356cc-9d72-4f49-97ff-91bbea97f232','0f78473f-2b95-4d83-bc15-50a9bba04c9b',1),('438356cc-9d72-4f49-97ff-91bbea97f232','1e5f11bd-0eae-4517-9ab5-df3aa56ca512',0),('438356cc-9d72-4f49-97ff-91bbea97f232','262d39a3-90b9-4867-80b9-47ab2aba2604',1),('438356cc-9d72-4f49-97ff-91bbea97f232','2a293eaa-b435-4ad0-b9d6-634b0a2cc596',0),('438356cc-9d72-4f49-97ff-91bbea97f232','5850d30d-aa9d-4fab-8fa4-4c1a5b0eb624',0),('438356cc-9d72-4f49-97ff-91bbea97f232','5e0f782c-85eb-49b3-b028-3edf03513704',0),('438356cc-9d72-4f49-97ff-91bbea97f232','d2e2c88c-03cc-48ee-bbef-4e49e31d5b30',1),('438356cc-9d72-4f49-97ff-91bbea97f232','e9c86c6b-0a37-48e7-8247-2ac8c18f774d',1),('44961bdd-6c85-4958-a299-04e1ae46c08f','3dfcfdb4-5df8-4183-80d5-f0f6ee5b9b85',0),('44961bdd-6c85-4958-a299-04e1ae46c08f','573104cc-af95-409d-a178-170e5cc1fb50',1),('44961bdd-6c85-4958-a299-04e1ae46c08f','5eeca38b-d063-4896-9a6b-5d255ad15860',1),('44961bdd-6c85-4958-a299-04e1ae46c08f','6ff24da9-5ec6-4c80-8251-e9cb28ec4467',1),('44961bdd-6c85-4958-a299-04e1ae46c08f','7fc94975-7b58-47be-8e1c-f411aad0206f',0),('44961bdd-6c85-4958-a299-04e1ae46c08f','82b7737b-0926-41d4-9d26-a1abdb255851',0),('44961bdd-6c85-4958-a299-04e1ae46c08f','98a2a454-1d6e-4951-b0b2-28b6f0a752fa',1),('44961bdd-6c85-4958-a299-04e1ae46c08f','be061ba0-1c36-48c2-90c0-005e5bc16b01',0),('44961bdd-6c85-4958-a299-04e1ae46c08f','e87633d1-eed7-4889-a338-3f79240f287d',1),('4550d099-3f1d-4168-bc8d-659081fd9a17','0a81c55a-a395-4584-a1b0-3895762b44a7',1),('4550d099-3f1d-4168-bc8d-659081fd9a17','0f78473f-2b95-4d83-bc15-50a9bba04c9b',1),('4550d099-3f1d-4168-bc8d-659081fd9a17','1e5f11bd-0eae-4517-9ab5-df3aa56ca512',0),('4550d099-3f1d-4168-bc8d-659081fd9a17','262d39a3-90b9-4867-80b9-47ab2aba2604',1),('4550d099-3f1d-4168-bc8d-659081fd9a17','2a293eaa-b435-4ad0-b9d6-634b0a2cc596',0),('4550d099-3f1d-4168-bc8d-659081fd9a17','5850d30d-aa9d-4fab-8fa4-4c1a5b0eb624',0),('4550d099-3f1d-4168-bc8d-659081fd9a17','5e0f782c-85eb-49b3-b028-3edf03513704',0),('4550d099-3f1d-4168-bc8d-659081fd9a17','d2e2c88c-03cc-48ee-bbef-4e49e31d5b30',1),('4550d099-3f1d-4168-bc8d-659081fd9a17','e9c86c6b-0a37-48e7-8247-2ac8c18f774d',1),('4684d68e-637f-499b-b7c6-92703645abd4','0f7f168d-dfe1-43ac-85c0-ea05409d4d1d',1),('4684d68e-637f-499b-b7c6-92703645abd4','299d56ee-527f-4a5a-8035-1b0875de663b',1),('4684d68e-637f-499b-b7c6-92703645abd4','3c6d42a0-c0c1-4528-8b61-6f0535acbc11',1),('4684d68e-637f-499b-b7c6-92703645abd4','43a54d9c-8b39-4138-84a1-20511fef856c',0),('4684d68e-637f-499b-b7c6-92703645abd4','5931c276-59d1-419f-88ef-600bf1d010ce',1),('4684d68e-637f-499b-b7c6-92703645abd4','5ec63c77-1878-4740-b7df-3bb1a22cba33',0),('4684d68e-637f-499b-b7c6-92703645abd4','6cc67f25-fc1e-4f06-920a-f487542809a1',0),('4684d68e-637f-499b-b7c6-92703645abd4','8f2fb485-9532-4988-a8aa-099f0f499cc6',0),('4684d68e-637f-499b-b7c6-92703645abd4','b5c75df2-4f2f-4774-804f-b2b1f908dd4e',1),('555435bb-3607-4027-89ec-ccdd8baae872','3dfcfdb4-5df8-4183-80d5-f0f6ee5b9b85',0),('555435bb-3607-4027-89ec-ccdd8baae872','573104cc-af95-409d-a178-170e5cc1fb50',1),('555435bb-3607-4027-89ec-ccdd8baae872','5eeca38b-d063-4896-9a6b-5d255ad15860',1),('555435bb-3607-4027-89ec-ccdd8baae872','6ff24da9-5ec6-4c80-8251-e9cb28ec4467',1),('555435bb-3607-4027-89ec-ccdd8baae872','7fc94975-7b58-47be-8e1c-f411aad0206f',0),('555435bb-3607-4027-89ec-ccdd8baae872','82b7737b-0926-41d4-9d26-a1abdb255851',0),('555435bb-3607-4027-89ec-ccdd8baae872','98a2a454-1d6e-4951-b0b2-28b6f0a752fa',1),('555435bb-3607-4027-89ec-ccdd8baae872','be061ba0-1c36-48c2-90c0-005e5bc16b01',0),('555435bb-3607-4027-89ec-ccdd8baae872','e87633d1-eed7-4889-a338-3f79240f287d',1),('58af73be-1124-4f34-a9a7-3742f8a57086','3dfcfdb4-5df8-4183-80d5-f0f6ee5b9b85',0),('58af73be-1124-4f34-a9a7-3742f8a57086','573104cc-af95-409d-a178-170e5cc1fb50',1),('58af73be-1124-4f34-a9a7-3742f8a57086','5eeca38b-d063-4896-9a6b-5d255ad15860',1),('58af73be-1124-4f34-a9a7-3742f8a57086','6ff24da9-5ec6-4c80-8251-e9cb28ec4467',1),('58af73be-1124-4f34-a9a7-3742f8a57086','7fc94975-7b58-47be-8e1c-f411aad0206f',0),('58af73be-1124-4f34-a9a7-3742f8a57086','82b7737b-0926-41d4-9d26-a1abdb255851',0),('58af73be-1124-4f34-a9a7-3742f8a57086','98a2a454-1d6e-4951-b0b2-28b6f0a752fa',1),('58af73be-1124-4f34-a9a7-3742f8a57086','be061ba0-1c36-48c2-90c0-005e5bc16b01',0),('58af73be-1124-4f34-a9a7-3742f8a57086','e87633d1-eed7-4889-a338-3f79240f287d',1),('60a7afae-7d70-4839-bcde-254fdf03b6e6','49d8598d-755d-4085-8aab-d139951af3bb',1),('60a7afae-7d70-4839-bcde-254fdf03b6e6','524561d7-160d-418e-b56c-1c94b2b77389',0),('60a7afae-7d70-4839-bcde-254fdf03b6e6','52599e3e-5076-423e-89ed-9adc152dcbd4',1),('60a7afae-7d70-4839-bcde-254fdf03b6e6','608171dd-1676-4d5d-bb0f-3d584761355b',1),('60a7afae-7d70-4839-bcde-254fdf03b6e6','84a60e5e-2a65-4c8a-a366-1da0dbd33126',0),('60a7afae-7d70-4839-bcde-254fdf03b6e6','acbae21d-887d-4201-9a4e-692587a940d2',0),('60a7afae-7d70-4839-bcde-254fdf03b6e6','b46c0317-0484-476e-bcb1-bb0d5ae25323',0),('60a7afae-7d70-4839-bcde-254fdf03b6e6','c7d0f025-9561-46ae-baec-eeca2d56419d',1),('60a7afae-7d70-4839-bcde-254fdf03b6e6','e4d70ad3-077f-4330-9725-b437d2733033',1),('61d92538-9a22-412e-b7a4-661fb81930ee','0a81c55a-a395-4584-a1b0-3895762b44a7',1),('61d92538-9a22-412e-b7a4-661fb81930ee','0f78473f-2b95-4d83-bc15-50a9bba04c9b',1),('61d92538-9a22-412e-b7a4-661fb81930ee','1e5f11bd-0eae-4517-9ab5-df3aa56ca512',0),('61d92538-9a22-412e-b7a4-661fb81930ee','262d39a3-90b9-4867-80b9-47ab2aba2604',1),('61d92538-9a22-412e-b7a4-661fb81930ee','2a293eaa-b435-4ad0-b9d6-634b0a2cc596',0),('61d92538-9a22-412e-b7a4-661fb81930ee','5850d30d-aa9d-4fab-8fa4-4c1a5b0eb624',0),('61d92538-9a22-412e-b7a4-661fb81930ee','5e0f782c-85eb-49b3-b028-3edf03513704',0),('61d92538-9a22-412e-b7a4-661fb81930ee','d2e2c88c-03cc-48ee-bbef-4e49e31d5b30',1),('653fa1e9-f9fe-46e8-ba11-4e72f74fe1d0','0f7f168d-dfe1-43ac-85c0-ea05409d4d1d',1),('653fa1e9-f9fe-46e8-ba11-4e72f74fe1d0','299d56ee-527f-4a5a-8035-1b0875de663b',1),('653fa1e9-f9fe-46e8-ba11-4e72f74fe1d0','3c6d42a0-c0c1-4528-8b61-6f0535acbc11',1),('653fa1e9-f9fe-46e8-ba11-4e72f74fe1d0','43a54d9c-8b39-4138-84a1-20511fef856c',0),('653fa1e9-f9fe-46e8-ba11-4e72f74fe1d0','5931c276-59d1-419f-88ef-600bf1d010ce',1),('653fa1e9-f9fe-46e8-ba11-4e72f74fe1d0','5ec63c77-1878-4740-b7df-3bb1a22cba33',0),('653fa1e9-f9fe-46e8-ba11-4e72f74fe1d0','6cc67f25-fc1e-4f06-920a-f487542809a1',0),('653fa1e9-f9fe-46e8-ba11-4e72f74fe1d0','8f2fb485-9532-4988-a8aa-099f0f499cc6',0),('653fa1e9-f9fe-46e8-ba11-4e72f74fe1d0','b5c75df2-4f2f-4774-804f-b2b1f908dd4e',1),('65f6db45-0ad5-4094-92a4-606ec7018502','0f26863b-4ccc-4aec-a9d9-cee85f76b64c',1),('65f6db45-0ad5-4094-92a4-606ec7018502','20025655-b3bc-448d-b05d-9fc7ed677243',0),('65f6db45-0ad5-4094-92a4-606ec7018502','45493f39-8756-4949-9798-72063eb29f30',0),('65f6db45-0ad5-4094-92a4-606ec7018502','4b0f95da-6803-4398-a408-75e55074b4c8',0),('65f6db45-0ad5-4094-92a4-606ec7018502','75f0a9dc-3111-43ba-8725-6512c5aaae92',1),('65f6db45-0ad5-4094-92a4-606ec7018502','9e8422de-598b-4f7d-85a1-12b3849f2662',1),('65f6db45-0ad5-4094-92a4-606ec7018502','9ffd0b44-4a05-4b8a-85a3-87b848956e61',0),('65f6db45-0ad5-4094-92a4-606ec7018502','ff913149-72d2-40d1-b75b-d333934ad4dd',1),('6c49157f-31b8-4aaf-b5f7-307527daca89','0f26863b-4ccc-4aec-a9d9-cee85f76b64c',1),('6c49157f-31b8-4aaf-b5f7-307527daca89','20025655-b3bc-448d-b05d-9fc7ed677243',0),('6c49157f-31b8-4aaf-b5f7-307527daca89','45493f39-8756-4949-9798-72063eb29f30',0),('6c49157f-31b8-4aaf-b5f7-307527daca89','4b0f95da-6803-4398-a408-75e55074b4c8',0),('6c49157f-31b8-4aaf-b5f7-307527daca89','75f0a9dc-3111-43ba-8725-6512c5aaae92',1),('6c49157f-31b8-4aaf-b5f7-307527daca89','9e8422de-598b-4f7d-85a1-12b3849f2662',1),('6c49157f-31b8-4aaf-b5f7-307527daca89','9ffd0b44-4a05-4b8a-85a3-87b848956e61',0),('6c49157f-31b8-4aaf-b5f7-307527daca89','d6b7c627-f466-4567-b0c7-bf4d5e5acef7',1),('6c49157f-31b8-4aaf-b5f7-307527daca89','ff913149-72d2-40d1-b75b-d333934ad4dd',1),('6d55a46e-ddd0-4e3b-8827-c944ca695317','0f26863b-4ccc-4aec-a9d9-cee85f76b64c',1),('6d55a46e-ddd0-4e3b-8827-c944ca695317','20025655-b3bc-448d-b05d-9fc7ed677243',0),('6d55a46e-ddd0-4e3b-8827-c944ca695317','45493f39-8756-4949-9798-72063eb29f30',0),('6d55a46e-ddd0-4e3b-8827-c944ca695317','4b0f95da-6803-4398-a408-75e55074b4c8',0),('6d55a46e-ddd0-4e3b-8827-c944ca695317','75f0a9dc-3111-43ba-8725-6512c5aaae92',1),('6d55a46e-ddd0-4e3b-8827-c944ca695317','9e8422de-598b-4f7d-85a1-12b3849f2662',1),('6d55a46e-ddd0-4e3b-8827-c944ca695317','9ffd0b44-4a05-4b8a-85a3-87b848956e61',0),('6d55a46e-ddd0-4e3b-8827-c944ca695317','d6b7c627-f466-4567-b0c7-bf4d5e5acef7',1),('6d55a46e-ddd0-4e3b-8827-c944ca695317','ff913149-72d2-40d1-b75b-d333934ad4dd',1),('6db90188-2ecc-41f0-89be-91533cf6a9ee','3dfcfdb4-5df8-4183-80d5-f0f6ee5b9b85',0),('6db90188-2ecc-41f0-89be-91533cf6a9ee','573104cc-af95-409d-a178-170e5cc1fb50',1),('6db90188-2ecc-41f0-89be-91533cf6a9ee','5eeca38b-d063-4896-9a6b-5d255ad15860',1),('6db90188-2ecc-41f0-89be-91533cf6a9ee','6ff24da9-5ec6-4c80-8251-e9cb28ec4467',1),('6db90188-2ecc-41f0-89be-91533cf6a9ee','7fc94975-7b58-47be-8e1c-f411aad0206f',0),('6db90188-2ecc-41f0-89be-91533cf6a9ee','82b7737b-0926-41d4-9d26-a1abdb255851',0),('6db90188-2ecc-41f0-89be-91533cf6a9ee','98a2a454-1d6e-4951-b0b2-28b6f0a752fa',1),('6db90188-2ecc-41f0-89be-91533cf6a9ee','be061ba0-1c36-48c2-90c0-005e5bc16b01',0),('6db90188-2ecc-41f0-89be-91533cf6a9ee','e87633d1-eed7-4889-a338-3f79240f287d',1),('723aa6e9-796b-40e8-8506-5ab2d8013a4f','0f7f168d-dfe1-43ac-85c0-ea05409d4d1d',1),('723aa6e9-796b-40e8-8506-5ab2d8013a4f','299d56ee-527f-4a5a-8035-1b0875de663b',1),('723aa6e9-796b-40e8-8506-5ab2d8013a4f','3c6d42a0-c0c1-4528-8b61-6f0535acbc11',1),('723aa6e9-796b-40e8-8506-5ab2d8013a4f','43a54d9c-8b39-4138-84a1-20511fef856c',0),('723aa6e9-796b-40e8-8506-5ab2d8013a4f','5931c276-59d1-419f-88ef-600bf1d010ce',1),('723aa6e9-796b-40e8-8506-5ab2d8013a4f','5ec63c77-1878-4740-b7df-3bb1a22cba33',0),('723aa6e9-796b-40e8-8506-5ab2d8013a4f','6cc67f25-fc1e-4f06-920a-f487542809a1',0),('723aa6e9-796b-40e8-8506-5ab2d8013a4f','8f2fb485-9532-4988-a8aa-099f0f499cc6',0),('723aa6e9-796b-40e8-8506-5ab2d8013a4f','b5c75df2-4f2f-4774-804f-b2b1f908dd4e',1),('742e6a45-dd6c-42b9-8bac-676ee77ef264','49d8598d-755d-4085-8aab-d139951af3bb',1),('742e6a45-dd6c-42b9-8bac-676ee77ef264','524561d7-160d-418e-b56c-1c94b2b77389',0),('742e6a45-dd6c-42b9-8bac-676ee77ef264','608171dd-1676-4d5d-bb0f-3d584761355b',1),('742e6a45-dd6c-42b9-8bac-676ee77ef264','84a60e5e-2a65-4c8a-a366-1da0dbd33126',0),('742e6a45-dd6c-42b9-8bac-676ee77ef264','acbae21d-887d-4201-9a4e-692587a940d2',0),('742e6a45-dd6c-42b9-8bac-676ee77ef264','b46c0317-0484-476e-bcb1-bb0d5ae25323',0),('742e6a45-dd6c-42b9-8bac-676ee77ef264','c7d0f025-9561-46ae-baec-eeca2d56419d',1),('742e6a45-dd6c-42b9-8bac-676ee77ef264','e4d70ad3-077f-4330-9725-b437d2733033',1),('75d96194-d217-4f3b-a78b-539477dc2615','4120ba61-1916-4331-8cfc-9d0eaca3bf9e',1),('75d96194-d217-4f3b-a78b-539477dc2615','41479ade-7ac3-4771-8841-412d53a1bee0',1),('75d96194-d217-4f3b-a78b-539477dc2615','446dfffb-28c5-49c1-9387-e231085d92f9',0),('75d96194-d217-4f3b-a78b-539477dc2615','60645b32-1af3-40c3-b9b5-c3742616cbab',1),('75d96194-d217-4f3b-a78b-539477dc2615','755b181e-2f52-4fb3-bad4-3e6ae91068e6',0),('75d96194-d217-4f3b-a78b-539477dc2615','827f7fa1-2617-40d4-8f1c-dac987742000',0),('75d96194-d217-4f3b-a78b-539477dc2615','8c9642d4-d3db-4578-ace7-141a59b085c5',1),('75d96194-d217-4f3b-a78b-539477dc2615','8cfc29d0-3d25-4bf7-ac1d-6e5884bf13e7',0),('75d96194-d217-4f3b-a78b-539477dc2615','8d11acf5-5bc2-4d3e-97f7-8754e183c70f',1),('76398bcb-f02f-4ff0-b900-032f46596814','4120ba61-1916-4331-8cfc-9d0eaca3bf9e',1),('76398bcb-f02f-4ff0-b900-032f46596814','41479ade-7ac3-4771-8841-412d53a1bee0',1),('76398bcb-f02f-4ff0-b900-032f46596814','446dfffb-28c5-49c1-9387-e231085d92f9',0),('76398bcb-f02f-4ff0-b900-032f46596814','60645b32-1af3-40c3-b9b5-c3742616cbab',1),('76398bcb-f02f-4ff0-b900-032f46596814','755b181e-2f52-4fb3-bad4-3e6ae91068e6',0),('76398bcb-f02f-4ff0-b900-032f46596814','827f7fa1-2617-40d4-8f1c-dac987742000',0),('76398bcb-f02f-4ff0-b900-032f46596814','8c9642d4-d3db-4578-ace7-141a59b085c5',1),('76398bcb-f02f-4ff0-b900-032f46596814','8cfc29d0-3d25-4bf7-ac1d-6e5884bf13e7',0),('76398bcb-f02f-4ff0-b900-032f46596814','8d11acf5-5bc2-4d3e-97f7-8754e183c70f',1),('77bc50ba-1d61-4f42-b61d-21b3e9c9fd33','0f26863b-4ccc-4aec-a9d9-cee85f76b64c',1),('77bc50ba-1d61-4f42-b61d-21b3e9c9fd33','20025655-b3bc-448d-b05d-9fc7ed677243',0),('77bc50ba-1d61-4f42-b61d-21b3e9c9fd33','45493f39-8756-4949-9798-72063eb29f30',0),('77bc50ba-1d61-4f42-b61d-21b3e9c9fd33','4b0f95da-6803-4398-a408-75e55074b4c8',0),('77bc50ba-1d61-4f42-b61d-21b3e9c9fd33','75f0a9dc-3111-43ba-8725-6512c5aaae92',1),('77bc50ba-1d61-4f42-b61d-21b3e9c9fd33','9e8422de-598b-4f7d-85a1-12b3849f2662',1),('77bc50ba-1d61-4f42-b61d-21b3e9c9fd33','9ffd0b44-4a05-4b8a-85a3-87b848956e61',0),('77bc50ba-1d61-4f42-b61d-21b3e9c9fd33','d6b7c627-f466-4567-b0c7-bf4d5e5acef7',1),('77bc50ba-1d61-4f42-b61d-21b3e9c9fd33','ff913149-72d2-40d1-b75b-d333934ad4dd',1),('77d622a8-7f41-4a81-8754-a9c777e11ee5','49d8598d-755d-4085-8aab-d139951af3bb',1),('77d622a8-7f41-4a81-8754-a9c777e11ee5','524561d7-160d-418e-b56c-1c94b2b77389',0),('77d622a8-7f41-4a81-8754-a9c777e11ee5','52599e3e-5076-423e-89ed-9adc152dcbd4',1),('77d622a8-7f41-4a81-8754-a9c777e11ee5','608171dd-1676-4d5d-bb0f-3d584761355b',1),('77d622a8-7f41-4a81-8754-a9c777e11ee5','84a60e5e-2a65-4c8a-a366-1da0dbd33126',0),('77d622a8-7f41-4a81-8754-a9c777e11ee5','acbae21d-887d-4201-9a4e-692587a940d2',0),('77d622a8-7f41-4a81-8754-a9c777e11ee5','b46c0317-0484-476e-bcb1-bb0d5ae25323',0),('77d622a8-7f41-4a81-8754-a9c777e11ee5','c7d0f025-9561-46ae-baec-eeca2d56419d',1),('77d622a8-7f41-4a81-8754-a9c777e11ee5','e4d70ad3-077f-4330-9725-b437d2733033',1),('81a83118-de34-4eef-89fa-d1ac13867a49','4120ba61-1916-4331-8cfc-9d0eaca3bf9e',1),('81a83118-de34-4eef-89fa-d1ac13867a49','41479ade-7ac3-4771-8841-412d53a1bee0',1),('81a83118-de34-4eef-89fa-d1ac13867a49','446dfffb-28c5-49c1-9387-e231085d92f9',0),('81a83118-de34-4eef-89fa-d1ac13867a49','60645b32-1af3-40c3-b9b5-c3742616cbab',1),('81a83118-de34-4eef-89fa-d1ac13867a49','755b181e-2f52-4fb3-bad4-3e6ae91068e6',0),('81a83118-de34-4eef-89fa-d1ac13867a49','827f7fa1-2617-40d4-8f1c-dac987742000',0),('81a83118-de34-4eef-89fa-d1ac13867a49','8c9642d4-d3db-4578-ace7-141a59b085c5',1),('81a83118-de34-4eef-89fa-d1ac13867a49','8cfc29d0-3d25-4bf7-ac1d-6e5884bf13e7',0),('81a83118-de34-4eef-89fa-d1ac13867a49','8d11acf5-5bc2-4d3e-97f7-8754e183c70f',1),('8ce5f029-5409-47af-a57a-2a8e2d8c8683','4120ba61-1916-4331-8cfc-9d0eaca3bf9e',1),('8ce5f029-5409-47af-a57a-2a8e2d8c8683','41479ade-7ac3-4771-8841-412d53a1bee0',1),('8ce5f029-5409-47af-a57a-2a8e2d8c8683','446dfffb-28c5-49c1-9387-e231085d92f9',0),('8ce5f029-5409-47af-a57a-2a8e2d8c8683','60645b32-1af3-40c3-b9b5-c3742616cbab',1),('8ce5f029-5409-47af-a57a-2a8e2d8c8683','755b181e-2f52-4fb3-bad4-3e6ae91068e6',0),('8ce5f029-5409-47af-a57a-2a8e2d8c8683','827f7fa1-2617-40d4-8f1c-dac987742000',0),('8ce5f029-5409-47af-a57a-2a8e2d8c8683','8c9642d4-d3db-4578-ace7-141a59b085c5',1),('8ce5f029-5409-47af-a57a-2a8e2d8c8683','8cfc29d0-3d25-4bf7-ac1d-6e5884bf13e7',0),('8ce5f029-5409-47af-a57a-2a8e2d8c8683','8d11acf5-5bc2-4d3e-97f7-8754e183c70f',1),('8f106a3b-68a3-4fa7-8245-57ecf95f6e34','0a81c55a-a395-4584-a1b0-3895762b44a7',1),('8f106a3b-68a3-4fa7-8245-57ecf95f6e34','0f78473f-2b95-4d83-bc15-50a9bba04c9b',1),('8f106a3b-68a3-4fa7-8245-57ecf95f6e34','1e5f11bd-0eae-4517-9ab5-df3aa56ca512',0),('8f106a3b-68a3-4fa7-8245-57ecf95f6e34','262d39a3-90b9-4867-80b9-47ab2aba2604',1),('8f106a3b-68a3-4fa7-8245-57ecf95f6e34','2a293eaa-b435-4ad0-b9d6-634b0a2cc596',0),('8f106a3b-68a3-4fa7-8245-57ecf95f6e34','5850d30d-aa9d-4fab-8fa4-4c1a5b0eb624',0),('8f106a3b-68a3-4fa7-8245-57ecf95f6e34','5e0f782c-85eb-49b3-b028-3edf03513704',0),('8f106a3b-68a3-4fa7-8245-57ecf95f6e34','d2e2c88c-03cc-48ee-bbef-4e49e31d5b30',1),('8f106a3b-68a3-4fa7-8245-57ecf95f6e34','e9c86c6b-0a37-48e7-8247-2ac8c18f774d',1),('8fc726dc-fdaf-4ade-b55e-f33c7111bf95','0f26863b-4ccc-4aec-a9d9-cee85f76b64c',1),('8fc726dc-fdaf-4ade-b55e-f33c7111bf95','20025655-b3bc-448d-b05d-9fc7ed677243',0),('8fc726dc-fdaf-4ade-b55e-f33c7111bf95','45493f39-8756-4949-9798-72063eb29f30',0),('8fc726dc-fdaf-4ade-b55e-f33c7111bf95','4b0f95da-6803-4398-a408-75e55074b4c8',0),('8fc726dc-fdaf-4ade-b55e-f33c7111bf95','75f0a9dc-3111-43ba-8725-6512c5aaae92',1),('8fc726dc-fdaf-4ade-b55e-f33c7111bf95','9e8422de-598b-4f7d-85a1-12b3849f2662',1),('8fc726dc-fdaf-4ade-b55e-f33c7111bf95','9ffd0b44-4a05-4b8a-85a3-87b848956e61',0),('8fc726dc-fdaf-4ade-b55e-f33c7111bf95','ff913149-72d2-40d1-b75b-d333934ad4dd',1),('8fd586fb-6edb-482c-ad94-abe111951d1c','0a81c55a-a395-4584-a1b0-3895762b44a7',1),('8fd586fb-6edb-482c-ad94-abe111951d1c','0f78473f-2b95-4d83-bc15-50a9bba04c9b',1),('8fd586fb-6edb-482c-ad94-abe111951d1c','1e5f11bd-0eae-4517-9ab5-df3aa56ca512',0),('8fd586fb-6edb-482c-ad94-abe111951d1c','262d39a3-90b9-4867-80b9-47ab2aba2604',1),('8fd586fb-6edb-482c-ad94-abe111951d1c','2a293eaa-b435-4ad0-b9d6-634b0a2cc596',0),('8fd586fb-6edb-482c-ad94-abe111951d1c','5850d30d-aa9d-4fab-8fa4-4c1a5b0eb624',0),('8fd586fb-6edb-482c-ad94-abe111951d1c','5e0f782c-85eb-49b3-b028-3edf03513704',0),('8fd586fb-6edb-482c-ad94-abe111951d1c','d2e2c88c-03cc-48ee-bbef-4e49e31d5b30',1),('91dc2268-6b73-482b-b0d1-7756adb51d46','3dfcfdb4-5df8-4183-80d5-f0f6ee5b9b85',0),('91dc2268-6b73-482b-b0d1-7756adb51d46','5eeca38b-d063-4896-9a6b-5d255ad15860',1),('91dc2268-6b73-482b-b0d1-7756adb51d46','6ff24da9-5ec6-4c80-8251-e9cb28ec4467',1),('91dc2268-6b73-482b-b0d1-7756adb51d46','7fc94975-7b58-47be-8e1c-f411aad0206f',0),('91dc2268-6b73-482b-b0d1-7756adb51d46','82b7737b-0926-41d4-9d26-a1abdb255851',0),('91dc2268-6b73-482b-b0d1-7756adb51d46','98a2a454-1d6e-4951-b0b2-28b6f0a752fa',1),('91dc2268-6b73-482b-b0d1-7756adb51d46','be061ba0-1c36-48c2-90c0-005e5bc16b01',0),('91dc2268-6b73-482b-b0d1-7756adb51d46','e87633d1-eed7-4889-a338-3f79240f287d',1),('9da3f36e-34a3-42a3-99ae-52f172a21ecf','0f26863b-4ccc-4aec-a9d9-cee85f76b64c',1),('9da3f36e-34a3-42a3-99ae-52f172a21ecf','20025655-b3bc-448d-b05d-9fc7ed677243',0),('9da3f36e-34a3-42a3-99ae-52f172a21ecf','45493f39-8756-4949-9798-72063eb29f30',0),('9da3f36e-34a3-42a3-99ae-52f172a21ecf','4b0f95da-6803-4398-a408-75e55074b4c8',0),('9da3f36e-34a3-42a3-99ae-52f172a21ecf','75f0a9dc-3111-43ba-8725-6512c5aaae92',1),('9da3f36e-34a3-42a3-99ae-52f172a21ecf','9e8422de-598b-4f7d-85a1-12b3849f2662',1),('9da3f36e-34a3-42a3-99ae-52f172a21ecf','9ffd0b44-4a05-4b8a-85a3-87b848956e61',0),('9da3f36e-34a3-42a3-99ae-52f172a21ecf','d6b7c627-f466-4567-b0c7-bf4d5e5acef7',1),('9da3f36e-34a3-42a3-99ae-52f172a21ecf','ff913149-72d2-40d1-b75b-d333934ad4dd',1),('9e18243f-0082-4430-ad63-ae8ea2df0d3f','0f26863b-4ccc-4aec-a9d9-cee85f76b64c',1),('9e18243f-0082-4430-ad63-ae8ea2df0d3f','20025655-b3bc-448d-b05d-9fc7ed677243',0),('9e18243f-0082-4430-ad63-ae8ea2df0d3f','45493f39-8756-4949-9798-72063eb29f30',0),('9e18243f-0082-4430-ad63-ae8ea2df0d3f','4b0f95da-6803-4398-a408-75e55074b4c8',0),('9e18243f-0082-4430-ad63-ae8ea2df0d3f','75f0a9dc-3111-43ba-8725-6512c5aaae92',1),('9e18243f-0082-4430-ad63-ae8ea2df0d3f','9e8422de-598b-4f7d-85a1-12b3849f2662',1),('9e18243f-0082-4430-ad63-ae8ea2df0d3f','9ffd0b44-4a05-4b8a-85a3-87b848956e61',0),('9e18243f-0082-4430-ad63-ae8ea2df0d3f','d6b7c627-f466-4567-b0c7-bf4d5e5acef7',1),('9e18243f-0082-4430-ad63-ae8ea2df0d3f','ff913149-72d2-40d1-b75b-d333934ad4dd',1),('a0940068-fbaf-4ef7-a62c-c38b71f55474','0a81c55a-a395-4584-a1b0-3895762b44a7',1),('a0940068-fbaf-4ef7-a62c-c38b71f55474','0f78473f-2b95-4d83-bc15-50a9bba04c9b',1),('a0940068-fbaf-4ef7-a62c-c38b71f55474','1e5f11bd-0eae-4517-9ab5-df3aa56ca512',0),('a0940068-fbaf-4ef7-a62c-c38b71f55474','262d39a3-90b9-4867-80b9-47ab2aba2604',1),('a0940068-fbaf-4ef7-a62c-c38b71f55474','2a293eaa-b435-4ad0-b9d6-634b0a2cc596',0),('a0940068-fbaf-4ef7-a62c-c38b71f55474','5850d30d-aa9d-4fab-8fa4-4c1a5b0eb624',0),('a0940068-fbaf-4ef7-a62c-c38b71f55474','5e0f782c-85eb-49b3-b028-3edf03513704',0),('a0940068-fbaf-4ef7-a62c-c38b71f55474','d2e2c88c-03cc-48ee-bbef-4e49e31d5b30',1),('a458683d-f4c2-4669-90fd-99a49eba399b','4120ba61-1916-4331-8cfc-9d0eaca3bf9e',1),('a458683d-f4c2-4669-90fd-99a49eba399b','446dfffb-28c5-49c1-9387-e231085d92f9',0),('a458683d-f4c2-4669-90fd-99a49eba399b','60645b32-1af3-40c3-b9b5-c3742616cbab',1),('a458683d-f4c2-4669-90fd-99a49eba399b','755b181e-2f52-4fb3-bad4-3e6ae91068e6',0),('a458683d-f4c2-4669-90fd-99a49eba399b','827f7fa1-2617-40d4-8f1c-dac987742000',0),('a458683d-f4c2-4669-90fd-99a49eba399b','8c9642d4-d3db-4578-ace7-141a59b085c5',1),('a458683d-f4c2-4669-90fd-99a49eba399b','8cfc29d0-3d25-4bf7-ac1d-6e5884bf13e7',0),('a458683d-f4c2-4669-90fd-99a49eba399b','8d11acf5-5bc2-4d3e-97f7-8754e183c70f',1),('a472f1ca-d54a-404e-bde8-d3efdd6d1355','49d8598d-755d-4085-8aab-d139951af3bb',1),('a472f1ca-d54a-404e-bde8-d3efdd6d1355','524561d7-160d-418e-b56c-1c94b2b77389',0),('a472f1ca-d54a-404e-bde8-d3efdd6d1355','52599e3e-5076-423e-89ed-9adc152dcbd4',1),('a472f1ca-d54a-404e-bde8-d3efdd6d1355','608171dd-1676-4d5d-bb0f-3d584761355b',1),('a472f1ca-d54a-404e-bde8-d3efdd6d1355','84a60e5e-2a65-4c8a-a366-1da0dbd33126',0),('a472f1ca-d54a-404e-bde8-d3efdd6d1355','acbae21d-887d-4201-9a4e-692587a940d2',0),('a472f1ca-d54a-404e-bde8-d3efdd6d1355','b46c0317-0484-476e-bcb1-bb0d5ae25323',0),('a472f1ca-d54a-404e-bde8-d3efdd6d1355','c7d0f025-9561-46ae-baec-eeca2d56419d',1),('a472f1ca-d54a-404e-bde8-d3efdd6d1355','e4d70ad3-077f-4330-9725-b437d2733033',1),('aa7a0172-fef7-44bc-ae68-34aa76bdd881','4120ba61-1916-4331-8cfc-9d0eaca3bf9e',1),('aa7a0172-fef7-44bc-ae68-34aa76bdd881','41479ade-7ac3-4771-8841-412d53a1bee0',1),('aa7a0172-fef7-44bc-ae68-34aa76bdd881','446dfffb-28c5-49c1-9387-e231085d92f9',0),('aa7a0172-fef7-44bc-ae68-34aa76bdd881','60645b32-1af3-40c3-b9b5-c3742616cbab',1),('aa7a0172-fef7-44bc-ae68-34aa76bdd881','755b181e-2f52-4fb3-bad4-3e6ae91068e6',0),('aa7a0172-fef7-44bc-ae68-34aa76bdd881','827f7fa1-2617-40d4-8f1c-dac987742000',0),('aa7a0172-fef7-44bc-ae68-34aa76bdd881','8c9642d4-d3db-4578-ace7-141a59b085c5',1),('aa7a0172-fef7-44bc-ae68-34aa76bdd881','8cfc29d0-3d25-4bf7-ac1d-6e5884bf13e7',0),('aa7a0172-fef7-44bc-ae68-34aa76bdd881','8d11acf5-5bc2-4d3e-97f7-8754e183c70f',1),('adb42477-6c27-4fac-a442-2b998eac3281','4120ba61-1916-4331-8cfc-9d0eaca3bf9e',1),('adb42477-6c27-4fac-a442-2b998eac3281','41479ade-7ac3-4771-8841-412d53a1bee0',1),('adb42477-6c27-4fac-a442-2b998eac3281','446dfffb-28c5-49c1-9387-e231085d92f9',0),('adb42477-6c27-4fac-a442-2b998eac3281','60645b32-1af3-40c3-b9b5-c3742616cbab',1),('adb42477-6c27-4fac-a442-2b998eac3281','755b181e-2f52-4fb3-bad4-3e6ae91068e6',0),('adb42477-6c27-4fac-a442-2b998eac3281','827f7fa1-2617-40d4-8f1c-dac987742000',0),('adb42477-6c27-4fac-a442-2b998eac3281','8c9642d4-d3db-4578-ace7-141a59b085c5',1),('adb42477-6c27-4fac-a442-2b998eac3281','8cfc29d0-3d25-4bf7-ac1d-6e5884bf13e7',0),('adb42477-6c27-4fac-a442-2b998eac3281','8d11acf5-5bc2-4d3e-97f7-8754e183c70f',1),('afb054ad-f4ed-460c-b66e-346c1a5f0969','0a81c55a-a395-4584-a1b0-3895762b44a7',1),('afb054ad-f4ed-460c-b66e-346c1a5f0969','0f78473f-2b95-4d83-bc15-50a9bba04c9b',1),('afb054ad-f4ed-460c-b66e-346c1a5f0969','1e5f11bd-0eae-4517-9ab5-df3aa56ca512',0),('afb054ad-f4ed-460c-b66e-346c1a5f0969','262d39a3-90b9-4867-80b9-47ab2aba2604',1),('afb054ad-f4ed-460c-b66e-346c1a5f0969','2a293eaa-b435-4ad0-b9d6-634b0a2cc596',0),('afb054ad-f4ed-460c-b66e-346c1a5f0969','5850d30d-aa9d-4fab-8fa4-4c1a5b0eb624',0),('afb054ad-f4ed-460c-b66e-346c1a5f0969','5e0f782c-85eb-49b3-b028-3edf03513704',0),('afb054ad-f4ed-460c-b66e-346c1a5f0969','d2e2c88c-03cc-48ee-bbef-4e49e31d5b30',1),('afb054ad-f4ed-460c-b66e-346c1a5f0969','e9c86c6b-0a37-48e7-8247-2ac8c18f774d',1),('c9fb0f4c-f597-4c9f-bc8a-da80a1a8898a','0f7f168d-dfe1-43ac-85c0-ea05409d4d1d',1),('c9fb0f4c-f597-4c9f-bc8a-da80a1a8898a','299d56ee-527f-4a5a-8035-1b0875de663b',1),('c9fb0f4c-f597-4c9f-bc8a-da80a1a8898a','3c6d42a0-c0c1-4528-8b61-6f0535acbc11',1),('c9fb0f4c-f597-4c9f-bc8a-da80a1a8898a','43a54d9c-8b39-4138-84a1-20511fef856c',0),('c9fb0f4c-f597-4c9f-bc8a-da80a1a8898a','5931c276-59d1-419f-88ef-600bf1d010ce',1),('c9fb0f4c-f597-4c9f-bc8a-da80a1a8898a','5ec63c77-1878-4740-b7df-3bb1a22cba33',0),('c9fb0f4c-f597-4c9f-bc8a-da80a1a8898a','6cc67f25-fc1e-4f06-920a-f487542809a1',0),('c9fb0f4c-f597-4c9f-bc8a-da80a1a8898a','8f2fb485-9532-4988-a8aa-099f0f499cc6',0),('c9fb0f4c-f597-4c9f-bc8a-da80a1a8898a','b5c75df2-4f2f-4774-804f-b2b1f908dd4e',1),('cb582f27-1153-469c-98f8-55bff249eeef','0a81c55a-a395-4584-a1b0-3895762b44a7',1),('cb582f27-1153-469c-98f8-55bff249eeef','0f78473f-2b95-4d83-bc15-50a9bba04c9b',1),('cb582f27-1153-469c-98f8-55bff249eeef','1e5f11bd-0eae-4517-9ab5-df3aa56ca512',0),('cb582f27-1153-469c-98f8-55bff249eeef','262d39a3-90b9-4867-80b9-47ab2aba2604',1),('cb582f27-1153-469c-98f8-55bff249eeef','2a293eaa-b435-4ad0-b9d6-634b0a2cc596',0),('cb582f27-1153-469c-98f8-55bff249eeef','5850d30d-aa9d-4fab-8fa4-4c1a5b0eb624',0),('cb582f27-1153-469c-98f8-55bff249eeef','5e0f782c-85eb-49b3-b028-3edf03513704',0),('cb582f27-1153-469c-98f8-55bff249eeef','d2e2c88c-03cc-48ee-bbef-4e49e31d5b30',1),('cb582f27-1153-469c-98f8-55bff249eeef','e9c86c6b-0a37-48e7-8247-2ac8c18f774d',1),('d0b0c1e6-ea07-4ac5-b32b-dacc23704ee1','49d8598d-755d-4085-8aab-d139951af3bb',1),('d0b0c1e6-ea07-4ac5-b32b-dacc23704ee1','524561d7-160d-418e-b56c-1c94b2b77389',0),('d0b0c1e6-ea07-4ac5-b32b-dacc23704ee1','52599e3e-5076-423e-89ed-9adc152dcbd4',1),('d0b0c1e6-ea07-4ac5-b32b-dacc23704ee1','608171dd-1676-4d5d-bb0f-3d584761355b',1),('d0b0c1e6-ea07-4ac5-b32b-dacc23704ee1','84a60e5e-2a65-4c8a-a366-1da0dbd33126',0),('d0b0c1e6-ea07-4ac5-b32b-dacc23704ee1','acbae21d-887d-4201-9a4e-692587a940d2',0),('d0b0c1e6-ea07-4ac5-b32b-dacc23704ee1','b46c0317-0484-476e-bcb1-bb0d5ae25323',0),('d0b0c1e6-ea07-4ac5-b32b-dacc23704ee1','c7d0f025-9561-46ae-baec-eeca2d56419d',1),('d0b0c1e6-ea07-4ac5-b32b-dacc23704ee1','e4d70ad3-077f-4330-9725-b437d2733033',1),('d137d744-bd8f-4564-a08a-42c321fcd1ef','3dfcfdb4-5df8-4183-80d5-f0f6ee5b9b85',0),('d137d744-bd8f-4564-a08a-42c321fcd1ef','5eeca38b-d063-4896-9a6b-5d255ad15860',1),('d137d744-bd8f-4564-a08a-42c321fcd1ef','6ff24da9-5ec6-4c80-8251-e9cb28ec4467',1),('d137d744-bd8f-4564-a08a-42c321fcd1ef','7fc94975-7b58-47be-8e1c-f411aad0206f',0),('d137d744-bd8f-4564-a08a-42c321fcd1ef','82b7737b-0926-41d4-9d26-a1abdb255851',0),('d137d744-bd8f-4564-a08a-42c321fcd1ef','98a2a454-1d6e-4951-b0b2-28b6f0a752fa',1),('d137d744-bd8f-4564-a08a-42c321fcd1ef','be061ba0-1c36-48c2-90c0-005e5bc16b01',0),('d137d744-bd8f-4564-a08a-42c321fcd1ef','e87633d1-eed7-4889-a338-3f79240f287d',1),('d49113dc-047b-4522-9313-7247cc9b659e','0f7f168d-dfe1-43ac-85c0-ea05409d4d1d',1),('d49113dc-047b-4522-9313-7247cc9b659e','299d56ee-527f-4a5a-8035-1b0875de663b',1),('d49113dc-047b-4522-9313-7247cc9b659e','3c6d42a0-c0c1-4528-8b61-6f0535acbc11',1),('d49113dc-047b-4522-9313-7247cc9b659e','43a54d9c-8b39-4138-84a1-20511fef856c',0),('d49113dc-047b-4522-9313-7247cc9b659e','5ec63c77-1878-4740-b7df-3bb1a22cba33',0),('d49113dc-047b-4522-9313-7247cc9b659e','6cc67f25-fc1e-4f06-920a-f487542809a1',0),('d49113dc-047b-4522-9313-7247cc9b659e','8f2fb485-9532-4988-a8aa-099f0f499cc6',0),('d49113dc-047b-4522-9313-7247cc9b659e','b5c75df2-4f2f-4774-804f-b2b1f908dd4e',1),('d7cfc645-824c-4ea7-b991-76f1f5a3ee36','0f7f168d-dfe1-43ac-85c0-ea05409d4d1d',1),('d7cfc645-824c-4ea7-b991-76f1f5a3ee36','299d56ee-527f-4a5a-8035-1b0875de663b',1),('d7cfc645-824c-4ea7-b991-76f1f5a3ee36','3c6d42a0-c0c1-4528-8b61-6f0535acbc11',1),('d7cfc645-824c-4ea7-b991-76f1f5a3ee36','43a54d9c-8b39-4138-84a1-20511fef856c',0),('d7cfc645-824c-4ea7-b991-76f1f5a3ee36','5931c276-59d1-419f-88ef-600bf1d010ce',1),('d7cfc645-824c-4ea7-b991-76f1f5a3ee36','5ec63c77-1878-4740-b7df-3bb1a22cba33',0),('d7cfc645-824c-4ea7-b991-76f1f5a3ee36','6cc67f25-fc1e-4f06-920a-f487542809a1',0),('d7cfc645-824c-4ea7-b991-76f1f5a3ee36','8f2fb485-9532-4988-a8aa-099f0f499cc6',0),('d7cfc645-824c-4ea7-b991-76f1f5a3ee36','b5c75df2-4f2f-4774-804f-b2b1f908dd4e',1),('ddf659f2-e655-434e-994d-cb9c7daef9dd','0f26863b-4ccc-4aec-a9d9-cee85f76b64c',1),('ddf659f2-e655-434e-994d-cb9c7daef9dd','20025655-b3bc-448d-b05d-9fc7ed677243',0),('ddf659f2-e655-434e-994d-cb9c7daef9dd','45493f39-8756-4949-9798-72063eb29f30',0),('ddf659f2-e655-434e-994d-cb9c7daef9dd','4b0f95da-6803-4398-a408-75e55074b4c8',0),('ddf659f2-e655-434e-994d-cb9c7daef9dd','75f0a9dc-3111-43ba-8725-6512c5aaae92',1),('ddf659f2-e655-434e-994d-cb9c7daef9dd','9e8422de-598b-4f7d-85a1-12b3849f2662',1),('ddf659f2-e655-434e-994d-cb9c7daef9dd','9ffd0b44-4a05-4b8a-85a3-87b848956e61',0),('ddf659f2-e655-434e-994d-cb9c7daef9dd','d6b7c627-f466-4567-b0c7-bf4d5e5acef7',1),('ddf659f2-e655-434e-994d-cb9c7daef9dd','ff913149-72d2-40d1-b75b-d333934ad4dd',1),('e62b98f4-f0ba-4212-b0c6-f96497dfbf00','3dfcfdb4-5df8-4183-80d5-f0f6ee5b9b85',0),('e62b98f4-f0ba-4212-b0c6-f96497dfbf00','573104cc-af95-409d-a178-170e5cc1fb50',1),('e62b98f4-f0ba-4212-b0c6-f96497dfbf00','5eeca38b-d063-4896-9a6b-5d255ad15860',1),('e62b98f4-f0ba-4212-b0c6-f96497dfbf00','6ff24da9-5ec6-4c80-8251-e9cb28ec4467',1),('e62b98f4-f0ba-4212-b0c6-f96497dfbf00','7fc94975-7b58-47be-8e1c-f411aad0206f',0),('e62b98f4-f0ba-4212-b0c6-f96497dfbf00','82b7737b-0926-41d4-9d26-a1abdb255851',0),('e62b98f4-f0ba-4212-b0c6-f96497dfbf00','98a2a454-1d6e-4951-b0b2-28b6f0a752fa',1),('e62b98f4-f0ba-4212-b0c6-f96497dfbf00','be061ba0-1c36-48c2-90c0-005e5bc16b01',0),('e62b98f4-f0ba-4212-b0c6-f96497dfbf00','e87633d1-eed7-4889-a338-3f79240f287d',1),('ec02446c-1f1e-45b1-9ad2-ab86e0cd1111','0f7f168d-dfe1-43ac-85c0-ea05409d4d1d',1),('ec02446c-1f1e-45b1-9ad2-ab86e0cd1111','299d56ee-527f-4a5a-8035-1b0875de663b',1),('ec02446c-1f1e-45b1-9ad2-ab86e0cd1111','3c6d42a0-c0c1-4528-8b61-6f0535acbc11',1),('ec02446c-1f1e-45b1-9ad2-ab86e0cd1111','43a54d9c-8b39-4138-84a1-20511fef856c',0),('ec02446c-1f1e-45b1-9ad2-ab86e0cd1111','5931c276-59d1-419f-88ef-600bf1d010ce',1),('ec02446c-1f1e-45b1-9ad2-ab86e0cd1111','5ec63c77-1878-4740-b7df-3bb1a22cba33',0),('ec02446c-1f1e-45b1-9ad2-ab86e0cd1111','6cc67f25-fc1e-4f06-920a-f487542809a1',0),('ec02446c-1f1e-45b1-9ad2-ab86e0cd1111','8f2fb485-9532-4988-a8aa-099f0f499cc6',0),('ec02446c-1f1e-45b1-9ad2-ab86e0cd1111','b5c75df2-4f2f-4774-804f-b2b1f908dd4e',1),('fa3c114b-67b5-4c44-a52c-380b50d58da3','49d8598d-755d-4085-8aab-d139951af3bb',1),('fa3c114b-67b5-4c44-a52c-380b50d58da3','524561d7-160d-418e-b56c-1c94b2b77389',0),('fa3c114b-67b5-4c44-a52c-380b50d58da3','52599e3e-5076-423e-89ed-9adc152dcbd4',1),('fa3c114b-67b5-4c44-a52c-380b50d58da3','608171dd-1676-4d5d-bb0f-3d584761355b',1),('fa3c114b-67b5-4c44-a52c-380b50d58da3','84a60e5e-2a65-4c8a-a366-1da0dbd33126',0),('fa3c114b-67b5-4c44-a52c-380b50d58da3','acbae21d-887d-4201-9a4e-692587a940d2',0),('fa3c114b-67b5-4c44-a52c-380b50d58da3','b46c0317-0484-476e-bcb1-bb0d5ae25323',0),('fa3c114b-67b5-4c44-a52c-380b50d58da3','c7d0f025-9561-46ae-baec-eeca2d56419d',1),('fa3c114b-67b5-4c44-a52c-380b50d58da3','e4d70ad3-077f-4330-9725-b437d2733033',1),('fc17abd5-4aba-48b9-a5e2-1a070c96267d','49d8598d-755d-4085-8aab-d139951af3bb',1),('fc17abd5-4aba-48b9-a5e2-1a070c96267d','524561d7-160d-418e-b56c-1c94b2b77389',0),('fc17abd5-4aba-48b9-a5e2-1a070c96267d','608171dd-1676-4d5d-bb0f-3d584761355b',1),('fc17abd5-4aba-48b9-a5e2-1a070c96267d','84a60e5e-2a65-4c8a-a366-1da0dbd33126',0),('fc17abd5-4aba-48b9-a5e2-1a070c96267d','acbae21d-887d-4201-9a4e-692587a940d2',0),('fc17abd5-4aba-48b9-a5e2-1a070c96267d','b46c0317-0484-476e-bcb1-bb0d5ae25323',0),('fc17abd5-4aba-48b9-a5e2-1a070c96267d','c7d0f025-9561-46ae-baec-eeca2d56419d',1),('fc17abd5-4aba-48b9-a5e2-1a070c96267d','e4d70ad3-077f-4330-9725-b437d2733033',1),('fe87db9e-e678-498e-abec-9691a522d1af','4120ba61-1916-4331-8cfc-9d0eaca3bf9e',1),('fe87db9e-e678-498e-abec-9691a522d1af','41479ade-7ac3-4771-8841-412d53a1bee0',1),('fe87db9e-e678-498e-abec-9691a522d1af','446dfffb-28c5-49c1-9387-e231085d92f9',0),('fe87db9e-e678-498e-abec-9691a522d1af','60645b32-1af3-40c3-b9b5-c3742616cbab',1),('fe87db9e-e678-498e-abec-9691a522d1af','755b181e-2f52-4fb3-bad4-3e6ae91068e6',0),('fe87db9e-e678-498e-abec-9691a522d1af','827f7fa1-2617-40d4-8f1c-dac987742000',0),('fe87db9e-e678-498e-abec-9691a522d1af','8c9642d4-d3db-4578-ace7-141a59b085c5',1),('fe87db9e-e678-498e-abec-9691a522d1af','8cfc29d0-3d25-4bf7-ac1d-6e5884bf13e7',0),('fe87db9e-e678-498e-abec-9691a522d1af','8d11acf5-5bc2-4d3e-97f7-8754e183c70f',1);
UNLOCK TABLES;

--
-- Dumping data for table `CLIENT_SCOPE_ROLE_MAPPING`
--

LOCK TABLES `CLIENT_SCOPE_ROLE_MAPPING` WRITE;
INSERT INTO `CLIENT_SCOPE_ROLE_MAPPING` VALUES ('20025655-b3bc-448d-b05d-9fc7ed677243','900f29dc-a363-46e9-bb73-5824bf810151'),('5850d30d-aa9d-4fab-8fa4-4c1a5b0eb624','30789df9-d138-4ce1-995a-28afaf898eb3'),('5ec63c77-1878-4740-b7df-3bb1a22cba33','8028ecf1-720e-462a-ae22-6610d59f134e'),('755b181e-2f52-4fb3-bad4-3e6ae91068e6','a9882de4-1e8e-4a8b-ae3a-5563ccad831c'),('b46c0317-0484-476e-bcb1-bb0d5ae25323','30f18bea-088b-4a70-8526-0dfaed0ac158'),('be061ba0-1c36-48c2-90c0-005e5bc16b01','3bc90807-6865-4878-9fb0-2876c28112e8');
UNLOCK TABLES;

--
-- Dumping data for table `CLIENT_SESSION`
--

LOCK TABLES `CLIENT_SESSION` WRITE;
UNLOCK TABLES;

--
-- Dumping data for table `CLIENT_SESSION_AUTH_STATUS`
--

LOCK TABLES `CLIENT_SESSION_AUTH_STATUS` WRITE;
UNLOCK TABLES;

--
-- Dumping data for table `CLIENT_SESSION_NOTE`
--

LOCK TABLES `CLIENT_SESSION_NOTE` WRITE;
UNLOCK TABLES;

--
-- Dumping data for table `CLIENT_SESSION_PROT_MAPPER`
--

LOCK TABLES `CLIENT_SESSION_PROT_MAPPER` WRITE;
UNLOCK TABLES;

--
-- Dumping data for table `CLIENT_SESSION_ROLE`
--

LOCK TABLES `CLIENT_SESSION_ROLE` WRITE;
UNLOCK TABLES;

--
-- Dumping data for table `CLIENT_USER_SESSION_NOTE`
--

LOCK TABLES `CLIENT_USER_SESSION_NOTE` WRITE;
UNLOCK TABLES;

--
-- Dumping data for table `COMPONENT`
--

LOCK TABLES `COMPONENT` WRITE;
INSERT INTO `COMPONENT` VALUES ('012a989e-774c-4d4d-a221-f6dcafeb2cf5','rsa-generated','org5','rsa-generated','org.keycloak.keys.KeyProvider','org5',NULL),('050d16e0-7119-4391-905c-32b572194425',NULL,'org5','declarative-user-profile','org.keycloak.userprofile.UserProfileProvider','org5',NULL),('09a45f19-52fb-4733-b825-1a9f6fb32bff','rsa-enc-generated','org1','rsa-enc-generated','org.keycloak.keys.KeyProvider','org1',NULL),('0f0c306c-1c22-4e7e-ae4e-972614451a6b',NULL,'org1','declarative-user-profile','org.keycloak.userprofile.UserProfileProvider','org1',NULL),('0f7f76c0-9d52-4e26-9a28-8aae8f3b4215','hmac-generated-hs512','org4','hmac-generated','org.keycloak.keys.KeyProvider','org4',NULL),('116596a6-bee5-47d5-835e-1672b0389982','Allowed Client Scopes','9643073e-80de-4254-9166-5c75e800fbb5','allowed-client-templates','org.keycloak.services.clientregistration.policy.ClientRegistrationPolicy','9643073e-80de-4254-9166-5c75e800fbb5','authenticated'),('118ef5da-b820-4fb6-a290-a20f9f458397','Allowed Protocol Mapper Types','org5','allowed-protocol-mappers','org.keycloak.services.clientregistration.policy.ClientRegistrationPolicy','org5','anonymous'),('152d2b78-eee2-4195-9dad-649edcf7a01e','Allowed Client Scopes','org5','allowed-client-templates','org.keycloak.services.clientregistration.policy.ClientRegistrationPolicy','org5','authenticated'),('166669e4-a924-4f0d-a2d0-84b1b2ed14f7','Allowed Client Scopes','9643073e-80de-4254-9166-5c75e800fbb5','allowed-client-templates','org.keycloak.services.clientregistration.policy.ClientRegistrationPolicy','9643073e-80de-4254-9166-5c75e800fbb5','anonymous'),('179dbb48-50ee-45b2-bef4-4dba72a5a2b1','Allowed Protocol Mapper Types','org3','allowed-protocol-mappers','org.keycloak.services.clientregistration.policy.ClientRegistrationPolicy','org3','anonymous'),('1b9b8d47-2dab-4cb4-bb63-01b6cae15c96','rsa-generated','org1','rsa-generated','org.keycloak.keys.KeyProvider','org1',NULL),('1c16448e-b2d7-47ff-a706-739f37784878','Max Clients Limit','org4','max-clients','org.keycloak.services.clientregistration.policy.ClientRegistrationPolicy','org4','anonymous'),('231f0eb6-d085-47ed-b631-a6e8488fce99','Allowed Protocol Mapper Types','org2','allowed-protocol-mappers','org.keycloak.services.clientregistration.policy.ClientRegistrationPolicy','org2','authenticated'),('271dbfd1-e481-4a53-956a-5360510c1205','Allowed Protocol Mapper Types','9643073e-80de-4254-9166-5c75e800fbb5','allowed-protocol-mappers','org.keycloak.services.clientregistration.policy.ClientRegistrationPolicy','9643073e-80de-4254-9166-5c75e800fbb5','anonymous'),('2b4c9f1c-5ed4-4c90-844e-d072bde2e0d2','Trusted Hosts','9643073e-80de-4254-9166-5c75e800fbb5','trusted-hosts','org.keycloak.services.clientregistration.policy.ClientRegistrationPolicy','9643073e-80de-4254-9166-5c75e800fbb5','anonymous'),('2d6680e0-0084-4631-bc22-b43515a9b201','hmac-generated-hs512','9643073e-80de-4254-9166-5c75e800fbb5','hmac-generated','org.keycloak.keys.KeyProvider','9643073e-80de-4254-9166-5c75e800fbb5',NULL),('2d96a159-af26-4c28-988c-46e4a15446df','Full Scope Disabled','org5','scope','org.keycloak.services.clientregistration.policy.ClientRegistrationPolicy','org5','anonymous'),('2ecab6cc-978c-41a7-9cff-a202ac799ee2','rsa-generated','org4','rsa-generated','org.keycloak.keys.KeyProvider','org4',NULL),('30e7d425-e687-4c55-acea-304124bd6590',NULL,'org2','declarative-user-profile','org.keycloak.userprofile.UserProfileProvider','org2',NULL),('3642f9ce-226c-487a-89af-88950780a821','Max Clients Limit','org1','max-clients','org.keycloak.services.clientregistration.policy.ClientRegistrationPolicy','org1','anonymous'),('3bc8d692-3dce-4f8e-a89b-7adc402adf75','Allowed Client Scopes','org3','allowed-client-templates','org.keycloak.services.clientregistration.policy.ClientRegistrationPolicy','org3','authenticated'),('3cf0b453-524d-4302-a5f6-7e6ce198150b','Allowed Client Scopes','org5','allowed-client-templates','org.keycloak.services.clientregistration.policy.ClientRegistrationPolicy','org5','anonymous'),('3f168b0b-5f39-43b0-aa57-13234b7d675f','rsa-generated','9643073e-80de-4254-9166-5c75e800fbb5','rsa-generated','org.keycloak.keys.KeyProvider','9643073e-80de-4254-9166-5c75e800fbb5',NULL),('40f10cad-fd61-4f24-a838-265a4b42b17c','Allowed Client Scopes','org4','allowed-client-templates','org.keycloak.services.clientregistration.policy.ClientRegistrationPolicy','org4','anonymous'),('47520f45-6fac-4d1d-a856-d20168b7bae2','Full Scope Disabled','org2','scope','org.keycloak.services.clientregistration.policy.ClientRegistrationPolicy','org2','anonymous'),('581c82ea-398e-4c5d-8030-7fe10b505e28',NULL,'org3','declarative-user-profile','org.keycloak.userprofile.UserProfileProvider','org3',NULL),('583a8efe-1fa5-4a2a-8967-9c1a33dee85f','hmac-generated-hs512','org1','hmac-generated','org.keycloak.keys.KeyProvider','org1',NULL),('59505746-4981-4cfb-bf8c-f3e9fb582d88','Allowed Protocol Mapper Types','org4','allowed-protocol-mappers','org.keycloak.services.clientregistration.policy.ClientRegistrationPolicy','org4','authenticated'),('5aa7ef84-a2ee-4201-9e06-c2b60f38682d','Trusted Hosts','org3','trusted-hosts','org.keycloak.services.clientregistration.policy.ClientRegistrationPolicy','org3','anonymous'),('602b4e76-f716-40e7-ae94-70bfbf49b8c5','aes-generated','org4','aes-generated','org.keycloak.keys.KeyProvider','org4',NULL),('61a85274-61da-462d-bb82-c6981e983898','Allowed Protocol Mapper Types','org3','allowed-protocol-mappers','org.keycloak.services.clientregistration.policy.ClientRegistrationPolicy','org3','authenticated'),('62da8770-2a83-42e6-91dd-1e137cd40a03','Full Scope Disabled','9643073e-80de-4254-9166-5c75e800fbb5','scope','org.keycloak.services.clientregistration.policy.ClientRegistrationPolicy','9643073e-80de-4254-9166-5c75e800fbb5','anonymous'),('64cbd1ae-efdb-4d65-81c2-ca0fbbeefa54','Consent Required','org1','consent-required','org.keycloak.services.clientregistration.policy.ClientRegistrationPolicy','org1','anonymous'),('659743d4-8105-4f13-98ee-409f58fdec6f','Consent Required','9643073e-80de-4254-9166-5c75e800fbb5','consent-required','org.keycloak.services.clientregistration.policy.ClientRegistrationPolicy','9643073e-80de-4254-9166-5c75e800fbb5','anonymous'),('6600eb3f-a225-4026-8324-7edac493e605','aes-generated','org2','aes-generated','org.keycloak.keys.KeyProvider','org2',NULL),('693ee861-3334-4d7c-b3a1-3090d00c179e','Allowed Client Scopes','org3','allowed-client-templates','org.keycloak.services.clientregistration.policy.ClientRegistrationPolicy','org3','anonymous'),('699482cd-4c4f-4af2-b6f3-4c14cb20b260','Allowed Client Scopes','org1','allowed-client-templates','org.keycloak.services.clientregistration.policy.ClientRegistrationPolicy','org1','anonymous'),('6aa3537f-f31f-4ee0-ba28-18b16b559389','rsa-enc-generated','9643073e-80de-4254-9166-5c75e800fbb5','rsa-enc-generated','org.keycloak.keys.KeyProvider','9643073e-80de-4254-9166-5c75e800fbb5',NULL),('6f1ffc46-8c18-48e5-a2f3-c2e5a5a4c804','Full Scope Disabled','org4','scope','org.keycloak.services.clientregistration.policy.ClientRegistrationPolicy','org4','anonymous'),('72009b9f-ae8d-45e7-9ceb-a227df5e1e43','Allowed Protocol Mapper Types','org5','allowed-protocol-mappers','org.keycloak.services.clientregistration.policy.ClientRegistrationPolicy','org5','authenticated'),('766500e8-9561-4af5-a2ca-8366ef4c8a38','Max Clients Limit','org3','max-clients','org.keycloak.services.clientregistration.policy.ClientRegistrationPolicy','org3','anonymous'),('79b1328f-5d01-45be-a77c-bf61d8856763','Allowed Client Scopes','org2','allowed-client-templates','org.keycloak.services.clientregistration.policy.ClientRegistrationPolicy','org2','authenticated'),('7afbe378-204a-4fb2-9520-2478a48f086b','Consent Required','org4','consent-required','org.keycloak.services.clientregistration.policy.ClientRegistrationPolicy','org4','anonymous'),('8d4436f7-de39-4256-b7f9-780b810c88c1','Consent Required','org3','consent-required','org.keycloak.services.clientregistration.policy.ClientRegistrationPolicy','org3','anonymous'),('8ed0d9c3-5ad4-43ee-8a33-b47968a1933e','Allowed Client Scopes','org4','allowed-client-templates','org.keycloak.services.clientregistration.policy.ClientRegistrationPolicy','org4','authenticated'),('92bfa9cb-9f5d-465a-be42-4e89de2b0537','Allowed Protocol Mapper Types','org4','allowed-protocol-mappers','org.keycloak.services.clientregistration.policy.ClientRegistrationPolicy','org4','anonymous'),('93d27ceb-ee71-47bc-8fbd-11470d571cb9','Consent Required','org2','consent-required','org.keycloak.services.clientregistration.policy.ClientRegistrationPolicy','org2','anonymous'),('93ff1fe3-1501-4ef7-9c13-38de93ebee81','Max Clients Limit','org5','max-clients','org.keycloak.services.clientregistration.policy.ClientRegistrationPolicy','org5','anonymous'),('94572282-4900-44d9-b6a6-a9b5931ad242','rsa-generated','org3','rsa-generated','org.keycloak.keys.KeyProvider','org3',NULL),('95c3a5ee-a6d6-42a9-ad57-6001ade908c5','Trusted Hosts','org5','trusted-hosts','org.keycloak.services.clientregistration.policy.ClientRegistrationPolicy','org5','anonymous'),('9611b3bc-b319-4f47-b8a4-4e01940a9d45','Trusted Hosts','org2','trusted-hosts','org.keycloak.services.clientregistration.policy.ClientRegistrationPolicy','org2','anonymous'),('9aa0de3b-a047-4070-94a3-c8d3770c0da3',NULL,'org4','declarative-user-profile','org.keycloak.userprofile.UserProfileProvider','org4',NULL),('a00ba217-9233-4eb1-b2bd-715db1ff61e2','Trusted Hosts','org4','trusted-hosts','org.keycloak.services.clientregistration.policy.ClientRegistrationPolicy','org4','anonymous'),('a090e9e5-5709-4af6-861d-752383feeeed','hmac-generated-hs512','org2','hmac-generated','org.keycloak.keys.KeyProvider','org2',NULL),('a1478aac-b9ef-4b3a-96ae-6fb6f59fac7c','Allowed Protocol Mapper Types','9643073e-80de-4254-9166-5c75e800fbb5','allowed-protocol-mappers','org.keycloak.services.clientregistration.policy.ClientRegistrationPolicy','9643073e-80de-4254-9166-5c75e800fbb5','authenticated'),('a31ab5de-a9d1-4a79-94b5-8f8ab28e177f','Full Scope Disabled','org1','scope','org.keycloak.services.clientregistration.policy.ClientRegistrationPolicy','org1','anonymous'),('a5108641-8e89-4358-a616-dbeac67e2a15','rsa-enc-generated','org4','rsa-enc-generated','org.keycloak.keys.KeyProvider','org4',NULL),('a7177464-dab0-40c4-9d7e-3b78c98376fd','aes-generated','9643073e-80de-4254-9166-5c75e800fbb5','aes-generated','org.keycloak.keys.KeyProvider','9643073e-80de-4254-9166-5c75e800fbb5',NULL),('b45389d4-64bb-4850-9828-87c9a313c515','Max Clients Limit','9643073e-80de-4254-9166-5c75e800fbb5','max-clients','org.keycloak.services.clientregistration.policy.ClientRegistrationPolicy','9643073e-80de-4254-9166-5c75e800fbb5','anonymous'),('ba04e1d5-c708-450c-b003-a6ac4292ddef','rsa-generated','org2','rsa-generated','org.keycloak.keys.KeyProvider','org2',NULL),('ba88c9f4-7eab-41ab-b206-8b3cd0e05126','Allowed Protocol Mapper Types','org2','allowed-protocol-mappers','org.keycloak.services.clientregistration.policy.ClientRegistrationPolicy','org2','anonymous'),('bdcfe609-5f0e-4c38-9ed9-3fb09f815b7c','Trusted Hosts','org1','trusted-hosts','org.keycloak.services.clientregistration.policy.ClientRegistrationPolicy','org1','anonymous'),('c922ba15-66e8-49e6-a937-254b0ad66ddf','hmac-generated-hs512','org5','hmac-generated','org.keycloak.keys.KeyProvider','org5',NULL),('cba889fe-db78-4356-b645-fc66e44f089b','Allowed Client Scopes','org2','allowed-client-templates','org.keycloak.services.clientregistration.policy.ClientRegistrationPolicy','org2','anonymous'),('cc257ddb-31f2-4fbd-88c1-b171e5dbd5c7','hmac-generated-hs512','org3','hmac-generated','org.keycloak.keys.KeyProvider','org3',NULL),('cc5f95be-d91a-421e-a502-e6e6f5d152ea','aes-generated','org5','aes-generated','org.keycloak.keys.KeyProvider','org5',NULL),('cebe39cf-d06b-4982-9f06-9e9ea6498294','rsa-enc-generated','org3','rsa-enc-generated','org.keycloak.keys.KeyProvider','org3',NULL),('d0b81df3-1ac8-4948-92f1-ca34f34e834c','Consent Required','org5','consent-required','org.keycloak.services.clientregistration.policy.ClientRegistrationPolicy','org5','anonymous'),('dceead9c-80b7-4d64-8205-08fa52967883','rsa-enc-generated','org2','rsa-enc-generated','org.keycloak.keys.KeyProvider','org2',NULL),('e205bd77-e560-4977-9dcf-e921f15bed78','Allowed Client Scopes','org1','allowed-client-templates','org.keycloak.services.clientregistration.policy.ClientRegistrationPolicy','org1','authenticated'),('e3602926-358a-4b5c-8cea-d1c56995e02f','rsa-enc-generated','org5','rsa-enc-generated','org.keycloak.keys.KeyProvider','org5',NULL),('e447a6d4-3132-471f-9b03-5ab8e5a94e50',NULL,'9643073e-80de-4254-9166-5c75e800fbb5','declarative-user-profile','org.keycloak.userprofile.UserProfileProvider','9643073e-80de-4254-9166-5c75e800fbb5',NULL),('e8247819-b891-4d93-b610-cd536e9a91ec','aes-generated','org3','aes-generated','org.keycloak.keys.KeyProvider','org3',NULL),('ea5262ec-d837-40a3-92fc-07ea78816ba8','Allowed Protocol Mapper Types','org1','allowed-protocol-mappers','org.keycloak.services.clientregistration.policy.ClientRegistrationPolicy','org1','authenticated'),('f10d0893-e71f-4533-b8f1-d6ff550d6e1a','aes-generated','org1','aes-generated','org.keycloak.keys.KeyProvider','org1',NULL),('fa5ef209-7019-4f8d-b313-74b9b06faef6','Full Scope Disabled','org3','scope','org.keycloak.services.clientregistration.policy.ClientRegistrationPolicy','org3','anonymous'),('fe8982f6-376b-4bcf-91e2-77d79fcae6f7','Allowed Protocol Mapper Types','org1','allowed-protocol-mappers','org.keycloak.services.clientregistration.policy.ClientRegistrationPolicy','org1','anonymous'),('ffd6ecb9-e6b2-4377-a676-a1fb02d19808','Max Clients Limit','org2','max-clients','org.keycloak.services.clientregistration.policy.ClientRegistrationPolicy','org2','anonymous');
UNLOCK TABLES;

--
-- Dumping data for table `COMPONENT_CONFIG`
--

LOCK TABLES `COMPONENT_CONFIG` WRITE;
INSERT INTO `COMPONENT_CONFIG` VALUES ('00656d02-0250-4692-9610-471e3e8da34b','94572282-4900-44d9-b6a6-a9b5931ad242','privateKey','MIIEogIBAAKCAQEAsK7UxaGDHBCAedpo4z/StqlZXk5khJaIwyog20DKKh3SLll/pWEz5ObV/XucHIN6TEVsP3IdmdflC+aVEO4mtoC7heO7SnofCWvQwDpEWbbmLjh9Be1EGCV+3urudVTGHCzQsAQ9VGvnSNLqXkgWvEhnVr2hCU8+j5GDPHme6bX6cPgh4U5Z/gIi+BcdLfGmFKs6dO1ckN7+++9njc7cjdEWokjAPzn2XiBifNo1zo5WCYr+f4ors6LXTRsr5h2O0gLxc1hsaddwooJZLSqWhhrOIDAdOE+/KK7wtveQDV9f89L3IPBV+uN3eyHpUB6XipMUc/jHvMMM0YjgIIeSZwIDAQABAoIBAB1hcq7LUm75dtvh4YefW+NrMETPRXDfoC4lfyGRWcJSLjBDSseOF/VBxlD+MVzJJ65aQbYf5w3ntHDbrxXfJx853gqARGtjTm5LIwNsTQ8cK+qAve2dNzHKvm5vDn4CvbpUC39Rsn8rkwztofKmtefTzyIXVkRNjLTkI442wqHQuJwD6U2is1THd2U/Vm8PxVaoTm36rqVFlr/HV8fLzXA0vfz48SFdm4tiiA/cA4+cTv8H8qR40YsH3NcW3JM5Xkh3qvXXeFgfILVqacUWbSJiRSSRKpvboptusLV62pDvcqL+z/Lb80JD5YZtrk5bEeT/MZo+h0aPfDUQGfOyghUCgYEA1Q71fqpCMnZFd1lvIF+eLq89XQZFOSCpwS6G3CLk593zIVjaF15p05XLw6rcodjrpddoLhOGeoU6/MDlUC63/gGTmCXhp3/Ad2pUZ9RaGlHi4nNJZhyJ4NADyEC9268wuGMSKvOif/ENLxfSats/KUgeXNEvcvxwEEj9GFqRKCMCgYEA1EsHUP2NHchC76ty70EmK/yOxs7zwx0sJ3VfcNXQ19xDXlp53bJL/3IVo/ma3sHWum/6qVMLlqAPrrFQ9En+FVmGXPOAh2c3/jLHHC9oiC48DuQZjj8pueVVJTlYXrNBa+jWrxSRPQivsHwigzhjcY/zr/K+dWOII3KaVAm2ju0CgYB9EwgJMNglmYrUMptrDNbmnxdN6eVvUP52muKujomEmKYnOGrndxR3EqQJHN/i314PAHJ3Qh0bBeWIBZFYzeRTaAeGNQ7Qbs3FDJW6Uk4Gz3V67KT1HeHPKS5fO6p5MdJPHFHJBzepFhBgSgLLmiPtDxpL8L2DKjB7Tu3NgzVdswKBgBQ7ilj3sUlTWr3I001mIiMzENB1zNmdoCWqlAwG9L596ZXGfbLZWVDhKJrWISJ1yuc94N/eYE5ctuHpWFPP8X1LaPjW5DsDZVy+ridLhWTlMyggKSdbcbib2L+RdZCg+O015bAN/8GXYFcrnYZwC1o5Y/oy4mABumnWdErqGhIJAoGAU9RIu8R/3kgBqVC3209sbggQah5V48H++Q/jepwVGUPzyLusX+veUcZjAJlKltROq1okS8yWG7uzCnpVyugp2vU/X/1HoiaSrMwwMReTllAvtGulVaz2kwoWnIiivEeAUGZrth4NxlVf180gHZchOK4H3u+4snA28Nuug7eW0/0='),('03c9160a-94d8-4a0e-a9ce-aef2a2971be2','61a85274-61da-462d-bb82-c6981e983898','allowed-protocol-mapper-types','oidc-address-mapper'),('03df8fc7-b880-4148-9204-ff916fbdcaf4','93ff1fe3-1501-4ef7-9c13-38de93ebee81','max-clients','200'),('05072b35-6ceb-4d15-9f12-bba7107d53a6','118ef5da-b820-4fb6-a290-a20f9f458397','allowed-protocol-mapper-types','oidc-address-mapper'),('06b6740d-dbc9-4253-a8a6-219272092134','a1478aac-b9ef-4b3a-96ae-6fb6f59fac7c','allowed-protocol-mapper-types','saml-role-list-mapper'),('06f5fa16-0e48-4170-8a7f-af8a0c886ada','40f10cad-fd61-4f24-a838-265a4b42b17c','allow-default-scopes','true'),('07b903e3-5347-4772-a94e-252658e489bb','3f168b0b-5f39-43b0-aa57-13234b7d675f','certificate','MIICmzCCAYMCBgGYwV30qjANBgkqhkiG9w0BAQsFADARMQ8wDQYDVQQDDAZtYXN0ZXIwHhcNMjUwODE5MDgwNTE2WhcNMzUwODE5MDgwNjU2WjARMQ8wDQYDVQQDDAZtYXN0ZXIwggEiMA0GCSqGSIb3DQEBAQUAA4IBDwAwggEKAoIBAQC3L++DeBOyew9Gagc1PzhYQTSquej2KvVU2C9dgSyqk+U86UtCAcveswZHCn5Uy8r+5lE6QbgGcBVmUWeD4tZltBH/j67ubRxRGC1HjDIgV44tpc5Dd/0i1f3K1p4U6o6hjcdXHhmGiYbjoQya2KKHZbQzKASOzYnKbWd0ziAoes8ECPgK0hYX0EjNaG4QW4HYopoWCUKhn//QoAOWluey7LgtybAydVrdkT4qd6rFoIUCRYcqO7itKXvoVoPk/172Bte8IOKFH1bNM2L7xnBJlT+boA3Uw5wY/iqb8DrrKnvg11MEZSWwOwgaH0WVszNR1hGK/DJkBcwNYWagf5FfAgMBAAEwDQYJKoZIhvcNAQELBQADggEBAB/wkEjEsCxtnTTy9hhJG0vqt/ZFyny3Ce4ENbDRQDetCiPsTkUmfZAa6gsuwEIUEZ5PZ1AhD8jOKy9d3QlG8ZCV+iSLQGMw8V4WyvcJKayuwX4qmiy7d+FLfykc/X4Qdxm07bmzg5Mudknc+OoKDpbbYRVgaWM4TFMnknGSDVee/XI43u8Nn/B6hp6YavIAwybdJ3mGqAUk69tv8eHIbmf53nhhsVA9TKfqPrANrHhjL6Mi2Vx9Y+7hLQv+5NV7CNrzNEaZuAGRzzV6ctC8KILFPqSUKmwWx8VDlbTl2eTcdZ9VZuoocWEJUayqqEjHjsS/j+G/2t+C7kiIl4K0wHA='),('097c2a81-59b8-4b49-9646-cc2836854bb5','ba88c9f4-7eab-41ab-b206-8b3cd0e05126','allowed-protocol-mapper-types','oidc-full-name-mapper'),('09ac846e-20d5-4961-b7c3-1620f81a6ba3','231f0eb6-d085-47ed-b631-a6e8488fce99','allowed-protocol-mapper-types','oidc-full-name-mapper'),('0a67305e-f86e-46f8-9f03-435d129567e8','95c3a5ee-a6d6-42a9-ad57-6001ade908c5','host-sending-registration-request-must-match','true'),('0aad310e-0c50-469e-bd0f-0b6322925cf0','6aa3537f-f31f-4ee0-ba28-18b16b559389','certificate','MIICmzCCAYMCBgGYwV33bDANBgkqhkiG9w0BAQsFADARMQ8wDQYDVQQDDAZtYXN0ZXIwHhcNMjUwODE5MDgwNTE3WhcNMzUwODE5MDgwNjU3WjARMQ8wDQYDVQQDDAZtYXN0ZXIwggEiMA0GCSqGSIb3DQEBAQUAA4IBDwAwggEKAoIBAQC4LeE/IHWHEu8qzKbH8umPNhFmOupUkgfd8dIfEmFqVgqP7dOVbUx2t091Y5I/jJv8F5E1ZwTik71cXu1/lx/5oVIbodLDLEEmn1NVBKxs6pQV9an3DHKH12P9YeYUTQkMZKjNr1bG0AVmC0OTk+cK1fAEtiE+6gKxbUATYs47BP54DNbcRI52ufg+I1uSMix9Skb5N0+fAkAhiccJ9vMVnh4SKUeQo9BE2c5R8MHlrPMOf9ff/oZYlAMD0oSdNK9JiSkpu6d2Z8iAFX4zqoxit5cYZOaZ54oAXIkFMQbI8bvhQ3ijPfSbINCbnylOlQf4p4M/re15+g3Mq9/FXEVDAgMBAAEwDQYJKoZIhvcNAQELBQADggEBAKsIMXAlNENFKsuyUTLHeZCUSUL7ofUn2LK2bZdgWqBFOP1z1rMZR+C3crrezk5AaRlA+YwK0rDuqkxTWu64xBLOqFnfY9vIXYgRcV5CzNEf1+z4hxG3xtnKtQFyBczyEYENuz33vGufBtAHaQH1DbRocm52gHwbIjcu/Emgk0ZhrsDyjk1fRcZkQrqIp9Nzbd3mIBPneqAitoof0wtkhHt3ja2UMAmefrfAVT0cHITvigHB2xBrUOooDGEoTcY0cscB8fROZ2iJI7/pTtdTf1XXyjluZxCUmQf68fVjJM2pxRicUwJOsTf3xvYYEqfeg2pqWb8JhOUzwoAkixoPBaU='),('0bb22166-7c04-4da9-af63-4f7467a4654c','271dbfd1-e481-4a53-956a-5360510c1205','allowed-protocol-mapper-types','oidc-address-mapper'),('11ed9569-271e-4016-9d4c-b24d55c3c7c6','118ef5da-b820-4fb6-a290-a20f9f458397','allowed-protocol-mapper-types','saml-user-attribute-mapper'),('12929ddc-4567-4e9f-9f83-d4d7bb12567a','766500e8-9561-4af5-a2ca-8366ef4c8a38','max-clients','200'),('139518d1-e24c-4114-b8c5-3da45bd3f046','cc257ddb-31f2-4fbd-88c1-b171e5dbd5c7','priority','100'),('142520e3-3f31-4b86-b9d4-d918d16b71e5','2d6680e0-0084-4631-bc22-b43515a9b201','kid','2ee984b0-b819-42db-9379-038d4f00d88e'),('1523072b-f7e6-41ac-a9c9-e1635613b770','2ecab6cc-978c-41a7-9cff-a202ac799ee2','certificate','MIIClzCCAX8CBgGYwWG/bDANBgkqhkiG9w0BAQsFADAPMQ0wCwYDVQQDDARvcmc0MB4XDTI1MDgxOTA4MDkyNVoXDTM1MDgxOTA4MTEwNVowDzENMAsGA1UEAwwEb3JnNDCCASIwDQYJKoZIhvcNAQEBBQADggEPADCCAQoCggEBAKfMh1g0Qimw5hV2/CUhwl313EnzAwT/2rh7vJ5Iea4lhWfcFn9rJcZfIdiydVvGdHMvQrrcMrgPVsusWetKiZ63bQWVDP8fsbW51s2nhm6WoaR1MkusYlg2+TotfkzFhFHAEcu5wT21CHb778PvgMxcKdEtMe6vA+GRrbIsCpxOzcQNHsbQzzl1Y8XR8dJU0tTevq0kGYMtuL0GLiRrWy23E6TXqq9Pu9N8BWoKMPkcbYZuLpPZpqVou9MpwrxsuF+/gFDCey6HL9Y6tCnCBIM3oAHVNGKA6vSzniHUXaQ7APtDwABBnnLSGdaWkp5msEPnX5nMgUhYHBlLtn52ajkCAwEAATANBgkqhkiG9w0BAQsFAAOCAQEAmsO+9mHoWFkmw6G2hVDv2GRseY5Pmz11d/kJy7rQhpCYAZPxBzXIQOd7HZZw1Lx8CgMN9R7oQ5wCqE6iBscPYWUWyOByBEhqJcuvsYy5h+rX2il0DuHh9mV/Mh0opWBDlHm3wLWDaFHNc9PXnzqpyvvjwnt10wgBXSLthG57Ema2UPsrOq+Au9tcowmrhlIpHKAY27AuOdLpDxPqnoirJXqquVkxBxBOHhpTIDLDONDmH3RH847y6KC/pwvoa5h2VWtJUOw0qP5h8HGpVv5Ljse8YNaN87c4HbZhP+zaOA5y7g6EhecZbiFzC+Nde1LrBie6MuINEIBm3hnppBeZUQ=='),('1597ca64-150e-4876-b83e-2b134fe88958','ea5262ec-d837-40a3-92fc-07ea78816ba8','allowed-protocol-mapper-types','oidc-address-mapper'),('16c6d0c4-c9db-41b9-a6ae-e0305e4b3219','a090e9e5-5709-4af6-861d-752383feeeed','kid','ed44b0e5-a0c3-49a3-b458-dd53cb092e4f'),('16fe825a-aa70-4f74-be2e-c5f98ab99272','179dbb48-50ee-45b2-bef4-4dba72a5a2b1','allowed-protocol-mapper-types','oidc-usermodel-attribute-mapper'),('1b660fb5-f6da-4f9a-975d-a3ae23b46f5c','166669e4-a924-4f0d-a2d0-84b1b2ed14f7','allow-default-scopes','true'),('1e65adca-28b2-4483-8720-ccfcac0a13d1','fe8982f6-376b-4bcf-91e2-77d79fcae6f7','allowed-protocol-mapper-types','oidc-address-mapper'),('1ec27f51-6437-4914-ba60-3d18f1853ece','a7177464-dab0-40c4-9d7e-3b78c98376fd','kid','f8716000-9805-4f7f-923f-fbbbbab80a4f'),('1f75d491-6d8b-4eeb-8b80-4ab8712a66af','3cf0b453-524d-4302-a5f6-7e6ce198150b','allow-default-scopes','true'),('2128518f-62c5-435a-ad54-3765594030d8','583a8efe-1fa5-4a2a-8967-9c1a33dee85f','kid','7010a915-3bb9-41ba-a30b-6c7dbbf3b1b0'),('247520e9-8b15-4545-9876-631ca7d6dca9','118ef5da-b820-4fb6-a290-a20f9f458397','allowed-protocol-mapper-types','oidc-usermodel-property-mapper'),('25b0afe1-e590-4e3f-97c3-c55a4cf54572','a090e9e5-5709-4af6-861d-752383feeeed','priority','100'),('266c6750-3e36-4c4d-8bd1-c39128868a1b','fe8982f6-376b-4bcf-91e2-77d79fcae6f7','allowed-protocol-mapper-types','saml-user-attribute-mapper'),('27cd63f1-2d85-4414-b409-aa87e555e090','3bc8d692-3dce-4f8e-a89b-7adc402adf75','allow-default-scopes','true'),('2a4c942a-e73b-4aad-bee9-a2441739c230','95c3a5ee-a6d6-42a9-ad57-6001ade908c5','client-uris-must-match','true'),('2a580e37-08a8-4b48-9342-8df81c6609c9','a5108641-8e89-4358-a616-dbeac67e2a15','keyUse','ENC'),('2a6e65e7-6a89-4f89-9d65-54e71b8979d2','2ecab6cc-978c-41a7-9cff-a202ac799ee2','keyUse','SIG'),('2afab978-7cfc-4992-aaaa-956bea06182f','e8247819-b891-4d93-b610-cd536e9a91ec','kid','f9450aa0-9053-4929-883f-67334a998f50'),('2b7a6fa4-b1f0-4b63-8471-debe848bfac0','116596a6-bee5-47d5-835e-1672b0389982','allow-default-scopes','true'),('2c2da824-014b-4bbe-8c0a-62f2d32dd5dc','231f0eb6-d085-47ed-b631-a6e8488fce99','allowed-protocol-mapper-types','saml-user-attribute-mapper'),('2ce11cfa-275a-49bd-a69f-d9896c3bac79','6600eb3f-a225-4026-8324-7edac493e605','secret','5961KI60bGDN2KZH7ILNhQ'),('2ea823c3-4c1a-4a4f-8909-e816eb0c301f','583a8efe-1fa5-4a2a-8967-9c1a33dee85f','priority','100'),('2ecb0477-48b6-4268-bf76-537364ad4a63','179dbb48-50ee-45b2-bef4-4dba72a5a2b1','allowed-protocol-mapper-types','oidc-usermodel-property-mapper'),('2f082b78-9e44-4094-8ecb-6cc3e66d6e66','61a85274-61da-462d-bb82-c6981e983898','allowed-protocol-mapper-types','saml-role-list-mapper'),('2fab8c3f-5c09-40c8-8629-60c9d737f863','2d6680e0-0084-4631-bc22-b43515a9b201','secret','A_SQ22tiWVlXV7yRvtcYc91FHCcjLgCBcfALyMUvPRRvDUu4HDuX15SQTHnXBSj3wHaQpxg4NtnN3Kl-xOCoGbYZiDcLxj7SF8Xa8fP819Y_SrsGv-DJeJG3HT6SRYEUIWTRtZU725m-KjjK3Q2cVgajdtC8e8RZsbTe6myMAzA'),('2fb1208c-d99a-4e09-92f1-b2e04bc8f8f9','59505746-4981-4cfb-bf8c-f3e9fb582d88','allowed-protocol-mapper-types','oidc-sha256-pairwise-sub-mapper'),('317919e2-c92e-4f5b-948f-93cafa82fe0c','271dbfd1-e481-4a53-956a-5360510c1205','allowed-protocol-mapper-types','oidc-usermodel-property-mapper'),('318a2b8b-625c-4ed4-9e9c-f0e642316089','ba88c9f4-7eab-41ab-b206-8b3cd0e05126','allowed-protocol-mapper-types','saml-user-property-mapper'),('32294227-d21b-4bd1-9a98-bc9f0512c3ab','a7177464-dab0-40c4-9d7e-3b78c98376fd','priority','100'),('33e66869-4d5d-4ac3-93fa-6734937f59f9','602b4e76-f716-40e7-ae94-70bfbf49b8c5','secret','ryKTMUhBgu6dbOAg382qow'),('355c234b-7a8f-44e3-8b89-5cd2d2e5e8bb','1b9b8d47-2dab-4cb4-bb63-01b6cae15c96','privateKey','MIIEpAIBAAKCAQEAp5FqYoSMOw94OZ9B+e4XBGCMhx+zFHUU4lyS7sFx6G134sdkZoajqlfNn7k5jZxHmvCKe+sRSpp/RXkA9uowxGNTlF2YzIqppwxBieAGK4pc2EHuhPmdwkWiTuLyt3jOkp7L+CT5/VobF+VUiroOpu31VgmUSc44Vd/unlMkY8b48l+YtIcG2ataFhf1aCpXAQb42FiQk6STDFKxilZeJvaO4uWC5/fSImGQ6iw4++OZQghlRMpD+LlsyV+sM9e1amVOPCE6j05WYtg1fH1jRBFSUNKiYGBxmJUglVB8SA3JFmzNvSKLhV8pUl8zdcwqd8p/RcHvzUddwpWYsMpt/QIDAQABAoIBAAd+/BMZqltHAyISw4UOd1WhCxBNZPm0jiFdMk5/dVzILt2EfXOPsNkhMefkBZTV6ace/RbzilO7yxc8xUQGcHWMmvPPZxM5XcMFC5aDIMuIVkRvWJ/2ua2z50Gfqet2ukj5VRcN8mf4xK8COZC2J4skqH23knxlvwPqb1aCUiWrcZF6SZtxCCKOEPYu5kZmiCy8OkUE1v4BYO+vhEy2eTF90lvQFPc8Zw1sR9bFQ4K2boil3I8Uy1QjsHxs71le0RPQd/oHta0MwJXYbXvQ5tHyOUC3Vm1b350LvTrjz0sA4CoPuyyHjuNvZWz4sLtLcEHY4usjzS5TaKbB156JBwkCgYEA6obeY2BDJZTo1sH10s+y1VUfPZZZKRBiDk+LeWZAuw9d8rQJMtQMOJ4fVG+RsFFyzTf9I9m6hQnGGnhMY7KEX3XPFSivVAF2BgjouqG7iCuCkf9rt+k9eh8h1FwG8d9gbvD7jXubgKj4XulhLlaClORZaVvfcc9a1pD2IOSKz+UCgYEAtukVUTU197PE+nRullsCsBScOKCqKEjrbArH4B/TXpfCL/tkBvadOgwvyfRXJFvx8YOq96NO7fuWpHPsP8SzPUavbtfgYsmfJraJe8AGiviumwmjlzXne4JTgtTBvgf/1Tql/lQbOzyaaKrHE/1e4sN6GZm/4q6x9dXfRBJPVDkCgYEAsOI51u/ilPTDzD4L/wzhz57c6iF8a8lMe4ipJE3n4m4LqKL7ERf3g7hW3uMrGbXEhV2GEkUENZUSkiJLUyJwTmNXZZkC67QSZSjRBvo2q9RNLXpcryA+Wt4iML2cC08zt1kQETy6IwbOFR+mSUG8SToU6a7+TyNaWtyIlnRo8bUCgYAw95tuXylwg98DEfKdLAY/L3VXL6P+Hu9vwD8cQEjs9QHWqJ1xw8n5xVNx5IkDwd22w4Icw8qYqZb9tc8Uj0tQ50CGEyMOL139FjceOx1FTSgpd14lWBf9l7lVuDGZ9zhFVGsl+ExGAoZv6PBc6KLjYGOqwN9/Bze7UaNw7Nnx+QKBgQCRTUMCFAe5o3gMgI3t0V0rrspTavm4lRq7gZNrhahkLsTy1andtY5FwBydcbWCSd29Sgup8xb0+M+qjfhpJJr8XsFGdhU2kv81I2ESGaRqa5ERxRASGQZej1773FjShhmOYhggPmpCzhgYJ6iZKTGd3c7wooInxHZgM6HpRPaTLQ=='),('35a63ed6-c0d8-443c-be32-03ad47c7632b','012a989e-774c-4d4d-a221-f6dcafeb2cf5','privateKey','MIIEpAIBAAKCAQEAungy9jjGyoAcTn6f8bejtRmkiC1Ht4u768YknKoUuzW5OgjkhHDjxyUZ6uE4j7zPnahEJ2ysWm+neGBu7GqJJ4uS8L8P43BLnCXmFfB+Kt6mZ6jnOvZJTGQ6QlSIpw/ikZ8p+t6xHu+BNxe5RNv/Y45yeLl9QWR2uwzCBElc7BN84OUuvUF5srjlKt1ZWf8aClWRDDyVy+UdT4GhRzwj4FebxGqLFhU4fASSVSQJ5jNh1fYkENLMd+1hk2AMyXbKYz1q+f3Ye11pyzUrQgbU6cYgHuwOC16F7YLzVFgn2LntaLYh4f4MZFrlOWF5DH8zy1H1ZAjoyb4zYchI8xlemwIDAQABAoIBAAWwjWy6GCxT0vx89gUEA411YVhVLV2HEkfw7VGpPOWzddnn+ig/LsWqUHHV+nBXitKc/Xgu42Y4OiXWdDwBfWFE0hbhDytZuoZ8TFqtOMq2rXqQ134slD/HXrtPmGkK91cjKKUPe3V3fS70EEKiH3C0ILKluKuXCBDQCr5JVy0BPVL5i+jEqLZeuCranbIp8COmyMZPMlWdiEhYrrsRl1hkJcF4hWQ2SdAUjWFKM4dXeZfUbz7Zyhert0bDD3fwMEPwc5RqvzZMKBaMPoM1G1UdadS6iLMo+jTvZPCXO50xczEkcrtZKe5i8hOpyz0gh6IUlOdCN5WsgXmOFul0/okCgYEA/3fX8TL9bnRzd5QI0+q4Iak6tgW6aW3ZE4ggnsWehhwsKV+5vFLmzato698/gYoNFG8D4wLHNKH6HidupzARKPt2GSa0x5aJRcDf0BJWFQpMrQYifvIHvTgM17m8s9CB9mddpUII8tYYlwMjFH0Q+5Tw9naUUxEv3hy5+Cpz9ckCgYEAutuU2mm27ktdDj5vXerwfixsB3l5MYz1H35cexgFy+gbCqTrvV+IpFnI+V+Ht2OCoBbQx77pgkUExTXZofKX7cPpby8mCUVif/75V1BBjAJ0yKjTg+XnX4bS5jwRjOPdouxYac50XciTIPS6LKBBnCfcEBBteWd7jypA1g8BM0MCgYEAi5sMUO0SfZf5ubEWGei88vgt82ax9gdnhzruyJUqChO/NmTvdTDAnEg9sBhx9fJhL3dzYk0UW3jg3DWkTI0B86lnYls6k496OLosFOLQU/Mq76rYkxLkk8zbh9AihQk+3E6kaDjr9vh0u6GlO/8UlsdP3v/yEmrkA7cjEbDxabECgYAEyjw2nR8jXKs2AkO4lJ01ns3mIycILiTaedLFFQiRAZIv46pnYFuQWvzb56cC/HoMwIj5ldtGi55jr820aROb9Lm3L+45rp2nylF5+4Syoh18R1ekufAEcuBVJpUMl4rG8mgRzkkNXmbnIV7kZfdImXz6rHEh+5UfRmYDFr9hIQKBgQDs6zNJCOGokqKEL9xVo6WY6bCVecdmKVs6eOQbFovfDxuFqKyoB0IAe+Lazav/gxjKcngaW3WFvKBLRv2jnEYQTytWb6BdSJfGColskPmK5ulYUFWWCtYngg1RC3JjqfX6r32DhPk9E7S1vT87THcUxIflOD2Xj8LQXNqvRtNCKg=='),('372f5c9f-9020-45d7-9fcd-13151a128326','ba88c9f4-7eab-41ab-b206-8b3cd0e05126','allowed-protocol-mapper-types','saml-user-attribute-mapper'),('39055765-295a-4e4f-962c-0015a9090b87','583a8efe-1fa5-4a2a-8967-9c1a33dee85f','algorithm','HS512'),('39b43fb7-9c23-4ff7-9361-2ffc41ed5024','ba04e1d5-c708-450c-b003-a6ac4292ddef','keyUse','SIG'),('3a2883fa-d689-4aa5-80da-23f0db608e6a','c922ba15-66e8-49e6-a937-254b0ad66ddf','kid','2f744b3b-0cf9-45a4-9927-8202aeb469dc'),('3a9ba878-791e-4c3f-ae0a-4ad187a7a823','ea5262ec-d837-40a3-92fc-07ea78816ba8','allowed-protocol-mapper-types','oidc-sha256-pairwise-sub-mapper'),('3b479117-6792-4ccf-88ad-4dffdaabfaa7','61a85274-61da-462d-bb82-c6981e983898','allowed-protocol-mapper-types','oidc-usermodel-attribute-mapper'),('3b675d5f-77b1-4499-924a-b8245513957d','92bfa9cb-9f5d-465a-be42-4e89de2b0537','allowed-protocol-mapper-types','oidc-usermodel-attribute-mapper'),('3d9562e7-96dd-47dc-863f-8066ef636fd8','a00ba217-9233-4eb1-b2bd-715db1ff61e2','client-uris-must-match','true'),('3f23b84f-e394-460a-a93a-4e17e53785aa','30e7d425-e687-4c55-acea-304124bd6590','kc.user.profile.config','{\"attributes\":[{\"name\":\"username\",\"displayName\":\"${username}\",\"validations\":{\"length\":{\"min\":3,\"max\":255},\"username-prohibited-characters\":{},\"up-username-not-idn-homograph\":{}},\"permissions\":{\"view\":[\"admin\",\"user\"],\"edit\":[\"admin\",\"user\"]},\"multivalued\":false},{\"name\":\"email\",\"displayName\":\"${email}\",\"validations\":{\"email\":{},\"length\":{\"max\":255}},\"required\":{\"roles\":[\"user\"]},\"permissions\":{\"view\":[\"admin\",\"user\"],\"edit\":[\"admin\",\"user\"]},\"multivalued\":false},{\"name\":\"firstName\",\"displayName\":\"${firstName}\",\"validations\":{\"length\":{\"max\":255},\"person-name-prohibited-characters\":{}},\"required\":{\"roles\":[\"user\"]},\"permissions\":{\"view\":[\"admin\",\"user\"],\"edit\":[\"admin\",\"user\"]},\"multivalued\":false},{\"name\":\"lastName\",\"displayName\":\"${lastName}\",\"validations\":{\"length\":{\"max\":255},\"person-name-prohibited-characters\":{}},\"required\":{\"roles\":[\"user\"]},\"permissions\":{\"view\":[\"admin\",\"user\"],\"edit\":[\"admin\",\"user\"]},\"multivalued\":false},{\"name\":\"affiliation\",\"displayName\":\"所属 / Affiliation\",\"validations\":{\"length\":{\"max\":255}},\"permissions\":{\"view\":[\"admin\",\"user\"],\"edit\":[\"admin\",\"user\"]},\"multivalued\":false},{\"name\":\"description\",\"displayName\":\"説明 / Description\",\"validations\":{\"length\":{\"max\":255}},\"permissions\":{\"view\":[\"admin\",\"user\"],\"edit\":[\"admin\",\"user\"]},\"multivalued\":false},{\"name\":\"service_account_user_type\",\"permissions\":{\"view\":[\"admin\"],\"edit\":[\"admin\"]},\"multivalued\":false}],\"groups\":[{\"name\":\"user-metadata\",\"displayHeader\":\"User metadata\",\"displayDescription\":\"Attributes, which refer to user metadata\"}]}'),('3f6497e5-e2fc-4d37-8aac-4fd7d7541c20','0f0c306c-1c22-4e7e-ae4e-972614451a6b','kc.user.profile.config','{\"attributes\":[{\"name\":\"username\",\"displayName\":\"${username}\",\"validations\":{\"length\":{\"min\":3,\"max\":255},\"username-prohibited-characters\":{},\"up-username-not-idn-homograph\":{}},\"permissions\":{\"view\":[\"admin\",\"user\"],\"edit\":[\"admin\",\"user\"]},\"multivalued\":false},{\"name\":\"email\",\"displayName\":\"${email}\",\"validations\":{\"email\":{},\"length\":{\"max\":255}},\"required\":{\"roles\":[\"user\"]},\"permissions\":{\"view\":[\"admin\",\"user\"],\"edit\":[\"admin\",\"user\"]},\"multivalued\":false},{\"name\":\"firstName\",\"displayName\":\"${firstName}\",\"validations\":{\"length\":{\"max\":255},\"person-name-prohibited-characters\":{}},\"required\":{\"roles\":[\"user\"]},\"permissions\":{\"view\":[\"admin\",\"user\"],\"edit\":[\"admin\",\"user\"]},\"multivalued\":false},{\"name\":\"lastName\",\"displayName\":\"${lastName}\",\"validations\":{\"length\":{\"max\":255},\"person-name-prohibited-characters\":{}},\"required\":{\"roles\":[\"user\"]},\"permissions\":{\"view\":[\"admin\",\"user\"],\"edit\":[\"admin\",\"user\"]},\"multivalued\":false},{\"name\":\"affiliation\",\"displayName\":\"所属 / Affiliation\",\"validations\":{\"length\":{\"max\":255}},\"permissions\":{\"view\":[\"admin\",\"user\"],\"edit\":[\"admin\",\"user\"]},\"multivalued\":false},{\"name\":\"description\",\"displayName\":\"説明 / Description\",\"validations\":{\"length\":{\"max\":255}},\"permissions\":{\"view\":[\"admin\",\"user\"],\"edit\":[\"admin\",\"user\"]},\"multivalued\":false},{\"name\":\"service_account_user_type\",\"permissions\":{\"view\":[\"admin\"],\"edit\":[\"admin\"]},\"multivalued\":false}],\"groups\":[{\"name\":\"user-metadata\",\"displayHeader\":\"User metadata\",\"displayDescription\":\"Attributes, which refer to user metadata\"}]}'),('3fb23ff4-acf5-4a87-8231-48f5724df480','cebe39cf-d06b-4982-9f06-9e9ea6498294','privateKey','MIIEowIBAAKCAQEA0X5NlLY0Nj1N15EmiC7wgttsujudxP3ddHr3gerMMelQ8KyVCifuoxnktAFGeE4CM9NXhSteirS7xpI1Lj7ho+DeyLGNre8dPqwbzSCdIE2FvGvMCU6lpUkn/rQztPz+V5XC7v1Y2t9aEVv/D+3PZnaFCSwfWs+x/kCzb3EvXi7MDSjHq4odQ0TQQulGsugJXqkoHTXjqNpeTnhFYSZh9UGR5DVAyKUGexP4d3bWifYfZm1x2qW0h/Ei3tVQIF6sX7B/3go5xQPi1ntWNAsfybka3ggHBTCp/GJHo34g85qfIjVzb3eS4CbhThWR4L7HfZKWtBc+6xuuuT19Pu/7jQIDAQABAoIBAAO6kknv1k0S2URZfoyU/U3u9uf3sK61cBAnMimbUsgepYSrJbn5DPvVNadokGcKyGpAvEGQDI4+eksmBhFNKDoBAiYjVui+JVCcwp/rkTBmgNdiOc7+md8vxqj3byYtDJ/leANF+iNnL1S4xPj1HChwOpz3rpUwtjPW1frJUnUEKvna+iDpzDNZ0QR4OB9NGT5mAdss8RKWWA/A5b1e89M20ldPUebIvnMPpVu3nLcQlEt6GrYvaIPQoh3MGTSpHarJ6+FEdXOT7MXqlwTKCg3WYcmp08NGM1mJin6Tj8i/AMx1KpXTGHTnWmK4bq+7sG8f/LI418H7PGQT4/YVtVECgYEA63fG803gCxs7feWvU36Z4a3vNIl6XnzvnLqUGI9W2jRIBsJGm3D0/e0cT7AN5ofsZxyo1+ojFuxzV8/3Pl2xkPeZqVQZfya/BpKNXGX8mLWwONrIGM+kU8zmZPgD+OvEhEikuyuBjpHY6NN18XR9toi8hvnzPIj4kCDZRHV1xGUCgYEA48K1/vcVQIohmdhmsx4XY9KwBRgAYEvBy1KAUoH+q9GDBeQ6iFnZrfXcWq5l4UPry15rWXbnMbGf0xVnc1z+5MgxdyRdpI3yRDbm24vEYnSccTNJRhSjIh8MZJB4ppdo6es9UMrHihEd9IM48JlhZl35iyCesRyt9Lgmw7XohAkCgYBvZsWriqZ62rF0yNwAJp9rFD1dn8VTOsyqW+OBEx/GMIH7IKMDG5ftIucIFIUfEiOYTQjczhs31zpiyzNwQCeoLFx4rh859vzdgSx8EIxHO35aB7gvdN2MAB7omiZW+ESLSUsWemjbKMl0rcbZK4HmgB6hxVN8yli+56ujJedHuQKBgEtXSnrH4xjRWKIaioZvys7zj9RvhxhTlwyaAubIJ6VQjeXyBEa8ahx4euboT70/iY1hc2NJyNqQZk0eBHWN6qdlba96sRtQ9TYJbz5qspDbADEWBQQQqZIM8T2G6NI6vbK7ZTIHkhAi72TFz50PL7/8ECMsrDHsScLs863Dy+F5AoGBALUrwsOzy5+xkgomejCNV0qtB8u9tWmmTvxQ7o4igWXxqUipKnuahTrTV+lUjxEh/qC/gz/YF47ajd1C45m8DBDCgsXVpuCTeDzLh7kSxa1d3jM8diaz3aJQwsQ86fkhR9gLgkBZTvyJgwPAjLSXJ9bT5g0wYTyTBH7XyaFnigr9'),('41e7a214-cae0-4d59-b736-43c6a8ba4d85','fe8982f6-376b-4bcf-91e2-77d79fcae6f7','allowed-protocol-mapper-types','oidc-usermodel-property-mapper'),('4313162a-b47c-4d18-b60f-ec8ff8322baf','179dbb48-50ee-45b2-bef4-4dba72a5a2b1','allowed-protocol-mapper-types','saml-role-list-mapper'),('44187c0c-50a7-4a80-9c09-15b99b9956b2','cebe39cf-d06b-4982-9f06-9e9ea6498294','algorithm','RSA-OAEP'),('447db002-4f3f-4a60-9957-1db005d6a9c2','fe8982f6-376b-4bcf-91e2-77d79fcae6f7','allowed-protocol-mapper-types','oidc-full-name-mapper'),('48c222bc-2533-42cf-b28a-320c0044758c','ba88c9f4-7eab-41ab-b206-8b3cd0e05126','allowed-protocol-mapper-types','oidc-usermodel-attribute-mapper'),('48f6cb92-5888-4fb6-997f-de49cc96226f','231f0eb6-d085-47ed-b631-a6e8488fce99','allowed-protocol-mapper-types','oidc-address-mapper'),('4a0b13a6-71d9-49a7-acf1-8427fc12d95e','f10d0893-e71f-4533-b8f1-d6ff550d6e1a','kid','d9255eef-894d-4f8c-8c4b-b89fa30a534e'),('4b05a889-adcf-45db-b17f-762be9eada67','118ef5da-b820-4fb6-a290-a20f9f458397','allowed-protocol-mapper-types','saml-user-property-mapper'),('4b475608-6825-47bb-b9d7-0ad6e90ef015','0f7f76c0-9d52-4e26-9a28-8aae8f3b4215','algorithm','HS512'),('4bb81ad3-6ad8-4352-bfd3-4d8f37a9751e','ea5262ec-d837-40a3-92fc-07ea78816ba8','allowed-protocol-mapper-types','oidc-usermodel-property-mapper'),('4c091792-eb51-4e2a-9b98-997e75edb076','f10d0893-e71f-4533-b8f1-d6ff550d6e1a','secret','qgpr8mDdaZ1r4SkuyDjBGA'),('4c67247e-7c2e-4c95-b229-409824aff400','94572282-4900-44d9-b6a6-a9b5931ad242','keyUse','SIG'),('4e7fea97-b994-4f01-bb6b-21624bb91049','cc5f95be-d91a-421e-a502-e6e6f5d152ea','kid','bb35bbdc-9169-40f2-85dd-14069dbd6540'),('50706f88-7cac-4e85-95c6-ae5adb2d0c24','0f7f76c0-9d52-4e26-9a28-8aae8f3b4215','kid','25c1f0be-b4cf-4556-833c-19ac41b39495'),('50de6936-73d6-4272-ba85-539a43d9748a','72009b9f-ae8d-45e7-9ceb-a227df5e1e43','allowed-protocol-mapper-types','saml-user-property-mapper'),('51ce9f91-ea3b-42b9-8124-fe579ddf86d8','92bfa9cb-9f5d-465a-be42-4e89de2b0537','allowed-protocol-mapper-types','oidc-usermodel-property-mapper'),('536a6ae8-29b1-4fdf-a892-790f580f171f','699482cd-4c4f-4af2-b6f3-4c14cb20b260','allow-default-scopes','true'),('53e454ba-d1a7-4425-91ce-37cc424adf7c','6aa3537f-f31f-4ee0-ba28-18b16b559389','keyUse','ENC'),('53fe64e8-0102-4b17-94a8-8c6aa92767df','231f0eb6-d085-47ed-b631-a6e8488fce99','allowed-protocol-mapper-types','saml-role-list-mapper'),('55776e85-5ec4-44ac-9114-d62147113b49','3f168b0b-5f39-43b0-aa57-13234b7d675f','privateKey','MIIEpAIBAAKCAQEAty/vg3gTsnsPRmoHNT84WEE0qrno9ir1VNgvXYEsqpPlPOlLQgHL3rMGRwp+VMvK/uZROkG4BnAVZlFng+LWZbQR/4+u7m0cURgtR4wyIFeOLaXOQ3f9ItX9ytaeFOqOoY3HVx4ZhomG46EMmtiih2W0MygEjs2Jym1ndM4gKHrPBAj4CtIWF9BIzWhuEFuB2KKaFglCoZ//0KADlpbnsuy4LcmwMnVa3ZE+KneqxaCFAkWHKju4rSl76FaD5P9e9gbXvCDihR9WzTNi+8ZwSZU/m6AN1MOcGP4qm/A66yp74NdTBGUlsDsIGh9FlbMzUdYRivwyZAXMDWFmoH+RXwIDAQABAoIBAFnQgtoukVm8xCx957LPoEyFC9F4/SNUxJwosnBh2Qh5IrfOmjturgouNDG4j1/72zdGrSSm/BcL9TIJT3t2SC/tLbXjOJ1lmbCY7fpaXmlFBEyVMqAZwF7IFHrS5wbSScQjw0yPUWyJGT2ZxJhXBrjjwIokYLezRo+dPFAkj9fIKcUFEhnSlB6JQQqJ792qTfyz4D5Nwn+8y3JVv+mqXnRwOeoftBzmYDBbi1y050FXwwi9Rodm0VGMMFon+Q1EKsqQCtNpjWzsop0tEsB9TAqw6Qpp9l7P/SIMEN03m2q0Rad/Zu8FdefGvra5+SnqgmBeD8NuOQ4HUd1pegaBieECgYEA5/ebfxc+ExAbAVREAMuOPHgVQuci4dhHMGfshCrEpgQgpnoU+Twtx/zVdivnGGxOuQ43wku02zxAXC+RlPvQu/9e8r9EmI7m0WOhUTP2z78gNXxz+fXLFTH2AB2f3iJgeyNJBNU4DI7BaOWxjNCzfT3hNdJZgTZWWTu6Agpg5nsCgYEAyiqNebmiwGJU0QT9Vjsg3W4MrgHzBgNSSJyrUkzLiAazetFMhMOnCxBxXtOCGomDOMfJMZls0ppT5neYc3lgq3Nd4nl2p0j3i3we3YDvXSu8fa63ThawqfEPmZvaMFdW7DgM1gVEEWih4ka/Xq2T/kTnL4YLWDMRcfPizORsnW0CgYEA5qLpJ2broDaOMzceWhAJ/xOCSD/aDeVlerqJjiub1FkcQYn2mox8FHDNqK4kGsNtTk/Vnsh5LNXuQ/pD7HanZpSVShRkVq8WzjAaL8vT5WDp3GQ+R9RcNFm1dw39avaRKT2/FyAMl2fE49AlRZYoMCk7Z7Earv9gwV5CJk89Y0sCgYEAkFxedgN3EkWlJzSW6pKCX1wMNd0yeqK4iR1GwRgRZmrSkusN5ugHSkFNk1cZWnXDfDI9muth5+lH7BSOijasLwHMksIFVmMmUTYqnCVLx45JpL20K1DMii2W5CuEXGyhp0BG+jT8bCn5HylB0gvE2Ba/txHS3AJrfKGY3JJodOkCgYBOywmPvKHBWJYimmDuDNnmRZrIxQmSzJhIEWdVJ2c/LE/VrmAENHjwfd5eK4rd3ub6VzrhKgcU2ka5NpWj0pE+uCiV9azS7Vb7KH/UKB8A9GEwT8iSDRUmm1liZbq+choCBwpzOAZRttZ8fBsfy5o2ZtNv+eytzBQJHbWsVoTZAw=='),('55b57947-ce3e-4c25-ba35-1e2070f31be8','f10d0893-e71f-4533-b8f1-d6ff550d6e1a','priority','100'),('567ab9a8-8bef-4474-8a9a-127f2c478d31','012a989e-774c-4d4d-a221-f6dcafeb2cf5','certificate','MIIClzCCAX8CBgGYwWH3LTANBgkqhkiG9w0BAQsFADAPMQ0wCwYDVQQDDARvcmc1MB4XDTI1MDgxOTA4MDkzOVoXDTM1MDgxOTA4MTExOVowDzENMAsGA1UEAwwEb3JnNTCCASIwDQYJKoZIhvcNAQEBBQADggEPADCCAQoCggEBALp4MvY4xsqAHE5+n/G3o7UZpIgtR7eLu+vGJJyqFLs1uToI5IRw48clGerhOI+8z52oRCdsrFpvp3hgbuxqiSeLkvC/D+NwS5wl5hXwfirepmeo5zr2SUxkOkJUiKcP4pGfKfresR7vgTcXuUTb/2OOcni5fUFkdrsMwgRJXOwTfODlLr1BebK45SrdWVn/GgpVkQw8lcvlHU+BoUc8I+BXm8RqixYVOHwEklUkCeYzYdX2JBDSzHftYZNgDMl2ymM9avn92Htdacs1K0IG1OnGIB7sDgtehe2C81RYJ9i57Wi2IeH+DGRa5TlheQx/M8tR9WQI6Mm+M2HISPMZXpsCAwEAATANBgkqhkiG9w0BAQsFAAOCAQEAPP345bhwqfJG2H7gwKwFhzRR0KeDOjJ8JHRRqgd4IJOFzI3BYOEOlzzK/8f/4cXbC9HsYEIf/2Ti7H6twIQTXFL5i7T5VXzBM1uRIW4SlUMu+TSeo2Soky9kyyySys+ehYwd6vWOs34tD2cTXoEFAz71JLtdqVhRz9tfppdZ8f0nEwNzk/dYsN5aHuXr55ULQNJeHDufrn4FtdeZeqsySD8Pf/5CCKuSwdExFZMZF97fZ98i6yAShkWOTZHomW/C2/1+mEblNOhXrMlf2DePp2b9DmWnD6Wf1wImwN1TjeFg46FA//1XLC6fCuHo8qRlTdZhfpSCXY+lFirXZcWmBA=='),('58b204b6-8e32-4270-af76-3b757116e2e7','e8247819-b891-4d93-b610-cd536e9a91ec','secret','7tsgkxKR0Fk8IkHld1jYRA'),('58c75abf-391a-4d45-8ae9-b82cf11767e1','583a8efe-1fa5-4a2a-8967-9c1a33dee85f','secret','ePc5PkcmCA39BemnwPZwZ6n6T9I7xNEB2SiOP-dL7Nu6JZOl5G8YEgiyDPromw82WgHmA-w6dB0hudt6ScTJeUZGzwbCBU9ZIy8BqeQiMMVWhCNMXjY_CKY7rS-7zhpT2ggGi31vjwTmlh6sO1_GnBUoZYHePpSCQH7v_zL1Yok'),('5a5967d2-e51c-4d6d-b0cf-a3aaf7e37ae9','59505746-4981-4cfb-bf8c-f3e9fb582d88','allowed-protocol-mapper-types','oidc-full-name-mapper'),('5ca81e7e-7e3e-48fb-8bac-c41688690468','a090e9e5-5709-4af6-861d-752383feeeed','algorithm','HS512'),('5dfb5133-6211-46a9-bf4b-6ce96f8fcb87','cc5f95be-d91a-421e-a502-e6e6f5d152ea','secret','oZq3YtAH6S1inmrNYAFt6w'),('5eb33872-d27d-4e63-b3e4-9fe8dd84e59b','012a989e-774c-4d4d-a221-f6dcafeb2cf5','keyUse','SIG'),('601e6895-3a54-47d9-9abb-22ee37688f8c','a00ba217-9233-4eb1-b2bd-715db1ff61e2','host-sending-registration-request-must-match','true'),('60fc75d9-768b-4448-8483-b0930676f44e','2ecab6cc-978c-41a7-9cff-a202ac799ee2','priority','100'),('62607d50-be31-481a-87e6-e9d334e258cb','179dbb48-50ee-45b2-bef4-4dba72a5a2b1','allowed-protocol-mapper-types','oidc-sha256-pairwise-sub-mapper'),('66825ce7-098b-4b21-96a9-a0ab8b554809','a1478aac-b9ef-4b3a-96ae-6fb6f59fac7c','allowed-protocol-mapper-types','oidc-sha256-pairwise-sub-mapper'),('67d169eb-0372-435f-9417-bdd1a1953c35','3f168b0b-5f39-43b0-aa57-13234b7d675f','keyUse','SIG'),('6823ae59-00c4-4570-a4a4-130899493bd2','1b9b8d47-2dab-4cb4-bb63-01b6cae15c96','keyUse','SIG'),('68dff475-6983-45c6-8bac-f7a0b033043d','59505746-4981-4cfb-bf8c-f3e9fb582d88','allowed-protocol-mapper-types','oidc-usermodel-property-mapper'),('6a0f74ea-b5af-4424-99ed-7d81ff2a6da2','2ecab6cc-978c-41a7-9cff-a202ac799ee2','privateKey','MIIEpAIBAAKCAQEAp8yHWDRCKbDmFXb8JSHCXfXcSfMDBP/auHu8nkh5riWFZ9wWf2slxl8h2LJ1W8Z0cy9CutwyuA9Wy6xZ60qJnrdtBZUM/x+xtbnWzaeGbpahpHUyS6xiWDb5Oi1+TMWEUcARy7nBPbUIdvvvw++AzFwp0S0x7q8D4ZGtsiwKnE7NxA0extDPOXVjxdHx0lTS1N6+rSQZgy24vQYuJGtbLbcTpNeqr0+703wFagow+Rxthm4uk9mmpWi70ynCvGy4X7+AUMJ7Locv1jq0KcIEgzegAdU0YoDq9LOeIdRdpDsA+0PAAEGectIZ1paSnmawQ+dfmcyBSFgcGUu2fnZqOQIDAQABAoIBAAjdrOoLatKGmwWX0ZdJqxopVzAeE7MELMOSICNx22II7/1Omu61E9whIynutfY5LGZ4oQs7/r8Mam7dBqxAtjhJY0yH9VWWkF50eQXJO/hkY5qLqbJnY5PbJbx98l4ukoD6R8ZupGf1BIM66Q5+fVzu4rO/clO08hzNRHL1UkMzbdJf53e5S+aczCZXMm0B+yOaFafUoMFiMb9vS0kSJ6qv25/voJnYQyQPuK2QjyM2SRzilqkDkwVS4ka8aVh6zANtYpqGcMucxJ2pExIBXEkQVRLoW+nvQ4sSB/YNm0k6otMf7+lsnSxVN8x3b4bUNK1xbpuPMi7tvPYmamlFTEECgYEA00FxA1nSGZCAh3ct+wnBecOHTvSotF4Ll2H2LOWJl4N+LdhfpAm/5pEH8HlzD4QUIexDcvm498Ue70alhjzKuRWxGcn1fbeDyx8EbV9zLs5hwNLhPaV+2zaJ+Xa1hZBNG+tjpM0KiYVRdxLI9EBcN67nKDDJR/VCflWq/M1ryCECgYEAy1bO6JI3roOWv0eSs0CIixfxFIjeauRpXszbDhBdtVWSKcYXnnHlJiIZ1TpttxIew7A4VSDBOAXxqt10pkzLrPO2wSvFhJq8Lqjt9MvdlwnA4lN/aIzBfE1lW4u2vpWSG2sC5+vtM0ehfOF3+LoQ8HwnAd4FVNqopuvWD6O3/xkCgYA9qv3Nh5vQQKF0afLvNELZQ52tC7hvpoBluX/+TSckJotf4KjSntH5AV868IkI/3pNCMYLuyAmm9FS8eGB1R8sdkuThqP2BesgETbeop1iDXb1rdl4gGYOodYXD3MfwSbxPn6A7iXkTRmh08b7ngoNay4pSkyHh+3YKTPXxjNvYQKBgQCnSHdYZlJgw+kU3DEYPxMWO1AecKtqjRcS4r2kSFqPgCKLM2ji9Rhr0sol3be9UK72ltcBUb0j9d/njeEVn0BAvQ+ww+3vNc1zJY7+QWm/hEqm58J9pK7ZMGMeeUaSbEKTQ+pUGog+E8QLFQK6IXkmHz2ID7ubH3h4OrUUkMAioQKBgQDLi5c/xX3J7SpmQI1PrCOvcCivCE4woTfW+OBD3fwzk0T6mA5ZvVi7yVTvquQsc4NX8WaUVxRe3XgJv5oce4bHaeCnVa2we3hKx+5e41gTKfzJUzIy34djX1ZESVU+E6SAwdRey0GzduYc8jgH1eyAv9cG9O0JCuz8voh6YNKLfA=='),('6c65e229-ed0f-48cb-a27a-588794c0b460','61a85274-61da-462d-bb82-c6981e983898','allowed-protocol-mapper-types','oidc-sha256-pairwise-sub-mapper'),('6c953516-8ef7-44b7-8b10-aca8204ed83c','581c82ea-398e-4c5d-8030-7fe10b505e28','kc.user.profile.config','{\"attributes\":[{\"name\":\"username\",\"displayName\":\"${username}\",\"validations\":{\"length\":{\"min\":3,\"max\":255},\"username-prohibited-characters\":{},\"up-username-not-idn-homograph\":{}},\"permissions\":{\"view\":[\"admin\",\"user\"],\"edit\":[\"admin\",\"user\"]},\"multivalued\":false},{\"name\":\"email\",\"displayName\":\"${email}\",\"validations\":{\"email\":{},\"length\":{\"max\":255}},\"required\":{\"roles\":[\"user\"]},\"permissions\":{\"view\":[\"admin\",\"user\"],\"edit\":[\"admin\",\"user\"]},\"multivalued\":false},{\"name\":\"firstName\",\"displayName\":\"${firstName}\",\"validations\":{\"length\":{\"max\":255},\"person-name-prohibited-characters\":{}},\"required\":{\"roles\":[\"user\"]},\"permissions\":{\"view\":[\"admin\",\"user\"],\"edit\":[\"admin\",\"user\"]},\"multivalued\":false},{\"name\":\"lastName\",\"displayName\":\"${lastName}\",\"validations\":{\"length\":{\"max\":255},\"person-name-prohibited-characters\":{}},\"required\":{\"roles\":[\"user\"]},\"permissions\":{\"view\":[\"admin\",\"user\"],\"edit\":[\"admin\",\"user\"]},\"multivalued\":false},{\"name\":\"affiliation\",\"displayName\":\"所属 / Affiliation\",\"validations\":{\"length\":{\"max\":255}},\"permissions\":{\"view\":[\"admin\",\"user\"],\"edit\":[\"admin\",\"user\"]},\"multivalued\":false},{\"name\":\"description\",\"displayName\":\"説明 / Description\",\"validations\":{\"length\":{\"max\":255}},\"permissions\":{\"view\":[\"admin\",\"user\"],\"edit\":[\"admin\",\"user\"]},\"multivalued\":false},{\"name\":\"service_account_user_type\",\"permissions\":{\"view\":[\"admin\"],\"edit\":[\"admin\"]},\"multivalued\":false}],\"groups\":[{\"name\":\"user-metadata\",\"displayHeader\":\"User metadata\",\"displayDescription\":\"Attributes, which refer to user metadata\"}]}'),('6e241897-1d44-49bf-a19e-917367910043','118ef5da-b820-4fb6-a290-a20f9f458397','allowed-protocol-mapper-types','oidc-sha256-pairwise-sub-mapper'),('6eb50ea6-eea4-4fa4-8d0c-b2f85a6842d3','dceead9c-80b7-4d64-8205-08fa52967883','certificate','MIIClzCCAX8CBgGYwWFFbTANBgkqhkiG9w0BAQsFADAPMQ0wCwYDVQQDDARvcmcyMB4XDTI1MDgxOTA4MDg1NFoXDTM1MDgxOTA4MTAzNFowDzENMAsGA1UEAwwEb3JnMjCCASIwDQYJKoZIhvcNAQEBBQADggEPADCCAQoCggEBAPZl78G4mFKOJ/SRK6jodBu2OYieaYFaXmGBKAivZvyCsqJqWYC78bbGIVxxLaKjRgLLaezLE0RuH/Xr7/rQwp/ivCl5MfRiIKxULFSTJK4fvfeiWPnjMaM0qg9Gc4XobXAsfNP4p9nshbU21JulxkO+jhSthLejYdIarY4mRbvZegn4IKZZOCfJOY1OkTSldBYSJ18uh7Sn4SaEPC7NTXO0ftP15satOVZy5Up5v8GMrdtTcwOCETvSl7zwnI9qDs7LH1J+Q8+682lin5IKfyi9jxvlzfHkPl2D0oK/WhxsvKoNuf38lYpbL01i6FnKh7/sHIsBl5JCF6/uwUV1JLMCAwEAATANBgkqhkiG9w0BAQsFAAOCAQEANRV4VvhAZyCiVRTgpwyV8g9Eh6g4BDNuF2gZuz1AQ7ztPIOzTTDvsWbOie37WM8ToyIifvAjqihK8ceBtyTCJEmr5VbDWYecGPvr9jHGetPzAmD3RrYXNQGcT973Ag4SatUT214MeH8rASdQYGElTviQxloMWWNJi1KaCwnXn5MBYZTAQ8KmEBLX/VZdMOO0euZ8UuPYi+TXa0qD0tvEEimrkinGFW7YAZACWc+hyNzXMwK4QBcVY6d+Q0I/fnyjrif0Q1SH9POJS0+Px+irV4fIY0QJROw45tuUlLcilXqur3XU63VJeX04VCwzw9Y23puVXCm4GnDSQFgAUupOLA=='),('711bc5a1-9bc7-4426-aea6-59ad8f8ca667','59505746-4981-4cfb-bf8c-f3e9fb582d88','allowed-protocol-mapper-types','saml-role-list-mapper'),('72b9ffb3-01cd-4183-b2b7-e990e0c3eae5','231f0eb6-d085-47ed-b631-a6e8488fce99','allowed-protocol-mapper-types','oidc-sha256-pairwise-sub-mapper'),('7391587d-6766-46c8-b74e-efc7dc3a1caa','72009b9f-ae8d-45e7-9ceb-a227df5e1e43','allowed-protocol-mapper-types','oidc-address-mapper'),('7395aa0e-72b6-4aa9-ad5e-4d081cbfc770','e8247819-b891-4d93-b610-cd536e9a91ec','priority','100'),('73aa9714-7b09-4031-b96d-fbb78233299d','e3602926-358a-4b5c-8cea-d1c56995e02f','privateKey','MIIEowIBAAKCAQEAuAmkW5Ijwry083sLhaxqEdED7undrAsY6BoBMDPNjagRnPLposR1JVWBmDEkDLwSyCVpvHk5mg6Y8F9xAVjfNwLZDSMMt+41/BJjE6x9SfNDfCOJ5/FymNVnYEUmwcYA+MTlXqFNkVumff+b8REfFqDyL8UD17rNr+PXdX0ETjq636ZqAHTp1ly2fmx6MtOfVidAlDVvP9TPjTpUIZSwA3ElEXp8WEBSicS4uMx3+v9gbb4m8vksPDBX5zjxL1MYzBHGXUdBgp1RKvucX2pnEfweCwZPJAXawoov8dkEyM63tUCuPIqiKp8Imdrs2QTmTYNJlFTZz+KZ7SE5BLMSRQIDAQABAoIBAELcreve4kMj0BINiBgelcK3T1iDetfAiGH64Kekim+Gui9tSVirS2wu7pBeehxuT9yLSykAWd8Qopvh8OpuYVpZHIZbT4mbb92OyJQjPLmbOc9mEfpEjD/eeFpPhU8tIrk+v55ruASxaYGpVfx1HfhYrOSSDV1ZLtVST7sNmnzY15BLUlyDLybdWJgFjnu7luNnYIRjvUeL8GJstkfnTNvhzni7M4DzgTWAH16ItNuy6wvNCzb/YYKViqT45PFC/ScMl3ebks4B856bQXfqaXojCdYak8lalYyYCL6+kSyQMV6GQRajbbHHI0cUaSqepRuo2VAlcuFYHGt7jOq/b5kCgYEA5MC8cFVIeSSJaXim+dSIRpq4mdP8Mx6Ddb67xYs1kcZVPIDq53oh0ZRmm0jeStKARuwBqcZnGqkVXrbB8u2K8B8Isq+ABi+Sb+F52cEfNkpOln/ASH0f5Vp4bqi8byalIwRQDS/jNdPGkc4U1mNthZ2YDmr6TAuymfmJQpkYXWsCgYEAzfVsjzTNI9cg9MHXEH4u7wgL7eigQxVexRABAvVFdMciHoLo3J+Y8X9R+kWWytxrVHC52sdYzJdwEkHHt/BIuWqBk8uBqcrwMrcUZGuL7D4BptdIwhPq2gqTiUKrAOcREUZv065E7ureACiQphITJ7iQUzac/R/0PnH97Z9GCw8CgYBrfPFO65QJcJStHceAP1DltFAn4EdykdT93+kFsxsx63sj2gQHTwlTHKN2NjBWAkHKkZ1adGMAURE8ly3dg6c0m7CPng3PWk06Cz4hhzCuZw40g8ULitgRAojynpEkvYj9QkqHV8gxA9kbrDV4Y/ITxfCsXbJNR3XeCjZoN94ODwKBgQCcKebyfrq83jWi4AdN/h9gJt3Euoop015UVVovAAJ2FTeNov0lq+2vzzY9ad54WsEW+ZIyjMyL9JeJgE8K7Sp3TIaLpdbfA301NxRDQDiMHEfsVXhZj/iW80YC4YX/3TRXwOyxuIWUEonZ3Ogww6u6hnsIXXSTiVMMtiovroDRiQKBgC48p8xknkIIMIhxfnepZKwm3e2Lg4Eu7VUjA7Qhed6MTr7smpHzKOyel8JLlC3RMrjT1IPYmYB09VNIUQVtOflxcU9t2axFidAkGRWRmYit5khVWOMO/15eEgMQLiULtL3oDOMsoI4WAPGGLQpYi+e4fGcgVuE3OzwH4TjFvRmA'),('73ed9552-1e5c-4167-81ce-6f202b016007','72009b9f-ae8d-45e7-9ceb-a227df5e1e43','allowed-protocol-mapper-types','oidc-sha256-pairwise-sub-mapper'),('75b3c73f-ca9d-488f-bff5-43f8a1e5e8e5','e3602926-358a-4b5c-8cea-d1c56995e02f','certificate','MIIClzCCAX8CBgGYwWH4BjANBgkqhkiG9w0BAQsFADAPMQ0wCwYDVQQDDARvcmc1MB4XDTI1MDgxOTA4MDkzOVoXDTM1MDgxOTA4MTExOVowDzENMAsGA1UEAwwEb3JnNTCCASIwDQYJKoZIhvcNAQEBBQADggEPADCCAQoCggEBALgJpFuSI8K8tPN7C4WsahHRA+7p3awLGOgaATAzzY2oEZzy6aLEdSVVgZgxJAy8Esglabx5OZoOmPBfcQFY3zcC2Q0jDLfuNfwSYxOsfUnzQ3wjiefxcpjVZ2BFJsHGAPjE5V6hTZFbpn3/m/ERHxag8i/FA9e6za/j13V9BE46ut+magB06dZctn5sejLTn1YnQJQ1bz/Uz406VCGUsANxJRF6fFhAUonEuLjMd/r/YG2+JvL5LDwwV+c48S9TGMwRxl1HQYKdUSr7nF9qZxH8HgsGTyQF2sKKL/HZBMjOt7VArjyKoiqfCJna7NkE5k2DSZRU2c/ime0hOQSzEkUCAwEAATANBgkqhkiG9w0BAQsFAAOCAQEAHnupiPannvwFe9/8bXKhhVql4dVqLU6X1jExnVr5axWOrEBgm47eWDHg4T01n+8uIAWcgYgZweIpRWutPpPsOiM1BuZZ2hMCHCpHLNiWITBHSZQNcsfbFpq+ayV4sbk8rnO8QmewPwiOg554qlXjWBdjdiUpFvcVfjWlyOVO3LnMtnaOZcs/87UJn6fKl4CwiPSTBoncy6YKB9NKhY5nSWnjiKcMcmJMWVAM7qts20dsVcG/T/7AtjdZNTrIAJi6Nx0jIULp54FuVAe6XBAQiSmo4/qQ4O92DIvyvo09zHM+ft/2APDxi8dbnTScywt3NY0+9sLAA31Qxc/wf/KaSQ=='),('7791b9bc-bcf0-42e1-9646-89dbae75ca0c','2d6680e0-0084-4631-bc22-b43515a9b201','priority','100'),('77f5f23a-dcb4-40cf-92e5-024d2103739d','92bfa9cb-9f5d-465a-be42-4e89de2b0537','allowed-protocol-mapper-types','saml-user-property-mapper'),('7a8bafda-577f-450d-a840-91b2f7661030','ba88c9f4-7eab-41ab-b206-8b3cd0e05126','allowed-protocol-mapper-types','saml-role-list-mapper'),('7c792d8f-af60-4953-a387-69c3a202f609','5aa7ef84-a2ee-4201-9e06-c2b60f38682d','host-sending-registration-request-must-match','true'),('7c7c436b-eac6-4805-b25d-f5a84855c8c8','0f7f76c0-9d52-4e26-9a28-8aae8f3b4215','priority','100'),('7cba923e-fecf-4aa6-b652-0c9ec9c6065b','92bfa9cb-9f5d-465a-be42-4e89de2b0537','allowed-protocol-mapper-types','saml-user-attribute-mapper'),('7d370b08-0341-4b0b-afc2-bc62fb504f96','2b4c9f1c-5ed4-4c90-844e-d072bde2e0d2','host-sending-registration-request-must-match','true'),('7f7adf9b-6d7e-4058-9110-8f9e57c4e6ef','e3602926-358a-4b5c-8cea-d1c56995e02f','keyUse','ENC'),('80355fa7-f364-4dc1-b1b7-4c7606ed90ea','a090e9e5-5709-4af6-861d-752383feeeed','secret','64oKcNBcssFVN68SYc8Sz-ye-qnRmBSgBMu1k7v4KUhroybbwM7W0ZOmu81lbsH5RDO7GegIsJbLjE5XcvnWc1IDSPtTIo8TOyVudfoCCOf2unJjo-FXT6L9vzhljbgakqAdC6CxWvM1MRzqMCTj_dvIl9pBm4ajzqJ7fAfbHHk'),('809b9960-beab-46af-9fe0-0844b254b99c','9aa0de3b-a047-4070-94a3-c8d3770c0da3','kc.user.profile.config','{\"attributes\":[{\"name\":\"username\",\"displayName\":\"${username}\",\"validations\":{\"length\":{\"min\":3,\"max\":255},\"username-prohibited-characters\":{},\"up-username-not-idn-homograph\":{}},\"permissions\":{\"view\":[\"admin\",\"user\"],\"edit\":[\"admin\",\"user\"]},\"multivalued\":false},{\"name\":\"email\",\"displayName\":\"${email}\",\"validations\":{\"email\":{},\"length\":{\"max\":255}},\"required\":{\"roles\":[\"user\"]},\"permissions\":{\"view\":[\"admin\",\"user\"],\"edit\":[\"admin\",\"user\"]},\"multivalued\":false},{\"name\":\"firstName\",\"displayName\":\"${firstName}\",\"validations\":{\"length\":{\"max\":255},\"person-name-prohibited-characters\":{}},\"required\":{\"roles\":[\"user\"]},\"permissions\":{\"view\":[\"admin\",\"user\"],\"edit\":[\"admin\",\"user\"]},\"multivalued\":false},{\"name\":\"lastName\",\"displayName\":\"${lastName}\",\"validations\":{\"length\":{\"max\":255},\"person-name-prohibited-characters\":{}},\"required\":{\"roles\":[\"user\"]},\"permissions\":{\"view\":[\"admin\",\"user\"],\"edit\":[\"admin\",\"user\"]},\"multivalued\":false},{\"name\":\"affiliation\",\"displayName\":\"所属 / Affiliation\",\"validations\":{\"length\":{\"max\":255}},\"permissions\":{\"view\":[\"admin\",\"user\"],\"edit\":[\"admin\",\"user\"]},\"multivalued\":false},{\"name\":\"description\",\"displayName\":\"説明 / Description\",\"validations\":{\"length\":{\"max\":255}},\"permissions\":{\"view\":[\"admin\",\"user\"],\"edit\":[\"admin\",\"user\"]},\"multivalued\":false},{\"name\":\"service_account_user_type\",\"permissions\":{\"view\":[\"admin\"],\"edit\":[\"admin\"]},\"multivalued\":false}],\"groups\":[{\"name\":\"user-metadata\",\"displayHeader\":\"User metadata\",\"displayDescription\":\"Attributes, which refer to user metadata\"}]}'),('81a690d4-8a39-4254-82e7-7b3340409885','118ef5da-b820-4fb6-a290-a20f9f458397','allowed-protocol-mapper-types','oidc-full-name-mapper'),('822e8664-d0a4-45b8-9019-af2eb0270ec5','59505746-4981-4cfb-bf8c-f3e9fb582d88','allowed-protocol-mapper-types','saml-user-property-mapper'),('82467a9f-58b5-48da-ac17-7d1eea320832','dceead9c-80b7-4d64-8205-08fa52967883','algorithm','RSA-OAEP'),('848b67eb-ecf4-4089-92ec-c9c58ae4c40e','bdcfe609-5f0e-4c38-9ed9-3fb09f815b7c','client-uris-must-match','true'),('85622892-b761-42a4-9611-29fa1f9de12a','5aa7ef84-a2ee-4201-9e06-c2b60f38682d','client-uris-must-match','true'),('864e1a5b-dba3-430f-956c-63139ca177bc','59505746-4981-4cfb-bf8c-f3e9fb582d88','allowed-protocol-mapper-types','saml-user-attribute-mapper'),('8700c5b0-e91f-45d8-8dc2-de14684f30d4','cc257ddb-31f2-4fbd-88c1-b171e5dbd5c7','algorithm','HS512'),('88745a6c-72de-43f4-9b25-f6a974a76b8c','92bfa9cb-9f5d-465a-be42-4e89de2b0537','allowed-protocol-mapper-types','oidc-sha256-pairwise-sub-mapper'),('8921ba19-cac4-48ad-be2e-95d0032452ef','271dbfd1-e481-4a53-956a-5360510c1205','allowed-protocol-mapper-types','saml-role-list-mapper'),('8e312b32-1bb5-47e9-a10b-62a53c6511f7','72009b9f-ae8d-45e7-9ceb-a227df5e1e43','allowed-protocol-mapper-types','oidc-full-name-mapper'),('8f8a4ceb-8424-4ea8-bc1f-f049d63c53f1','09a45f19-52fb-4733-b825-1a9f6fb32bff','privateKey','MIIEpQIBAAKCAQEAqYyc5cVojAJNulfbtDMqyYRgqvBGdZAHPu4NE9MdOfzYeeQpFrp43rVqFM3TqxiePF4uv+5kCw0oWmybPHc94VrgTRzit5i3gJjD1hVPiFEajAqzHYHLD69C5V92FGteApMKmjSDSfG4gjhY2PKwNYJn4wkIfeSyxUW9+gmLyy9E0Cq14BgibdM7c0CKw+Fo0c4YGtk1RSWuxrnXodGURW2sciVe2H+kjogH8vtFP4Mq3o5M5bUyi/6GN8ganAKBZ+xd1maB8GxBTzjDJ0uRv7PdnNtKKBXQxmuxhghcb5VaT4mCjcDLqiSPwgKVohlQufT1wUweiOuourtq8ZdnawIDAQABAoIBAAaeeS+VLdgtbNhl/qtBxh1Y4Cc8Oxvy0/2WcIdCGiV94/uaNypufDKBlZMbV/SZgO/tY1jV1y0BRf6Ft+e75fwKvq/z/Tvap+tKy3ZrnY++TtGBx21S+Fjz6CIpQGRarrBeCi9r9mYoHCJlTb6mds+X+DNKUn0LtRjzeI+u2LjFXtsS1ZcrHQdmtBs/FqPhQnJ4gKFuY4lf3bWjoolU8a5SET2Hb735PGV0CTdbfxW5ujjw01APQWb1bDcIIfjB2DX1EhbPY2kygT0GHZksTwZLoUwUgwjIOmJgvVM1jauYeP2iDEr0mPNuJzp0EwSyN/UcL6rJnHq0GXlMpoKboxUCgYEA2jfSuJOhTOckfVlCglARBmDUdaNyPiZet9TGpxxzLHZki0FXN2AV3RoL64R/ofZlJVpqwDLuoxORdChC3R88NLFJle62iDhULD2K9fbWXorkGqsTqCWeN3GGn3RUWBrVa3LTl2fOitI7+A1li78q8t1B9TTWFSU8w9t+3Jixw3cCgYEAxuefA8CP1DlQYvQAJUW/PeWZN8+Ae8WI3q4tAX8qxiM1zLtEy+z70+S1E9ZSkc2dGelLGPEnxW480y2nQoBYVqOYuGhqQzQgCxw/7Mdn0ooLyZPLOTgFtzBCziJs1lbWL/1gOctBDw+7GZ74ceuczbHcGTc7uc+wRvCIxQ2wMK0CgYEAoKyfxHY3O0eqL32MoiTQFFExvpilYquf7F2IE7239BIMgBiRXl2qW411H2oFDD0/Rlyn43LdEUg0PkHy0ZvRGb88PmBxGCXZnGWILwkb2KsNv7EdnR5tu8ckZ74g6GqBoEcBEydFBiQ8Ma2zik0tE3vkt+a6hwFPF6tDYqwvn4sCgYEAtwQ8bmlqbi3mZ4Z389O/aiau2omVgU166Np/Etd99h5DzIOrg7Ak7w2MCBq2ku4MVeExdlu+6ozKbs2dDzWlEuMpDNUWoYt+yHpP34CDaVgYDHxvC9EegTZo4d8PIhF4t2N+fO8mh8NDtwltNPVErIexK4qE7C3L1xpP3nD/42kCgYEAryXZ6oevrOOP7RdGJIjOaOm0z4s5u+s/lIsWGbJWeXw+pq0uZG2GMTY21gxFN6PCU+nmXs88bWGdMRV86vJ/3SJl+pdcUzQRcQ15kLT2GP9q8DIG3Hx5o23b/jIoHHa+++dCeR8VWGz0bqtkAIO6JAaC7GxeXuJJS6WoPZR5DiI='),('90b43f84-b87b-4c85-ba38-810d820fcc86','a1478aac-b9ef-4b3a-96ae-6fb6f59fac7c','allowed-protocol-mapper-types','saml-user-attribute-mapper'),('92bd410a-f9be-4f10-a10f-8a5896154caa','72009b9f-ae8d-45e7-9ceb-a227df5e1e43','allowed-protocol-mapper-types','saml-role-list-mapper'),('93adea20-0b05-456a-87fc-720b8d95366c','cebe39cf-d06b-4982-9f06-9e9ea6498294','certificate','MIIClzCCAX8CBgGYwWGA6jANBgkqhkiG9w0BAQsFADAPMQ0wCwYDVQQDDARvcmczMB4XDTI1MDgxOTA4MDkwOVoXDTM1MDgxOTA4MTA0OVowDzENMAsGA1UEAwwEb3JnMzCCASIwDQYJKoZIhvcNAQEBBQADggEPADCCAQoCggEBANF+TZS2NDY9TdeRJogu8ILbbLo7ncT93XR694HqzDHpUPCslQon7qMZ5LQBRnhOAjPTV4UrXoq0u8aSNS4+4aPg3sixja3vHT6sG80gnSBNhbxrzAlOpaVJJ/60M7T8/leVwu79WNrfWhFb/w/tz2Z2hQksH1rPsf5As29xL14uzA0ox6uKHUNE0ELpRrLoCV6pKB0146jaXk54RWEmYfVBkeQ1QMilBnsT+Hd21on2H2ZtcdqltIfxIt7VUCBerF+wf94KOcUD4tZ7VjQLH8m5Gt4IBwUwqfxiR6N+IPOanyI1c293kuAm4U4VkeC+x32SlrQXPusbrrk9fT7v+40CAwEAATANBgkqhkiG9w0BAQsFAAOCAQEABi1mNVFowTm/CX3lK6r2e8sVBgwqW+K0m7wc0VmiKjUUxaFWGpLhCU15LaQVXNIo77Ul6PYWzAxHxC4RQUhCl7tmrERyki8WibthDxhwLP++f+yQOFdRr1P5DlCD/yWNefPrJbQv0/xxo0XfhZE3c3jpQGm64dnvatz0VlaIpH/h+frMUF9BWX8I2e3fz/TxUh2TlebtzVy/jdJwp2C5lclJ0b1mzBGaEcvZ4tAUWWJvjygeUj+0iD1BsfW3Ab++HAhX/uuvFi3nw+WFFusTZ2xrx1tTIK7aJHgxies5f4HQmylVos1WeYx5N5Dtg0GYkMcvEEK1c48spz8r4xikwQ=='),('9575d8a9-080a-4567-8942-8453bcaf0952','79b1328f-5d01-45be-a77c-bf61d8856763','allow-default-scopes','true'),('97723fcd-08a2-4b50-af9c-dbd7bff88a88','e205bd77-e560-4977-9dcf-e921f15bed78','allow-default-scopes','true'),('97db8252-a2cd-4e00-bbe5-06a28e6debc8','cc257ddb-31f2-4fbd-88c1-b171e5dbd5c7','kid','8eccfa3d-1d52-42ed-9ad5-28809aee0920'),('9878fa6e-85b9-40b3-a1c6-1e45586152f7','118ef5da-b820-4fb6-a290-a20f9f458397','allowed-protocol-mapper-types','saml-role-list-mapper'),('9b504711-5a65-43dc-8124-1581c7439445','e447a6d4-3132-471f-9b03-5ab8e5a94e50','kc.user.profile.config','{\"attributes\":[{\"name\":\"username\",\"displayName\":\"${username}\",\"validations\":{\"length\":{\"min\":3,\"max\":255},\"username-prohibited-characters\":{},\"up-username-not-idn-homograph\":{}},\"permissions\":{\"view\":[\"admin\",\"user\"],\"edit\":[\"admin\",\"user\"]},\"multivalued\":false},{\"name\":\"email\",\"displayName\":\"${email}\",\"validations\":{\"email\":{},\"length\":{\"max\":255}},\"permissions\":{\"view\":[\"admin\",\"user\"],\"edit\":[\"admin\",\"user\"]},\"multivalued\":false},{\"name\":\"firstName\",\"displayName\":\"${firstName}\",\"validations\":{\"length\":{\"max\":255},\"person-name-prohibited-characters\":{}},\"permissions\":{\"view\":[\"admin\",\"user\"],\"edit\":[\"admin\",\"user\"]},\"multivalued\":false},{\"name\":\"lastName\",\"displayName\":\"${lastName}\",\"validations\":{\"length\":{\"max\":255},\"person-name-prohibited-characters\":{}},\"permissions\":{\"view\":[\"admin\",\"user\"],\"edit\":[\"admin\",\"user\"]},\"multivalued\":false}],\"groups\":[{\"name\":\"user-metadata\",\"displayHeader\":\"User metadata\",\"displayDescription\":\"Attributes, which refer to user metadata\"}]}'),('9b78d7bf-6a64-4db8-9f2a-9a80bef6b2ef','ea5262ec-d837-40a3-92fc-07ea78816ba8','allowed-protocol-mapper-types','oidc-usermodel-attribute-mapper'),('9bb1a9d8-4c51-483d-bbca-54799d2bce3e','92bfa9cb-9f5d-465a-be42-4e89de2b0537','allowed-protocol-mapper-types','oidc-address-mapper'),('9df3554a-f334-4d92-9bfa-49fd5aacff00','3f168b0b-5f39-43b0-aa57-13234b7d675f','priority','100'),('9e5552c9-666a-4e65-8bf2-15b0bfb5ac80','0f7f76c0-9d52-4e26-9a28-8aae8f3b4215','secret','k6KgJTT34EeMnsrCz5dUIGiAFgGqruH6mMutAwnxbfaTWoL1p_Phqzd6qgPTy4ysCR2ulyoelYvHiTuCToXKf-j5H93LP8eUbNIqdGx4UAcQS9-4UL3hBZvoxqecVKMQV2QWg0ET9plHyzh_HDY4OnuNvxaPk5DdZI4iTRwyxGk'),('9e5c5c51-c6b8-4d0a-89c5-c62344d09bcc','fe8982f6-376b-4bcf-91e2-77d79fcae6f7','allowed-protocol-mapper-types','oidc-usermodel-attribute-mapper'),('9e96175c-1aca-4b5e-bd7c-daf447b3e565','dceead9c-80b7-4d64-8205-08fa52967883','privateKey','MIIEpAIBAAKCAQEA9mXvwbiYUo4n9JErqOh0G7Y5iJ5pgVpeYYEoCK9m/IKyompZgLvxtsYhXHEtoqNGAstp7MsTRG4f9evv+tDCn+K8KXkx9GIgrFQsVJMkrh+996JY+eMxozSqD0ZzhehtcCx80/in2eyFtTbUm6XGQ76OFK2Et6Nh0hqtjiZFu9l6Cfggplk4J8k5jU6RNKV0FhInXy6HtKfhJoQ8Ls1Nc7R+0/Xmxq05VnLlSnm/wYyt21NzA4IRO9KXvPCcj2oOzssfUn5Dz7rzaWKfkgp/KL2PG+XN8eQ+XYPSgr9aHGy8qg25/fyVilsvTWLoWcqHv+wciwGXkkIXr+7BRXUkswIDAQABAoIBAAkbmoGwJ51BmPN+3DzJnuUZVsYYiPDZnMyA4DB1/1oNILpFMRrDl7s4VqpamqO84k0fJMK2fPdWFMNb3cqJJfCQCoGD89dDO07za5ISwFPZY4XAUAaoocCVJUYcRg/omAcB9flF4zp4djbNGI3KUmpVpF3aTiIVnXuNNeYfvwsi+8EUT+RUzgwXiobHEPlmQZp/4xHz7f+Ug8ecjy1WepqUCZxb3WyF0eVySqTXdgikHJGy1Bry1nDxL+n9n18bq0cF0jQzOkS0yahAN+ZGlgw/sYt27XN/dS1Rz15DCKixf4VRukU3mfwWFPm9Qv8OgQM29FnZ6o+nFvq9x8zJhtECgYEA+5qGYzHuLGQiZ3H7UCWI5CBnVoXRzBt/h5BdYdSBrah/JJ4gJbCjGo65MRNGkyKpF9ua66cD1IZgK+sGGFKBMjsOpWa8QYrre+FlywXl6g8Wczz0Vubw2uUBvd/+HHSK1/auSrpdntxgWrqg+ruuTxuFUEX60vXuaZtiZwAHAIMCgYEA+rQgbOoe0EeUKApauwNAYtyfgEm/ppFWEdG3mTbgoipay2Zyz8lzl+jVwFqyKDlsuyoAg8q4GzuWyfVd0tYirbCFw9bJ1Qvl4nif+mFK9iDQL5APHbOegyTrePetAyPgZCpI6op9fu3NEO7hw7x99tX3kSoaieZ+1ax7mT82tBECgYEAsrvHE9h4dZh8yDe0a+7+G/DY+CIAM5qlMcxgSgsIRDEagQzDkYK1mzwgWrhyvjs1G/mpSBZRJjx/PTOsFMMnfGNvuBgPTBA/0LUB9wOtnGQzcpGukb1lBFsCrbvdbKFtsJVQo01ZDG1JFarWiMeiwBew0KGl2Q9T2jnD4Z+nWbkCgYAtjHpzr1mn18loOPFhFuckzxa/lSaX2cH8fNDRqnHHpNBYMiXb8Krqx6fGSfQicMR7gNcVGsi2Ue5EhSrlungUfIThHu4OohnDOs0+DV00OKP6cD7+03qSMywBD2bEskj7id8zlbPVUtk2IWCtUlrEdP2Ex1SJB3K12Z+fKSgEMQKBgQDqU+4Uv1SVqrL+Efjg1VF1VXoXAdrcXlN6Vj20R98mbvcvve1iu1ha2sL+4JWHjfQpVnYZK4O0RhuhKz5Kg80rCLpUY1JUmsd4RC1b2M9E5smQLCHv4oWQfNIcTcxmQCmSXReXh9Dti2/paAnvy+JPTTddKX9JCAPVFN6HJN1UrA=='),('a071ea32-73d2-47eb-8ea1-2c0c4e3226a4','9611b3bc-b319-4f47-b8a4-4e01940a9d45','client-uris-must-match','true'),('a0b8920e-feec-4c94-8a19-e22c38e51fd3','a7177464-dab0-40c4-9d7e-3b78c98376fd','secret','WGsnIjxA_Dhl_LCnWNkJLw'),('a0df725c-39ec-4a00-b4e4-9951fb0a5633','09a45f19-52fb-4733-b825-1a9f6fb32bff','certificate','MIIClzCCAX8CBgGYwWED+zANBgkqhkiG9w0BAQsFADAPMQ0wCwYDVQQDDARvcmcxMB4XDTI1MDgxOTA4MDgzN1oXDTM1MDgxOTA4MTAxN1owDzENMAsGA1UEAwwEb3JnMTCCASIwDQYJKoZIhvcNAQEBBQADggEPADCCAQoCggEBAKmMnOXFaIwCTbpX27QzKsmEYKrwRnWQBz7uDRPTHTn82HnkKRa6eN61ahTN06sYnjxeLr/uZAsNKFpsmzx3PeFa4E0c4reYt4CYw9YVT4hRGowKsx2Byw+vQuVfdhRrXgKTCpo0g0nxuII4WNjysDWCZ+MJCH3kssVFvfoJi8svRNAqteAYIm3TO3NAisPhaNHOGBrZNUUlrsa516HRlEVtrHIlXth/pI6IB/L7RT+DKt6OTOW1Mov+hjfIGpwCgWfsXdZmgfBsQU84wydLkb+z3ZzbSigV0MZrsYYIXG+VWk+Jgo3Ay6okj8IClaIZULn09cFMHojrqLq7avGXZ2sCAwEAATANBgkqhkiG9w0BAQsFAAOCAQEALmQcFAGdy3UkeiKgkguxAC0UfTncMSXSVkEjqgmUHE9+KSPST+76jY0KUIlNbEwbNPXcrIEJkxL+utw7t3Uvk1E0/XzNnb8GL3jJD7VueGg6zGMoRT4sJ6aaP3SSZqbl/HcYA5D4yUCYMTaw00LSNewp/Ajg6aOfwzWFOfkx/q1ojFwWYR4ckaGuis+dC16TiPVWuFATBAL784PgI3ay/icEVXwPbm0gslCzzQ+jx4uReqMmis9pzdfjbcCz6oCXyBrxymPLOi/9zfUn5BxA4ZmwH0xK4TTtVxdLx7fglKHm/m2LuTilfyZaJtBxhMxxcKC9o5IG9kX/P19DpzSaFQ=='),('a17dddf2-0449-4f59-8933-f447fb448f15','ea5262ec-d837-40a3-92fc-07ea78816ba8','allowed-protocol-mapper-types','saml-user-property-mapper'),('a1ed1544-870f-4b92-bdad-0325b72faf3a','602b4e76-f716-40e7-ae94-70bfbf49b8c5','kid','9ee2a47a-a399-4c42-9927-7845bb1424d6'),('a321649c-e934-4e90-b0e7-5136d5d28c49','3642f9ce-226c-487a-89af-88950780a821','max-clients','200'),('a4f545b2-1d60-4559-b1ee-42e3f7d4ae21','c922ba15-66e8-49e6-a937-254b0ad66ddf','secret','LXsXvyTeStmSbQoCe9Y_rtfW6WW0xvwko5fI6puBWRRZnlax492NaA1I5cJts7jvyLi6mvi8E8YgL-qXKn6gxjmXnWqr3EjzLc812ErYUPAneQXQYJF565N5bPpFrWrELhIJvvnA53r5sHIjodVGGTaGkbGU3BI-KpRFJ2cRoPI'),('a5bcc56f-a9cd-4986-8d76-b48df55d3f5a','6aa3537f-f31f-4ee0-ba28-18b16b559389','algorithm','RSA-OAEP'),('a5d3f7d4-9967-4838-a5ab-a8420cdba069','6600eb3f-a225-4026-8324-7edac493e605','kid','b1ca2409-9b7a-4a68-b673-1f13aebc3589'),('a7657c31-37d5-469b-8220-53a718740267','ba04e1d5-c708-450c-b003-a6ac4292ddef','certificate','MIIClzCCAX8CBgGYwWFFITANBgkqhkiG9w0BAQsFADAPMQ0wCwYDVQQDDARvcmcyMB4XDTI1MDgxOTA4MDg1NFoXDTM1MDgxOTA4MTAzNFowDzENMAsGA1UEAwwEb3JnMjCCASIwDQYJKoZIhvcNAQEBBQADggEPADCCAQoCggEBAMyXJf7GokPVnqhyLWWPuECkhau+Jmyt1ru2wU3aUbdYAvmaV/2Q73nfCPV+4u5U5IAmsPuVzdMUtwmH91XebD+neoIoawLpbjV1i6YSVIfMiAwpRnR1idELk9SWCuVsNuN9+adkfbnpKc5RKBfeE3co8v7s6wULRAenMIIGvxR141TZctMTR/kTcm1HFuwfVP9ohM4+zCBzOcTH0JA0HrpmtAdFfgfd7q7Nq2KwpllvyvyP1P7RL4DJm8wvu52xyMQKmsiOOGgoTu9307YbZkuQSgih/RvMwGXI2EUyOKgn719wpDbp4nhAM7tmKvQlkZ5KLlwgVdMS5nHYrDFtsAUCAwEAATANBgkqhkiG9w0BAQsFAAOCAQEAFBJFySwhmn76kmixBgBP4Swoj3MFky6RJsKSaLqNZGDun3Hr7o5ozqZnYdFdjxwxbENP2Au4XrNsnt+VCzLDqcZq5Z5x6p+JJS4hHKh7GC0JS0C4JNReJMd3s62AdXKt814BcSll7eG0V4QLLW40tGM6+em2xYGZxgl+Bs0I1ZWTfJwgwA/LyD1z82nQ24Qs+FON4lU2B4xBo+a7rIuD+yIB1lGAgQ4d0DvnTogLDkOYHl8dFX/PHFZcxzoY7GkHv9CTPUcratTcR2SviMs2jwnF7kXmMTgUDuWpExhAbSaRcqhnfq8hd081gZeRT120WBpwcFz7Uwz7pmY8QVyRTA=='),('a8bf99fd-90cc-4d9f-9fc1-12e02d95b1f8','231f0eb6-d085-47ed-b631-a6e8488fce99','allowed-protocol-mapper-types','oidc-usermodel-property-mapper'),('a990f64b-656f-43d5-a6bd-cea579d2ae3b','92bfa9cb-9f5d-465a-be42-4e89de2b0537','allowed-protocol-mapper-types','oidc-full-name-mapper'),('aa846313-6b26-4f25-bbf4-9b0218f9e99a','152d2b78-eee2-4195-9dad-649edcf7a01e','allow-default-scopes','true'),('ac8de9de-187a-477d-b662-1a8b62287eec','ea5262ec-d837-40a3-92fc-07ea78816ba8','allowed-protocol-mapper-types','saml-user-attribute-mapper'),('aca8b9a2-bfbf-467a-9935-ab9ba9cc7afd','271dbfd1-e481-4a53-956a-5360510c1205','allowed-protocol-mapper-types','oidc-full-name-mapper'),('aeb14d2d-47b4-4d07-ad08-a479242d67e1','a1478aac-b9ef-4b3a-96ae-6fb6f59fac7c','allowed-protocol-mapper-types','oidc-usermodel-attribute-mapper'),('af8244e5-23d5-42e9-8b40-fef3753666de','e3602926-358a-4b5c-8cea-d1c56995e02f','algorithm','RSA-OAEP'),('b0cc7daa-73d6-4028-babb-003b80e38868','61a85274-61da-462d-bb82-c6981e983898','allowed-protocol-mapper-types','oidc-usermodel-property-mapper'),('b1457f0f-f97f-4083-bf8d-d51206a47b3b','a5108641-8e89-4358-a616-dbeac67e2a15','algorithm','RSA-OAEP'),('b1853cef-9230-4ed0-a659-d6aa8e44fd63','ea5262ec-d837-40a3-92fc-07ea78816ba8','allowed-protocol-mapper-types','saml-role-list-mapper'),('b378bae4-96fc-45d5-b75d-7c3e99fe3505','94572282-4900-44d9-b6a6-a9b5931ad242','certificate','MIIClzCCAX8CBgGYwWGACjANBgkqhkiG9w0BAQsFADAPMQ0wCwYDVQQDDARvcmczMB4XDTI1MDgxOTA4MDkwOVoXDTM1MDgxOTA4MTA0OVowDzENMAsGA1UEAwwEb3JnMzCCASIwDQYJKoZIhvcNAQEBBQADggEPADCCAQoCggEBALCu1MWhgxwQgHnaaOM/0rapWV5OZISWiMMqINtAyiod0i5Zf6VhM+Tm1f17nByDekxFbD9yHZnX5QvmlRDuJraAu4Xju0p6Hwlr0MA6RFm25i44fQXtRBglft7q7nVUxhws0LAEPVRr50jS6l5IFrxIZ1a9oQlPPo+Rgzx5num1+nD4IeFOWf4CIvgXHS3xphSrOnTtXJDe/vvvZ43O3I3RFqJIwD859l4gYnzaNc6OVgmK/n+KK7Oi100bK+YdjtIC8XNYbGnXcKKCWS0qloYaziAwHThPvyiu8Lb3kA1fX/PS9yDwVfrjd3sh6VAel4qTFHP4x7zDDNGI4CCHkmcCAwEAATANBgkqhkiG9w0BAQsFAAOCAQEASupKNPm8TxnmPIQKejR/t7Yu0zdyIWf+WfRjBq/uVJ5B0N57gFh3DtB+Iy638rlRIGVSxQSHwpSbc/wTErqmj1fbfNtSH6buz1//RnER5K7ioNkSuthRqkMiZ5/6yK0f4G4MYY6oH3G/R/Cj8Nuo+E2p+97VqrEowf8T7Dc/eNT1H5FCH7B4rgwylT9Txo8kNCZc8ycNA2Mw+iaH55H9fmuPOcUlhX5bVF3OREXC5PxKZU3gYaYicZcTW4VWnSU4E/Cs5DgmPI8rEkVq4VG22REFmRS4SoC3qHMQ3JjeO0S4WY6zkNn0O1lTSEUuiYUcjpqq0ZJj5LthUNe9PFrMfg=='),('b3c3f7c3-ae77-4cb4-bc86-3c7a0fe06cfa','050d16e0-7119-4391-905c-32b572194425','kc.user.profile.config','{\"attributes\":[{\"name\":\"username\",\"displayName\":\"${username}\",\"validations\":{\"length\":{\"min\":3,\"max\":255},\"username-prohibited-characters\":{},\"up-username-not-idn-homograph\":{}},\"permissions\":{\"view\":[\"admin\",\"user\"],\"edit\":[\"admin\",\"user\"]},\"multivalued\":false},{\"name\":\"email\",\"displayName\":\"${email}\",\"validations\":{\"email\":{},\"length\":{\"max\":255}},\"required\":{\"roles\":[\"user\"]},\"permissions\":{\"view\":[\"admin\",\"user\"],\"edit\":[\"admin\",\"user\"]},\"multivalued\":false},{\"name\":\"firstName\",\"displayName\":\"${firstName}\",\"validations\":{\"length\":{\"max\":255},\"person-name-prohibited-characters\":{}},\"required\":{\"roles\":[\"user\"]},\"permissions\":{\"view\":[\"admin\",\"user\"],\"edit\":[\"admin\",\"user\"]},\"multivalued\":false},{\"name\":\"lastName\",\"displayName\":\"${lastName}\",\"validations\":{\"length\":{\"max\":255},\"person-name-prohibited-characters\":{}},\"required\":{\"roles\":[\"user\"]},\"permissions\":{\"view\":[\"admin\",\"user\"],\"edit\":[\"admin\",\"user\"]},\"multivalued\":false},{\"name\":\"affiliation\",\"displayName\":\"所属 / Affiliation\",\"validations\":{\"length\":{\"max\":255}},\"permissions\":{\"view\":[\"admin\",\"user\"],\"edit\":[\"admin\",\"user\"]},\"multivalued\":false},{\"name\":\"description\",\"displayName\":\"説明 / Description\",\"validations\":{\"length\":{\"max\":255}},\"permissions\":{\"view\":[\"admin\",\"user\"],\"edit\":[\"admin\",\"user\"]},\"multivalued\":false},{\"name\":\"service_account_user_type\",\"permissions\":{\"view\":[\"admin\"],\"edit\":[\"admin\"]},\"multivalued\":false}],\"groups\":[{\"name\":\"user-metadata\",\"displayHeader\":\"User metadata\",\"displayDescription\":\"Attributes, which refer to user metadata\"}]}'),('b5a68d71-1d8c-4ebf-90f9-be507e6b92c9','693ee861-3334-4d7c-b3a1-3090d00c179e','allow-default-scopes','true'),('b6c6685d-70d1-491d-9e38-94fd874588e5','bdcfe609-5f0e-4c38-9ed9-3fb09f815b7c','host-sending-registration-request-must-match','true'),('ba62d0be-17b1-4f17-8d78-3b59c0d6996b','cebe39cf-d06b-4982-9f06-9e9ea6498294','priority','100'),('bcaf103d-ba22-4f44-a76c-d185dcd066a9','dceead9c-80b7-4d64-8205-08fa52967883','priority','100'),('bf52e57e-1e5b-42e4-b7c7-58950f640304','a1478aac-b9ef-4b3a-96ae-6fb6f59fac7c','allowed-protocol-mapper-types','oidc-address-mapper'),('c0453a41-e8d0-4a51-b19e-2b35525f63d1','94572282-4900-44d9-b6a6-a9b5931ad242','priority','100'),('c1da3c4e-4275-49e0-b080-0de0b284601a','231f0eb6-d085-47ed-b631-a6e8488fce99','allowed-protocol-mapper-types','saml-user-property-mapper'),('c23c7547-960b-4764-aa41-2915fb68a5b5','6aa3537f-f31f-4ee0-ba28-18b16b559389','priority','100'),('c2c1cb96-2ab2-4bfa-a821-f91da2b0cef1','ba88c9f4-7eab-41ab-b206-8b3cd0e05126','allowed-protocol-mapper-types','oidc-address-mapper'),('c3691752-5d66-4589-a054-029199e8b6dc','ffd6ecb9-e6b2-4377-a676-a1fb02d19808','max-clients','200'),('c38f0f9d-e5ed-4d04-a2f0-f5c1e07edde8','fe8982f6-376b-4bcf-91e2-77d79fcae6f7','allowed-protocol-mapper-types','saml-role-list-mapper'),('c3c5c685-1a61-4bd8-a5c1-d8041d221e85','1b9b8d47-2dab-4cb4-bb63-01b6cae15c96','certificate','MIIClzCCAX8CBgGYwWECzTANBgkqhkiG9w0BAQsFADAPMQ0wCwYDVQQDDARvcmcxMB4XDTI1MDgxOTA4MDgzN1oXDTM1MDgxOTA4MTAxN1owDzENMAsGA1UEAwwEb3JnMTCCASIwDQYJKoZIhvcNAQEBBQADggEPADCCAQoCggEBAKeRamKEjDsPeDmfQfnuFwRgjIcfsxR1FOJcku7Bcehtd+LHZGaGo6pXzZ+5OY2cR5rwinvrEUqaf0V5APbqMMRjU5RdmMyKqacMQYngBiuKXNhB7oT5ncJFok7i8rd4zpKey/gk+f1aGxflVIq6Dqbt9VYJlEnOOFXf7p5TJGPG+PJfmLSHBtmrWhYX9WgqVwEG+NhYkJOkkwxSsYpWXib2juLlguf30iJhkOosOPvjmUIIZUTKQ/i5bMlfrDPXtWplTjwhOo9OVmLYNXx9Y0QRUlDSomBgcZiVIJVQfEgNyRZszb0ii4VfKVJfM3XMKnfKf0XB781HXcKVmLDKbf0CAwEAATANBgkqhkiG9w0BAQsFAAOCAQEANaoEPFedagZJ/pKihRq8Q+kTdFLs7fXCR1kcQoBEHUAjIWQH+oXGKA8UhPOAZubvled6vQhqOQABTPXZB+oZG1xUmPmD0WVzqpjFKLAs+kAkKpXY98dWd1cuWPahlJDC0SKpKk+Sh6CyhQzFBggt1jnZeGIkrw3eDtyof2EzI9TgRjLA7kC4cQCtleObWu6w5zQhvCw7KKimxoZx9MUslEYwiaBJHIrxnoJ+pcWotWtaJq3ehAzLUmL7uNCDPN361nOxAuFKWLumfuR1gK5VJQFixyEhFYiThxr/Z5Kel21Ua4KctaLVLdY7Za8+mNeVCYpTZyGSjz1iiP93nm71Hg=='),('c43a120d-aeda-4d4f-ad4f-fe4066352377','271dbfd1-e481-4a53-956a-5360510c1205','allowed-protocol-mapper-types','saml-user-property-mapper'),('c5016155-e871-4bd0-80b4-7838e95a412a','cebe39cf-d06b-4982-9f06-9e9ea6498294','keyUse','ENC'),('c5bb6ead-9b5e-44bb-a3b5-4900873d728d','231f0eb6-d085-47ed-b631-a6e8488fce99','allowed-protocol-mapper-types','oidc-usermodel-attribute-mapper'),('c869b089-b967-4a67-9c02-9b44d10bf3a8','92bfa9cb-9f5d-465a-be42-4e89de2b0537','allowed-protocol-mapper-types','saml-role-list-mapper'),('c92c3b34-0ebc-4000-9d78-4e4a5850ed5e','a5108641-8e89-4358-a616-dbeac67e2a15','priority','100'),('c95b53e4-399b-4c9c-a6b6-40229308b91d','fe8982f6-376b-4bcf-91e2-77d79fcae6f7','allowed-protocol-mapper-types','oidc-sha256-pairwise-sub-mapper'),('cb278554-e9e7-4d29-8014-4dc371243d40','ba04e1d5-c708-450c-b003-a6ac4292ddef','privateKey','MIIEpAIBAAKCAQEAzJcl/saiQ9WeqHItZY+4QKSFq74mbK3Wu7bBTdpRt1gC+ZpX/ZDved8I9X7i7lTkgCaw+5XN0xS3CYf3Vd5sP6d6gihrAuluNXWLphJUh8yIDClGdHWJ0QuT1JYK5Ww24335p2R9uekpzlEoF94Tdyjy/uzrBQtEB6cwgga/FHXjVNly0xNH+RNybUcW7B9U/2iEzj7MIHM5xMfQkDQeuma0B0V+B93urs2rYrCmWW/K/I/U/tEvgMmbzC+7nbHIxAqayI44aChO73fTthtmS5BKCKH9G8zAZcjYRTI4qCfvX3CkNunieEAzu2Yq9CWRnkouXCBV0xLmcdisMW2wBQIDAQABAoIBAC1J8ke9WdMxWR9JsyHt2Cg7Izn67E+Xhdbk5FKjFv7ClVoCoCLJ8DEmvbl2fq6qjTCPIBN5PGhTCBesiQRxqb3HibeBUfsBiHt+C01Wdm7fSGiExItoL3temDlxg3T46Qef7eFvveMnKbF5xqnN57ozjuL+uCHUNhmJmZPXAXp6HtkfxZ33GOB5o2ikbUrTEOwMJxP7RIcWAxPsFgKKjktQ5W1bOAdRxQZlKIkE7B+NGdlpZElzpabvymHB3zjccb6V1SA+dNx3rDEOWFBp3PbfL2r/BCUy55+e64WRKMBQbQJMZ6Vkx0FG2u+nzi6QjCoL8mfFPgP9gcYm6558QfECgYEA7KlIOy5zxaus8xDAcnGBYB8du2Wgsl2VNxnb3aPzrWRs3UzpbIOcJzC/3Tx+f6JwFqcQXglMm5Wkz1nDEqzclJ4djugTdTOq3Etz+X+I6e728WdPVEPvbUaFZz0SfolM9CQEtN6wXj6aIrhbUsqzkx0HljdU2r/uhR9s9F3sVc0CgYEA3U758T+xV9X7Ajg0V63PiZ8Y9f9zKupt0GCqCslxmUMk7RcB87z+F38lDh8urmeR7h2gU7I50Yl7k4Udr3c2nejBLLJ5j4wuc9YqGjy+xUwouVqQO6DIErszZhUkveEt6X5vGndfDAl5Gb8Zz6QiWoA8FXHILQfx/vyPfZrPixkCgYEAvEtHtAaWiEy6Mz490BBtHjxDnKkUPTXmFcwWOfdLVsbTMxQRmIvyPuAzl2OdRhHI2s0bYaZGdHeQhIVnhsFQU1KmM+CEMrjkFZhW8si891tw0Msgu+u9YJU+aNCXmWPGfWz27a1MZ/+pBTznNC0gyUjMk4D8m3sf3H0PZDIianUCgYB+k+lJHtDkGDNU9aiabYNCh4jTSqQoa6Ubhe479TPQISNBp+Mp8XKzJbmf9h3RCtPgiXll5Y5EVoojugNclKbccn/qfLoibF81Sc0S7KOAXSr9uNq+ABvu+rtPK9Cz+dM0tWf+j0ABtnlZTIAKzyoG8UlsSoPfnae/29yGTsFeIQKBgQCgBuA4tB/2zyKGJxb6HQOA/Ak3wVGa3f7bscSGlxqubhhGCqYdR92F+KR3y+vlZYQn0E6xjOUVHpdMqC/+bN8uhBkx6e9Cx8AyFT3dOXIzGh1T6PB2v4ZjMaYMFEdrzDhI11c+zs/lesAWqwh6e/s+XyRyRNYFHvciDEPKIt+KDA=='),('cc1cdeed-10e7-49c8-a8fd-9e168fa75f9d','9611b3bc-b319-4f47-b8a4-4e01940a9d45','host-sending-registration-request-must-match','true'),('ccc55eeb-a156-472a-a679-6a6ee506e509','59505746-4981-4cfb-bf8c-f3e9fb582d88','allowed-protocol-mapper-types','oidc-usermodel-attribute-mapper'),('cfaad15d-ecfb-4d96-b281-2d2a5907229f','a5108641-8e89-4358-a616-dbeac67e2a15','privateKey','MIIEpAIBAAKCAQEApmnAItT8ngFd0UY7JQctF/Wf/JwYemEdbXM1Ql747nLVZzx4gFiio8Uyy4YDLtcy8PBd/RbCPOejaqxK9YwMMHzaTISTHKNFFUZmLXqp/cWCK0nub7rh0lvIQpYpVauj2YER17FvCTfF9eHt6DIR3IJjbwDn/JrY1aBNcXRO89xEntw7yZq70c+7IjnA2VOoK6wUfPZUpRlAXo4M8s7y2mPYWlQ3Q6cjdN+XO4rRcMh95aWQP/CH7BtP8HZ3KCIieEVBB85sXfFMpqVQWfTvBncvpwQvpJy3eHoZGNjt5U43eW6VPAREnrrY7KWpI7oYTteT2LOq8e84/lEgq1OpPQIDAQABAoIBAB0I5WuOYrcEwQQy7z3SJzV/dxcBeynbCOHgUIIQhPlBkudMvy+Rh2rwjKDC9Io3JN2x6owubNxog/QoNHnsIfJRzlq8ZNiByhtgqZI0zTUIQWJhJ1daMW1c8y9e+L5IULGx2dWa0Sc4EnOIpFQ3bDNfko67Bz7lG4EGU4zAgMf+Nd7D0Tsd1vUXBXmqri5AaIqxKnmxl9iGoZD/g0GdNlac6oTWXlE+TnSq8drc1zP/K4nMCf3X8yEsfCACVgYZIINq24ls0cUUu8d3cCWsrxKT68ym7bMpCtHOxGpOqWnWFZ5gt51S7xWIpdM+DyMg5TflR9W6Io4gzj16GpcTzHcCgYEA2glHN5cxDvCZjTai++b/ud51R5Epw1lzXj1cXPKuhXHqKDAFVXHqTGu8Us7+u+DrhOdm3b922xW3d8kZff4QJTurv+l9OQNSMFSuBDDZN3/2wVJcoUIPdRTqT8+TJMuGoL9O541iDofRChTxO4aquEy1FDomtAYc1rd4jWOV1HMCgYEAw2Nti7ceTZuHPC1uAOSc6+/5FUiTNSdHUA3CWwXE7VbZmNeTCkLrW8ylhbw5HIRnNXy/rnagLwupHldrtEEdoPCJuLmPvPpF5WLDfPy0ZnCjuqDwFjDgs4gv5yxM4LK2+kRDhb2IMrLJicydK1nTtqI5EnE0Id4OWqiKjN+Dz48CgYEA1qmp1x5gq2/QDcrL/iw4e7t8RgCyWGUaA59v7wbzMeise/KDXdNwtNqhJ/opq7nOxyO4D/vwPdSMtD9mfLgFF1M/TgvIQLh3U6QbS374bP7sZvr6vb03ULNN2VPpb6F9o4eWXLzC3MF02nMx6cQ1Eoxa/1YdQsJ95BvwcWupWOcCgYBmEDgW9Y7Ux1t7Kdf+i20VKgOZBJIw/9WWkblmxrq5p9Z+qo1anN5I07vbAhlrNhabsBCI19qQ+Kxc9xmBzUnm2f93CSd2dd2xF0g6r96kbE56nLsNPHcEES3EujVmYrSGQsZqxDizEwWH/+RR0thu3IqngY7T6iThYo0NTWyTLQKBgQCJKBFMaqpYMBJTBg+wzz/hG88bQKnSBWU1mIGPC1dcftqqASVXsRnKrsSPuEO+tsGyMg1nOD7Yo5gPUfxSwIvR1K7JkezGJKihsWb7n2X0BP43qLlR/OJrbjVgzNCSuRE2L3Af1ulu7BhOXP49ha3J1Z/M0pJjQKXxabG1drRx6g=='),('d05a3120-9caa-4640-84e8-02d86bfcf68d','e3602926-358a-4b5c-8cea-d1c56995e02f','priority','100'),('d06a30dd-4c4a-432d-963f-ccdcad2e247e','012a989e-774c-4d4d-a221-f6dcafeb2cf5','priority','100'),('d06acba3-77ab-4936-acec-9b9e26c4ab4e','a1478aac-b9ef-4b3a-96ae-6fb6f59fac7c','allowed-protocol-mapper-types','saml-user-property-mapper'),('d111258d-d7f5-4583-ac70-fe57353aba99','09a45f19-52fb-4733-b825-1a9f6fb32bff','algorithm','RSA-OAEP'),('d11d3b01-1b6a-448b-9f96-4b77b317eb29','72009b9f-ae8d-45e7-9ceb-a227df5e1e43','allowed-protocol-mapper-types','oidc-usermodel-attribute-mapper'),('d13647d2-49ae-4090-b5ce-07dfb15d19cf','61a85274-61da-462d-bb82-c6981e983898','allowed-protocol-mapper-types','oidc-full-name-mapper'),('d2b83b01-89ab-4446-a285-6607fc00c88a','dceead9c-80b7-4d64-8205-08fa52967883','keyUse','ENC'),('d2c600be-22da-45be-a23a-9c5e5e2618da','271dbfd1-e481-4a53-956a-5360510c1205','allowed-protocol-mapper-types','oidc-usermodel-attribute-mapper'),('d36261fb-739c-4707-9349-2155c6e69370','a1478aac-b9ef-4b3a-96ae-6fb6f59fac7c','allowed-protocol-mapper-types','oidc-usermodel-property-mapper'),('d36c9e9b-6195-476a-b8f0-73f5aff0c7ed','61a85274-61da-462d-bb82-c6981e983898','allowed-protocol-mapper-types','saml-user-attribute-mapper'),('d48dcef7-e80a-4177-b0c1-7d9a34721982','179dbb48-50ee-45b2-bef4-4dba72a5a2b1','allowed-protocol-mapper-types','oidc-full-name-mapper'),('d50460d9-f6f4-4d8c-a7fe-91937ba03cbd','ba88c9f4-7eab-41ab-b206-8b3cd0e05126','allowed-protocol-mapper-types','oidc-usermodel-property-mapper'),('d5594244-1d17-49ef-b819-c0e5ede68387','6600eb3f-a225-4026-8324-7edac493e605','priority','100'),('d5b45dc3-f0de-4744-adc7-70b348146a37','09a45f19-52fb-4733-b825-1a9f6fb32bff','keyUse','ENC'),('d683d48a-6f93-4cd8-b3a5-1c4fb6743487','ea5262ec-d837-40a3-92fc-07ea78816ba8','allowed-protocol-mapper-types','oidc-full-name-mapper'),('d709414a-e2bc-4539-935d-ab4727d71c8e','2d6680e0-0084-4631-bc22-b43515a9b201','algorithm','HS512'),('d7c698ec-e980-4f94-93e0-08b57e2a5cef','ba88c9f4-7eab-41ab-b206-8b3cd0e05126','allowed-protocol-mapper-types','oidc-sha256-pairwise-sub-mapper'),('d9a3ea97-c402-4314-83fe-acadee522fdd','c922ba15-66e8-49e6-a937-254b0ad66ddf','algorithm','HS512'),('da0f31a8-136f-4c12-918e-036fe648d8c9','09a45f19-52fb-4733-b825-1a9f6fb32bff','priority','100'),('dd8bed22-2af3-424c-8857-3bfb71698c47','ba04e1d5-c708-450c-b003-a6ac4292ddef','priority','100'),('ddda5f41-c5c6-411f-b7a9-016e74a86055','cba889fe-db78-4356-b645-fc66e44f089b','allow-default-scopes','true'),('de13ca5c-6ac2-4e5c-94dd-ec98fef7359b','a5108641-8e89-4358-a616-dbeac67e2a15','certificate','MIIClzCCAX8CBgGYwWHAcDANBgkqhkiG9w0BAQsFADAPMQ0wCwYDVQQDDARvcmc0MB4XDTI1MDgxOTA4MDkyNVoXDTM1MDgxOTA4MTEwNVowDzENMAsGA1UEAwwEb3JnNDCCASIwDQYJKoZIhvcNAQEBBQADggEPADCCAQoCggEBAKZpwCLU/J4BXdFGOyUHLRf1n/ycGHphHW1zNUJe+O5y1Wc8eIBYoqPFMsuGAy7XMvDwXf0Wwjzno2qsSvWMDDB82kyEkxyjRRVGZi16qf3FgitJ7m+64dJbyEKWKVWro9mBEdexbwk3xfXh7egyEdyCY28A5/ya2NWgTXF0TvPcRJ7cO8mau9HPuyI5wNlTqCusFHz2VKUZQF6ODPLO8tpj2FpUN0OnI3TflzuK0XDIfeWlkD/wh+wbT/B2dygiInhFQQfObF3xTKalUFn07wZ3L6cEL6Sct3h6GRjY7eVON3lulTwERJ662OylqSO6GE7Xk9izqvHvOP5RIKtTqT0CAwEAATANBgkqhkiG9w0BAQsFAAOCAQEATxTpm0CwIwKOaEXZMnvrSqTEHFs/r5zqlEOix8b+VQ1R75K7ZD6C8wi2Qj4Rvx5fP73/7UhJNiKk9w1jHlWPENyOLWHOhMvRJXHAqEltjxwqEFxnqyVqF1DflI6+m8SF9O7KNizULvBxB3j/7vfGuyY2p7ASd/OBliIiCO+j8eVyPu9MARYiIiUUI4xlfVTbFj5XjKrZyJ5GdIJaw0FPYMFIgZN5PpJDROF9hpLApcM/naF0PHJjKWPpM4rrqFgmztWrgOKrB19cPRvvs+KsN4Kuh5x8++yzeHnu2M19lgD+LKlESB95WiZT+e2887FFVu+fZ6msx1V7tUnweqwCjw=='),('e017a78b-5817-4996-8fe3-e96413e20626','b45389d4-64bb-4850-9828-87c9a313c515','max-clients','200'),('e0c0b9d7-9ca1-428c-9dd8-8e67abd8607d','179dbb48-50ee-45b2-bef4-4dba72a5a2b1','allowed-protocol-mapper-types','saml-user-attribute-mapper'),('e1e06e80-c9c3-44cd-a1fa-03d6db7d87a0','179dbb48-50ee-45b2-bef4-4dba72a5a2b1','allowed-protocol-mapper-types','saml-user-property-mapper'),('e1feec81-5c1f-454b-977c-07138b892a47','271dbfd1-e481-4a53-956a-5360510c1205','allowed-protocol-mapper-types','oidc-sha256-pairwise-sub-mapper'),('e2a684d0-401b-4054-8c42-16f4bb6b2304','8ed0d9c3-5ad4-43ee-8a33-b47968a1933e','allow-default-scopes','true'),('e57ee314-61c8-45dd-af54-310ff4b686c8','61a85274-61da-462d-bb82-c6981e983898','allowed-protocol-mapper-types','saml-user-property-mapper'),('e7682c28-714d-46e4-8e70-9bb821297b1a','271dbfd1-e481-4a53-956a-5360510c1205','allowed-protocol-mapper-types','saml-user-attribute-mapper'),('edb234b1-0b06-4d4e-ab99-84ab5ed1165c','2b4c9f1c-5ed4-4c90-844e-d072bde2e0d2','client-uris-must-match','true'),('ee8f2bbc-a94f-43cc-b39f-f1a8fdc9291d','cc257ddb-31f2-4fbd-88c1-b171e5dbd5c7','secret','-Y1vD7oKCKY_O2Ojfmm4IZooj9rp2ETt7rqZ_iMmOSOdO1S5KK-nVLth84xFSBbj8XH70T2W4rUmdDRdEy9UomCqgEd5w79I4ccpzds7Tifqhh19AC_N-lxepp3BEfpDRYS9cqF41_Bgw5Nh7PUHYdMG47cMkKtb22RRNsbN_kI'),('f23b3344-b703-4d95-bcda-a2ee051249f8','118ef5da-b820-4fb6-a290-a20f9f458397','allowed-protocol-mapper-types','oidc-usermodel-attribute-mapper'),('f28c36cb-62c9-43f6-8e0f-a483d683e8f7','1c16448e-b2d7-47ff-a706-739f37784878','max-clients','200'),('f453284b-d0f8-4c36-961d-78d9ed61917d','602b4e76-f716-40e7-ae94-70bfbf49b8c5','priority','100'),('f68b9c69-4b27-4e24-85f0-b666d868b1e9','c922ba15-66e8-49e6-a937-254b0ad66ddf','priority','100'),('f8c8eaa4-5078-4947-869e-89e5d9ec3da7','6aa3537f-f31f-4ee0-ba28-18b16b559389','privateKey','MIIEowIBAAKCAQEAuC3hPyB1hxLvKsymx/LpjzYRZjrqVJIH3fHSHxJhalYKj+3TlW1MdrdPdWOSP4yb/BeRNWcE4pO9XF7tf5cf+aFSG6HSwyxBJp9TVQSsbOqUFfWp9wxyh9dj/WHmFE0JDGSoza9WxtAFZgtDk5PnCtXwBLYhPuoCsW1AE2LOOwT+eAzW3ESOdrn4PiNbkjIsfUpG+TdPnwJAIYnHCfbzFZ4eEilHkKPQRNnOUfDB5azzDn/X3/6GWJQDA9KEnTSvSYkpKbundmfIgBV+M6qMYreXGGTmmeeKAFyJBTEGyPG74UN4oz30myDQm58pTpUH+KeDP63tefoNzKvfxVxFQwIDAQABAoIBAFQvhHnaWF45ZWDm0oUqn196k1FrNJkbdsUYN7dEK4rzcTiAuOngX8cT2xoJPVwW5WXBT/pc8HqwlSmXqm9boJ32AxXmTfQwUkdZJDoEPNw8DRxMgjgOVHuLFIVJLmWxIKWtjQsXTk7p3s3Z8DWQsVbemytMJL4hMMHw8gzqaOHIi4Gk6blb6r4KgcFHyo/rAlh5c9WCyZYxMGmi21GL4hcM+lYQlkSMfCqBeMODBFY/PXMAbpbnLPN7sZbdQGbo8cSqukEcVGpYd+f7/Qw0MHZj/ALYFQoFuVPFjr9/qEq1xcSNXY+YSbl0Gf3pAmj21/Ku5cGBZEfcTmkmWBxSEsECgYEA6mueEHGzyycUBPp6VhluILBrUFohpwi39S9lc67gmmENFO00DybWXRJeVisi/iHPYN8val97IZ28F/7Y1oopYfnikLfZ8NX9ApDePROnBSkFY4NeuvGUCfUC33P38rhZ6G0fGmewGcxzn1GRJqPb3yAcF8P8IKlxsjOTS9y2adsCgYEAySJFueK9k5vDn40BN1BQNpF2OPr7RtBg3aMdr5RRNqrvTUe7T4u5I47vQUdZKotC5Lf/bvpCevXoLiJHy6RHOEZHvt5S4b5JL463gH/jSZrOuWLgS9ciSBK+T6fdtS96L1GoiZpuf0iGZidmtrqBXUUwhbLOObZglUDLLPWnMrkCgYEAs2AN3z9h+H26j+SqX9+tqU3Vj/Kn9YxyVychVlfmfbrtq6mmQEHTnfxEO2Ner19ntBSTz62oJpzwJNxZSDEIYXQ4rcxA9EyKAcCgjdPP5d7xxKftgNcCFGxq+llezVfLVFLLjgTxd4w+nRZpH0wbHq0PUhAhiUyfN2DHwTDuVCkCgYAwNUK5FxuRMZhluYo9E8bmDV9ksONhSbit5tbKqqX8kGPjBfpjSn4Jg8zcvJkmlVJnN6LFmr4scpw/0n+a07kuR8oSeX8sFEu+VlqtNfnoPm6mCIjyJJJW7AcpWHbPYp3Kkavvr1AkueFcwrzftzwiet7ybLT5KDlmDK2mDQsSIQKBgAvobHv6JHfYla5rtPDPd3O9Q8B4J6ginjnCaM9y1E2jhp/BE4MzGZLOGQVBGZFPvl3mdV+tANqZvBh331bniQ0tZm4rvgGNDxPWmVEuolytvvExHz2HKRTqFNFw2nOIBDbdHx6vWTJ25EPvwQDGf4AdNCLJVqOB/Cl52vuQDpGk'),('f9f0554a-79a2-4337-8091-bc0982140e06','72009b9f-ae8d-45e7-9ceb-a227df5e1e43','allowed-protocol-mapper-types','saml-user-attribute-mapper'),('faf67797-5786-4243-a91b-d0fdcef9d75e','59505746-4981-4cfb-bf8c-f3e9fb582d88','allowed-protocol-mapper-types','oidc-address-mapper'),('fb1f0317-c99e-4604-9f2f-f7194b8ecdd6','1b9b8d47-2dab-4cb4-bb63-01b6cae15c96','priority','100'),('fc323dae-5a0f-4b93-a6ca-7ac41dceceb3','fe8982f6-376b-4bcf-91e2-77d79fcae6f7','allowed-protocol-mapper-types','saml-user-property-mapper'),('fd6597ee-6b00-406a-9a6b-ec49db605890','179dbb48-50ee-45b2-bef4-4dba72a5a2b1','allowed-protocol-mapper-types','oidc-address-mapper'),('fd6775b8-fb82-47bd-b256-313da1c72a36','a1478aac-b9ef-4b3a-96ae-6fb6f59fac7c','allowed-protocol-mapper-types','oidc-full-name-mapper'),('fe81ffeb-6801-4568-9883-9abbaa8ba8c9','72009b9f-ae8d-45e7-9ceb-a227df5e1e43','allowed-protocol-mapper-types','oidc-usermodel-property-mapper'),('ff351899-afca-4728-a1b2-6165d2ddf441','cc5f95be-d91a-421e-a502-e6e6f5d152ea','priority','100');
UNLOCK TABLES;

--
-- Dumping data for table `COMPOSITE_ROLE`
--

LOCK TABLES `COMPOSITE_ROLE` WRITE;
INSERT INTO `COMPOSITE_ROLE` VALUES ('01419763-5308-45f8-8557-5b86cf8f4b31','b447b11e-d67a-4b60-a8ba-fd761b94fd58'),('0ceadffa-2a51-42c5-a95b-5e1ca3a13a98','12e45f10-2dbe-4f67-b488-201e0b443029'),('0ceadffa-2a51-42c5-a95b-5e1ca3a13a98','30f18bea-088b-4a70-8526-0dfaed0ac158'),('0ceadffa-2a51-42c5-a95b-5e1ca3a13a98','7ab6516c-93f0-49e6-98f6-661535eccfa9'),('0ceadffa-2a51-42c5-a95b-5e1ca3a13a98','f90059f8-7a5a-43c3-bbc2-f50f65e686df'),('0dd2f686-945d-4e8f-af38-bf45d8281b0d','3cc10f10-8aca-4676-a9e3-d9c606111832'),('0e425cf5-f647-4eac-b55b-341e4c548ed5','3cc1d8b7-8788-449c-9315-96d13f5fab25'),('0e425cf5-f647-4eac-b55b-341e4c548ed5','d1dc780e-4b81-4f73-96da-c9579299e532'),('11b6dd1b-b952-4b8a-8e3f-e094cb41a387','4b687421-46dc-476c-9a5a-7ebf2e613728'),('11eeb637-6b8a-4ab9-aaa1-1cfbb63838a5','2e3c84b8-ecea-4073-b301-763cd220ca30'),('12a8a44b-197f-4441-8509-31b2ca7b9154','13d98ff6-b481-4bcd-99bf-84f5f017bce8'),('12a8a44b-197f-4441-8509-31b2ca7b9154','8e2c1547-2143-43a1-94a4-5dd80e344d42'),('1365be7b-b01c-4fdf-89e9-e751a99514bf','16dd1507-03fa-483c-8b46-359573483a8c'),('1365be7b-b01c-4fdf-89e9-e751a99514bf','88a7ae48-12e5-49e7-a7f3-ec8fa908c649'),('18b5086c-261f-4665-bb84-5220e7735256','432b4c23-9c07-49ef-825f-63511ec03c55'),('18b5086c-261f-4665-bb84-5220e7735256','61eed6d3-c7eb-482e-9fea-f4dd07a9fffc'),('1c2cf165-c4f3-4cf0-9cd3-73295ee47806','5ea6a27f-391f-4182-9f2e-e9490602560f'),('1c2cf165-c4f3-4cf0-9cd3-73295ee47806','a07fa6bc-e49f-434c-8e1e-cc5d19673e4d'),('1c2cf165-c4f3-4cf0-9cd3-73295ee47806','cbe54869-d9e4-45cf-a9ac-36c97968715d'),('1d81500f-4679-468f-a2de-4abba2dc6bd5','947af5e5-1258-4775-b06e-999739329628'),('1f685442-0fef-44f3-ae10-f2cce234f94d','75d03edf-048f-4584-b70a-7e47482292f0'),('1f685442-0fef-44f3-ae10-f2cce234f94d','a6991074-464f-4d30-883f-823245ae8f2c'),('20b181d5-bf8b-41c0-a107-6ffc380b67f1','b447b11e-d67a-4b60-a8ba-fd761b94fd58'),('2194b86c-ce58-4494-a815-2326e1893894','214429b7-be92-424a-ac02-d321717dcd09'),('2194b86c-ce58-4494-a815-2326e1893894','36e64e7e-7a52-4c50-b9c3-91e46d25eb6c'),('23678616-5f51-4a90-b1c1-69ccfee13d63','6021f262-ebb1-4afd-b04e-3d39365049c6'),('242eff92-9aee-49c9-9bcc-c839d04b53fa','9762e61c-cae9-45ae-b5b2-3413554e3f16'),('24f658b5-50d0-48e3-bef8-0316d28ef50f','69a344a9-63e3-4b19-9180-650857ba5201'),('24f658b5-50d0-48e3-bef8-0316d28ef50f','9d1c6905-8c73-4b2b-88b5-2a43f49811c4'),('24f658b5-50d0-48e3-bef8-0316d28ef50f','a9882de4-1e8e-4a8b-ae3a-5563ccad831c'),('24f658b5-50d0-48e3-bef8-0316d28ef50f','eebd89c1-277f-4b08-a4d7-dae9eab47cf0'),('25f712e7-1c59-4307-b7ea-e884108d3320','0add5fbb-b696-45b2-8586-73291c5343f1'),('25f712e7-1c59-4307-b7ea-e884108d3320','11a8e9c4-558b-4ce8-b2c9-4487bafa1090'),('25f712e7-1c59-4307-b7ea-e884108d3320','3096ce5e-50e5-4a51-b2b1-edd0261b95e1'),('25f712e7-1c59-4307-b7ea-e884108d3320','34c1f2c5-f962-44d3-8c5d-b0a990b259f3'),('25f712e7-1c59-4307-b7ea-e884108d3320','386d6f45-e3fc-4a35-b1d7-5c90d41d97e8'),('25f712e7-1c59-4307-b7ea-e884108d3320','49234111-3df0-4101-9de7-b813497543a7'),('25f712e7-1c59-4307-b7ea-e884108d3320','49313b13-cea7-435c-91f9-a8fc10a75ebe'),('25f712e7-1c59-4307-b7ea-e884108d3320','531bc4c9-154d-46e1-9650-ff9768700561'),('25f712e7-1c59-4307-b7ea-e884108d3320','541b2ce5-3475-4c0e-aa5b-4a5b973aa4e1'),('25f712e7-1c59-4307-b7ea-e884108d3320','6cb7c1a2-d4a2-4ae3-9602-fae1ec0b77d3'),('25f712e7-1c59-4307-b7ea-e884108d3320','9fe516b0-25b6-42b4-91be-e5a95b2e8764'),('25f712e7-1c59-4307-b7ea-e884108d3320','afec86fe-47e1-440a-87cd-5f8c888a8be4'),('25f712e7-1c59-4307-b7ea-e884108d3320','d285209e-8a7e-4afe-8efb-7bc939fd2791'),('25f712e7-1c59-4307-b7ea-e884108d3320','e8a9dbf5-9791-4bae-ab3b-504b904288fc'),('26984601-fcea-4bb1-b89a-076398a1b0b9','1953629a-a381-497c-addc-525e1b8510f5'),('26984601-fcea-4bb1-b89a-076398a1b0b9','b324a224-2be6-4e5e-878b-05b60d2a289d'),('31eea296-0865-492d-9cfe-dad1fc0bfac0','7c89ca30-6636-4fdf-bd2c-5eea50fcee07'),('35778e49-d1bf-475d-9f90-4fd3c7e6f4ef','6fc18984-33cb-4a45-9e14-9c56eb8a310f'),('35949c2d-f190-48ee-8a49-29e0c23fcdca','2e3c84b8-ecea-4073-b301-763cd220ca30'),('35de38dc-9fc5-4d67-a8a2-88feb557bf39','4b687421-46dc-476c-9a5a-7ebf2e613728'),('35de38dc-9fc5-4d67-a8a2-88feb557bf39','ad869bcf-4bee-4a07-9eb5-c16e98832941'),('37ede91c-7651-48f2-ac14-13da8fec72af','10a92bbc-99d2-494c-b266-7b2e7a6f72f4'),('37ede91c-7651-48f2-ac14-13da8fec72af','fc54d871-1aaf-4038-9051-ee7b3f34f689'),('3a9e82f2-513f-4839-bff9-666cdce60589','1c9b31c7-9def-4212-945b-11f238e342f8'),('3a9e82f2-513f-4839-bff9-666cdce60589','6e3ce2dd-1ced-4609-a88e-91d00ebb440c'),('3c2cdb34-2ea6-4e73-b7ed-c027bd45bdeb','a6991074-464f-4d30-883f-823245ae8f2c'),('3c652db4-8134-4237-8c2b-881ce1818baf','db2abe4d-98c0-47c2-984a-dd51b434f3cf'),('3f25f151-c270-4836-b610-65b63a115616','658bf246-6615-43d4-928e-11f54108f7e5'),('484b8207-d766-4cc3-9172-e132ca6dc832','5549ac43-0569-43a5-95aa-03ef6547a892'),('48672029-557f-4a4d-8730-3b1592ccdc49','00c4cc7f-5e1d-492a-81f5-bb9f571a59ff'),('48c10856-3b1c-44f6-8a9d-ab499fec27f7','02e08188-081e-4b14-8932-d01dec868c47'),('48c10856-3b1c-44f6-8a9d-ab499fec27f7','242eff92-9aee-49c9-9bcc-c839d04b53fa'),('48c10856-3b1c-44f6-8a9d-ab499fec27f7','36b0ac36-a5ec-47fe-b669-f874ed26ca4b'),('48c10856-3b1c-44f6-8a9d-ab499fec27f7','4cec1df6-6591-4ed7-a5a7-ed8b0b8d9e0b'),('48c10856-3b1c-44f6-8a9d-ab499fec27f7','4d2e0426-28fd-4f57-b8c0-65a7e6986c9a'),('48c10856-3b1c-44f6-8a9d-ab499fec27f7','5873e6f2-2cfd-48c3-8478-65c14409912e'),('48c10856-3b1c-44f6-8a9d-ab499fec27f7','7495acc8-bf7c-43ab-a3df-8cafcae834f2'),('48c10856-3b1c-44f6-8a9d-ab499fec27f7','8126840e-dee3-4abd-993a-f5908d710736'),('48c10856-3b1c-44f6-8a9d-ab499fec27f7','928ee94b-2ea4-4d97-9d62-d01fd0d33614'),('48c10856-3b1c-44f6-8a9d-ab499fec27f7','9762e61c-cae9-45ae-b5b2-3413554e3f16'),('48c10856-3b1c-44f6-8a9d-ab499fec27f7','9a936043-9115-4128-9579-acf0133b7d17'),('48c10856-3b1c-44f6-8a9d-ab499fec27f7','9e576e6c-4556-4a33-a892-dfa74dfe90f4'),('48c10856-3b1c-44f6-8a9d-ab499fec27f7','ab9083be-e340-4d9a-bb7e-113f220e5606'),('48c10856-3b1c-44f6-8a9d-ab499fec27f7','c0d157c0-760f-4175-b07e-fb98cb09df62'),('48c10856-3b1c-44f6-8a9d-ab499fec27f7','c2daaa19-80e6-4a5d-9450-afe6ade262c2'),('48c10856-3b1c-44f6-8a9d-ab499fec27f7','d85d9e48-a2fe-488b-89f7-6ede3189de10'),('48c10856-3b1c-44f6-8a9d-ab499fec27f7','ea975d3b-eb56-4630-b61e-f389be1b20e8'),('48c10856-3b1c-44f6-8a9d-ab499fec27f7','f30a8514-a5ad-48e8-b599-6f8b258894d3'),('49313b13-cea7-435c-91f9-a8fc10a75ebe','8e116f83-dd91-4043-87a2-103744139a11'),('4a4e2004-448e-4013-a7f2-c0a360cc5bfa','e64d6af9-89e0-4324-b5f3-ee16c91824f3'),('4c93f6ee-e31f-4d9b-b514-888c7ec09c13','e64d6af9-89e0-4324-b5f3-ee16c91824f3'),('5191daa1-f5e5-4579-bea2-dce8be90d5b1','97420c98-82ac-4a33-ab96-e5e74491fcdb'),('5191daa1-f5e5-4579-bea2-dce8be90d5b1','a8a37711-ee09-401a-b267-fd011287b0f0'),('5191daa1-f5e5-4579-bea2-dce8be90d5b1','c03c91da-f28b-45ff-8ca2-94bde5078abc'),('53fdf5c3-b9d5-4b7a-9ab7-4c5189077e58','6d49a40c-6aea-437a-8772-931795aa2eb7'),('6312791a-434e-4113-aa7a-42178b4fa92f','6fc18984-33cb-4a45-9e14-9c56eb8a310f'),('64954460-a397-42f0-bcaf-b938dbcaf6b6','f5a667a7-6e62-4214-83c2-fcd74aa5a0ef'),('65d00038-754a-4094-b1fe-9aff64bb04aa','21df3d2b-4070-48d6-ac9c-8f9b0e168ef6'),('67bcc725-9186-4811-82c0-63bcc893d806','0574796d-aa9c-402c-ad8e-b075dc9bd6de'),('67bcc725-9186-4811-82c0-63bcc893d806','0dfb0ead-c2c5-4aa0-b982-03e413573b30'),('67bcc725-9186-4811-82c0-63bcc893d806','2371ee76-16d0-474a-af8a-1e6979e242e3'),('67bcc725-9186-4811-82c0-63bcc893d806','242eff92-9aee-49c9-9bcc-c839d04b53fa'),('67bcc725-9186-4811-82c0-63bcc893d806','4d2e0426-28fd-4f57-b8c0-65a7e6986c9a'),('67bcc725-9186-4811-82c0-63bcc893d806','7495acc8-bf7c-43ab-a3df-8cafcae834f2'),('67bcc725-9186-4811-82c0-63bcc893d806','7ab87ed4-fa16-49fc-abd9-39ed9020ee3c'),('67bcc725-9186-4811-82c0-63bcc893d806','8126840e-dee3-4abd-993a-f5908d710736'),('67bcc725-9186-4811-82c0-63bcc893d806','9e576e6c-4556-4a33-a892-dfa74dfe90f4'),('67bcc725-9186-4811-82c0-63bcc893d806','d28d4588-1f7c-4c27-93dd-cc5a3714c9c0'),('67bcc725-9186-4811-82c0-63bcc893d806','dc635b10-2207-4fef-a5ed-fa6b2ebf1117'),('67bcc725-9186-4811-82c0-63bcc893d806','e2c4ad12-9149-4502-9839-140ffaf7a6d2'),('67bcc725-9186-4811-82c0-63bcc893d806','e314c58f-8258-4295-a281-a3453784098a'),('67bcc725-9186-4811-82c0-63bcc893d806','eb87ecc9-ad8f-45d4-9fa0-b26d6df75558'),('6958e33b-b0c2-4c19-9081-7592d165c555','6653450c-8eb4-4fc3-80a2-4338860bf01b'),('6958e33b-b0c2-4c19-9081-7592d165c555','b447b11e-d67a-4b60-a8ba-fd761b94fd58'),('6b54fd87-8a68-4de0-a131-ebee65b9bd68','71e248b2-06c7-44c6-b55d-6bc0c40b2259'),('6b54fd87-8a68-4de0-a131-ebee65b9bd68','f3cc0cb8-408e-40f9-8d6d-371a957d5102'),('6fd09fc4-ce5c-44d6-b891-8b34caa9419d','24f8fcfa-9f46-41ff-978c-e49456ed8561'),('6fd09fc4-ce5c-44d6-b891-8b34caa9419d','bcd304dc-137a-494d-be08-76bf4898ddff'),('7221b4f3-7798-416c-a3c7-4a0eda49855e','34c1f2c5-f962-44d3-8c5d-b0a990b259f3'),('7221b4f3-7798-416c-a3c7-4a0eda49855e','d285209e-8a7e-4afe-8efb-7bc939fd2791'),('7297c7b4-f529-4167-8a08-6087d8ead5e6','34c1f2c5-f962-44d3-8c5d-b0a990b259f3'),('7297c7b4-f529-4167-8a08-6087d8ead5e6','541b2ce5-3475-4c0e-aa5b-4a5b973aa4e1'),('7297c7b4-f529-4167-8a08-6087d8ead5e6','d285209e-8a7e-4afe-8efb-7bc939fd2791'),('7497416b-35a7-4240-8d45-b46162f0764e','0bfbac9c-6b8d-433e-a6d7-cdee8f5b21bb'),('78c0fe07-2d9c-41b9-be8c-14b5356a636d','b6560c2f-f57b-4e22-a3e3-212717466cc4'),('7a467c7c-8c4d-4432-a08e-b72cadfa3245','0cd1ffc6-bc97-4ee0-94a3-4e06605e1da0'),('7a467c7c-8c4d-4432-a08e-b72cadfa3245','297fa8ae-7631-41bb-a563-18549e660148'),('7a467c7c-8c4d-4432-a08e-b72cadfa3245','49cc6ea3-6e01-4c94-8906-ea6e3cb8fcdb'),('7a467c7c-8c4d-4432-a08e-b72cadfa3245','5731218e-3844-44d3-a2e5-bbf181f3af29'),('7a467c7c-8c4d-4432-a08e-b72cadfa3245','7d3ca58a-42c1-4d7e-b080-ea7b878876f7'),('7a467c7c-8c4d-4432-a08e-b72cadfa3245','861addb4-d8d4-4f18-a14b-a39e3b2a486f'),('7a467c7c-8c4d-4432-a08e-b72cadfa3245','97420c98-82ac-4a33-ab96-e5e74491fcdb'),('7a467c7c-8c4d-4432-a08e-b72cadfa3245','a4168aab-c39f-448b-a74b-2558d484aaf7'),('7a467c7c-8c4d-4432-a08e-b72cadfa3245','a8a37711-ee09-401a-b267-fd011287b0f0'),('7a467c7c-8c4d-4432-a08e-b72cadfa3245','a954f237-db8d-4393-8453-b10e61613059'),('7a467c7c-8c4d-4432-a08e-b72cadfa3245','ba7ebb7e-3852-43da-a25c-3cd28805d6d1'),('7a467c7c-8c4d-4432-a08e-b72cadfa3245','c03c91da-f28b-45ff-8ca2-94bde5078abc'),('7a467c7c-8c4d-4432-a08e-b72cadfa3245','c6528721-23c5-4c2e-95a7-5f9265d3ad4c'),('7a467c7c-8c4d-4432-a08e-b72cadfa3245','dc4a74fa-b158-4207-9b99-db31ceda9989'),('7ab6516c-93f0-49e6-98f6-661535eccfa9','4be18e6c-c9f1-4a5b-87c0-48b29e963dab'),('7ff33427-a382-4133-809d-9a27f1f51688','1953629a-a381-497c-addc-525e1b8510f5'),('7ff33427-a382-4133-809d-9a27f1f51688','1f6ff5cb-2ef3-45a6-814d-075b2ec233e8'),('7ff33427-a382-4133-809d-9a27f1f51688','26984601-fcea-4bb1-b89a-076398a1b0b9'),('7ff33427-a382-4133-809d-9a27f1f51688','3096ce5e-50e5-4a51-b2b1-edd0261b95e1'),('7ff33427-a382-4133-809d-9a27f1f51688','49313b13-cea7-435c-91f9-a8fc10a75ebe'),('7ff33427-a382-4133-809d-9a27f1f51688','531bc4c9-154d-46e1-9650-ff9768700561'),('7ff33427-a382-4133-809d-9a27f1f51688','5b96559a-23a3-4d60-8c7b-348e642f81d0'),('7ff33427-a382-4133-809d-9a27f1f51688','6cb7c1a2-d4a2-4ae3-9602-fae1ec0b77d3'),('7ff33427-a382-4133-809d-9a27f1f51688','71292692-f9da-45e0-8738-edb1e8eb87d3'),('7ff33427-a382-4133-809d-9a27f1f51688','72ef290a-7f92-4078-8bd6-9a09388fe550'),('7ff33427-a382-4133-809d-9a27f1f51688','7cffe39a-6528-4fd4-9615-500a5380c3a9'),('7ff33427-a382-4133-809d-9a27f1f51688','7f6575aa-ccd9-482c-926f-f83b7a137a9f'),('7ff33427-a382-4133-809d-9a27f1f51688','8e116f83-dd91-4043-87a2-103744139a11'),('7ff33427-a382-4133-809d-9a27f1f51688','afec86fe-47e1-440a-87cd-5f8c888a8be4'),('7ff33427-a382-4133-809d-9a27f1f51688','b324a224-2be6-4e5e-878b-05b60d2a289d'),('7ff33427-a382-4133-809d-9a27f1f51688','b9955ff6-967d-43b3-bcc7-402edcb1f743'),('7ff33427-a382-4133-809d-9a27f1f51688','de39b741-6fb7-4814-9aba-8611c9cdb5bb'),('7ff33427-a382-4133-809d-9a27f1f51688','e8fdf9b2-1d62-465f-8555-8eba05d814e1'),('8100ba4d-af3b-4fe1-8b24-f8ef29eb339b','d1dc780e-4b81-4f73-96da-c9579299e532'),('87b8e675-6ece-4ac8-a6a4-1da6e13af703','b6560c2f-f57b-4e22-a3e3-212717466cc4'),('8960a001-9fc4-41b7-b400-a4bc0e39fd76','05f9e362-ba15-45ef-8237-8dc70cede94c'),('8960a001-9fc4-41b7-b400-a4bc0e39fd76','0e092af8-83df-4145-a158-5ee186cf95ad'),('8960a001-9fc4-41b7-b400-a4bc0e39fd76','12a8a44b-197f-4441-8509-31b2ca7b9154'),('8960a001-9fc4-41b7-b400-a4bc0e39fd76','13d98ff6-b481-4bcd-99bf-84f5f017bce8'),('8960a001-9fc4-41b7-b400-a4bc0e39fd76','28386897-c49b-4771-a324-5d0955e6795f'),('8960a001-9fc4-41b7-b400-a4bc0e39fd76','53c38eda-f448-41be-b56b-ae4ef8736615'),('8960a001-9fc4-41b7-b400-a4bc0e39fd76','5a7379c0-9dc5-4423-b103-2d1750629efc'),('8960a001-9fc4-41b7-b400-a4bc0e39fd76','6a85e567-9896-491f-97c8-9ed1af824478'),('8960a001-9fc4-41b7-b400-a4bc0e39fd76','6d3b25cf-5b0f-4bcb-b540-98c5161173a1'),('8960a001-9fc4-41b7-b400-a4bc0e39fd76','74816fcb-c4a6-4c97-9527-39ba49dd0c84'),('8960a001-9fc4-41b7-b400-a4bc0e39fd76','8e2c1547-2143-43a1-94a4-5dd80e344d42'),('8960a001-9fc4-41b7-b400-a4bc0e39fd76','914a63ff-bc44-4d01-8233-c8bd0b4fb422'),('8960a001-9fc4-41b7-b400-a4bc0e39fd76','a3ed7688-51b0-49dc-9bf9-a6b4ef2735fb'),('8960a001-9fc4-41b7-b400-a4bc0e39fd76','b4c8a1cb-baba-4f1c-83d5-355ebf01d974'),('8960a001-9fc4-41b7-b400-a4bc0e39fd76','cd181c39-ef0a-4aae-9262-79c1d5d5dda3'),('8960a001-9fc4-41b7-b400-a4bc0e39fd76','e2e8e7ad-7c96-4a1a-bf26-9fa5dd3368d7'),('8960a001-9fc4-41b7-b400-a4bc0e39fd76','e740d66d-fea5-4cd8-9349-346861a861ea'),('8960a001-9fc4-41b7-b400-a4bc0e39fd76','ff77549f-c959-47f0-b701-4433902a34fc'),('8b683043-211e-4b44-a702-54f1a4ce5346','5ea6a27f-391f-4182-9f2e-e9490602560f'),('8b683043-211e-4b44-a702-54f1a4ce5346','a07fa6bc-e49f-434c-8e1e-cc5d19673e4d'),('8c1e2842-b510-4ac2-bb5b-78e8beaa58cf','00c4cc7f-5e1d-492a-81f5-bb9f571a59ff'),('8c1e2842-b510-4ac2-bb5b-78e8beaa58cf','04377354-c55a-47d5-ad7a-dc8ba15719cf'),('8c1e2842-b510-4ac2-bb5b-78e8beaa58cf','1960ee75-ddc7-44ba-b529-d28b9051d31e'),('8c1e2842-b510-4ac2-bb5b-78e8beaa58cf','1a4db4a2-1dc6-48ee-b418-660a0c621cc2'),('8c1e2842-b510-4ac2-bb5b-78e8beaa58cf','1cd441bd-42c4-4682-9f98-ec9d86347282'),('8c1e2842-b510-4ac2-bb5b-78e8beaa58cf','24f8fcfa-9f46-41ff-978c-e49456ed8561'),('8c1e2842-b510-4ac2-bb5b-78e8beaa58cf','39255c8f-839e-4613-b104-392dd6dd48c4'),('8c1e2842-b510-4ac2-bb5b-78e8beaa58cf','48672029-557f-4a4d-8730-3b1592ccdc49'),('8c1e2842-b510-4ac2-bb5b-78e8beaa58cf','6cebb403-e600-4e39-9d65-c6d6c0b2f37b'),('8c1e2842-b510-4ac2-bb5b-78e8beaa58cf','6fd09fc4-ce5c-44d6-b891-8b34caa9419d'),('8c1e2842-b510-4ac2-bb5b-78e8beaa58cf','8ca166a7-fed8-4bb5-835f-70b5c17b7300'),('8c1e2842-b510-4ac2-bb5b-78e8beaa58cf','bcd304dc-137a-494d-be08-76bf4898ddff'),('8c1e2842-b510-4ac2-bb5b-78e8beaa58cf','e079f518-1fa5-4d88-82c4-6c9252107f69'),('8c1e2842-b510-4ac2-bb5b-78e8beaa58cf','ef61c5b8-e817-4853-955f-f8d4ad1cb48e'),('8c1e2842-b510-4ac2-bb5b-78e8beaa58cf','f4a88e00-d34c-4b37-816f-d73b3254da1a'),('8c1e2842-b510-4ac2-bb5b-78e8beaa58cf','f9ba9047-a839-4e25-bf3b-67ef5a5f6b92'),('8c1e2842-b510-4ac2-bb5b-78e8beaa58cf','fac00ba2-0360-4ad0-8d95-9fa132d29e7a'),('8c1e2842-b510-4ac2-bb5b-78e8beaa58cf','ff24344c-6aca-45d1-b8ae-5419a37ad441'),('8c332389-73fb-4026-86bb-162f0ef16eb1','1c9b31c7-9def-4212-945b-11f238e342f8'),('927640f9-d877-4fd6-b965-8bc086c727b1','a6991074-464f-4d30-883f-823245ae8f2c'),('93d6640b-4c55-47c0-a1be-b289d768dbed','d84abd82-c726-4d0b-8388-ed63f1dab628'),('94289be7-212a-4055-932b-8e9f1d43cc72','dcfe83b3-4eb4-49e5-b176-11eec02a0615'),('95574367-34a7-4196-ac78-1bc355f43933','008d0b84-b7ee-4a73-81d3-cf555a5094c3'),('95574367-34a7-4196-ac78-1bc355f43933','154ba925-8d39-470c-8b32-7d1b85e0b38d'),('95574367-34a7-4196-ac78-1bc355f43933','214429b7-be92-424a-ac02-d321717dcd09'),('95574367-34a7-4196-ac78-1bc355f43933','2194b86c-ce58-4494-a815-2326e1893894'),('95574367-34a7-4196-ac78-1bc355f43933','2d6461fe-d4c4-4b68-b9af-5acfadbe4900'),('95574367-34a7-4196-ac78-1bc355f43933','36e64e7e-7a52-4c50-b9c3-91e46d25eb6c'),('95574367-34a7-4196-ac78-1bc355f43933','49cc6ea3-6e01-4c94-8906-ea6e3cb8fcdb'),('95574367-34a7-4196-ac78-1bc355f43933','54838726-c77a-4316-a320-f0f6959dde33'),('95574367-34a7-4196-ac78-1bc355f43933','5731218e-3844-44d3-a2e5-bbf181f3af29'),('95574367-34a7-4196-ac78-1bc355f43933','82af04db-de62-41a0-a572-103dbe225f73'),('95574367-34a7-4196-ac78-1bc355f43933','861addb4-d8d4-4f18-a14b-a39e3b2a486f'),('95574367-34a7-4196-ac78-1bc355f43933','a954f237-db8d-4393-8453-b10e61613059'),('95574367-34a7-4196-ac78-1bc355f43933','ae9d57e5-1425-450c-8440-59761d22dc49'),('95574367-34a7-4196-ac78-1bc355f43933','cb6bd5a5-692e-41ba-934c-4443460e1d2e'),('95574367-34a7-4196-ac78-1bc355f43933','cf71b596-9395-48b4-bd41-40dea580f3ea'),('95574367-34a7-4196-ac78-1bc355f43933','dc4a74fa-b158-4207-9b99-db31ceda9989'),('95574367-34a7-4196-ac78-1bc355f43933','dded3dc6-2586-466a-a86e-ec09d8bf7ce0'),('95574367-34a7-4196-ac78-1bc355f43933','e3e06823-92e0-47a3-b2b8-36da3648ba67'),('9664eae8-c7d9-458f-9826-9f808a38defd','ef857485-9a31-44e8-a26d-82e56d05a36b'),('9a69d67b-6e12-423a-abee-348efff81bd4','10a92bbc-99d2-494c-b266-7b2e7a6f72f4'),('9c84a23e-a350-4fcd-bc2d-0ea2177cbf68','2900eddb-fe3c-4038-96fa-b8104f63aad4'),('9c84a23e-a350-4fcd-bc2d-0ea2177cbf68','3bc90807-6865-4878-9fb0-2876c28112e8'),('9c84a23e-a350-4fcd-bc2d-0ea2177cbf68','65d00038-754a-4094-b1fe-9aff64bb04aa'),('9c84a23e-a350-4fcd-bc2d-0ea2177cbf68','71e3039c-fdd2-4b6a-851d-e89ca82f43b5'),('a5802ab6-01b1-4309-b143-7168733970f1','f5a667a7-6e62-4214-83c2-fcd74aa5a0ef'),('a8c43b8e-8abf-4710-a10f-45689e3e4d1a','f1723cdf-3358-4701-949e-e2fb54cfa68a'),('aa16e16d-3305-4538-a0b0-cdca06f54699','0d1c1974-873c-4ba0-bc58-14ba9718a5be'),('b006e21f-4db3-453d-8cbc-508e35bc5e3a','30789df9-d138-4ce1-995a-28afaf898eb3'),('b006e21f-4db3-453d-8cbc-508e35bc5e3a','8a64efe1-7b40-4ab4-a817-09f23425fc94'),('b006e21f-4db3-453d-8cbc-508e35bc5e3a','b8d6e8ff-b132-4894-b2cd-e4c7860d10e0'),('b006e21f-4db3-453d-8cbc-508e35bc5e3a','ee45f4eb-9984-42e1-b0dc-72f0b4c8594d'),('b4c8a1cb-baba-4f1c-83d5-355ebf01d974','e2e8e7ad-7c96-4a1a-bf26-9fa5dd3368d7'),('b9b38803-20b2-42f7-83cb-f6520681f9b4','34666c82-3aa3-4de1-9953-636ffed9e16e'),('b9b38803-20b2-42f7-83cb-f6520681f9b4','cf2b1444-5e34-419f-be90-33d604ac1d68'),('ba19c3fc-3a45-434b-84ed-6497d55e257a','454bb2b0-f7d4-4427-ba1e-e4aa8ce303e2'),('ba19c3fc-3a45-434b-84ed-6497d55e257a','5549ac43-0569-43a5-95aa-03ef6547a892'),('be112f6d-246c-4857-b54c-a28e91d20544','0dd2f686-945d-4e8f-af38-bf45d8281b0d'),('be112f6d-246c-4857-b54c-a28e91d20544','324bef73-bfb6-4353-8f72-6d3190a2fc4a'),('be112f6d-246c-4857-b54c-a28e91d20544','52ae2fcf-bd67-423a-8c42-4d5b7da61bcd'),('be112f6d-246c-4857-b54c-a28e91d20544','900f29dc-a363-46e9-bb73-5824bf810151'),('c2a7332d-4450-4a4a-879b-c781cf4fc7ec','0fb74eb7-69c5-4585-8937-f4dbadb9db71'),('c2a7332d-4450-4a4a-879b-c781cf4fc7ec','30155623-e66c-43a9-ac4a-9737648b7d08'),('c6e29561-7e01-44e2-b316-c8c6f08537b1','9ec48cf1-e270-4a32-95b7-5dcfdfacdb04'),('c6e29561-7e01-44e2-b316-c8c6f08537b1','ea4f4b85-eca8-425e-bbf1-657c5ba619dd'),('c875a7c9-26fb-4195-96f0-3f689a4f5819','83e34751-5196-4229-8562-0834cf915f1e'),('c875a7c9-26fb-4195-96f0-3f689a4f5819','ef857485-9a31-44e8-a26d-82e56d05a36b'),('c99b8965-1c0d-4253-90c4-2fa88fd0b777','5549ac43-0569-43a5-95aa-03ef6547a892'),('ca1ac41f-cbd1-43ed-af5f-ae041e0436a1','89c8bd0a-0bfe-46e8-ae5a-1e90abbfcfdc'),('ca1ac41f-cbd1-43ed-af5f-ae041e0436a1','aca2d603-c619-4f2f-8509-7998ce7cb899'),('ca877a4e-b403-442c-8faf-12baf7099d61','34666c82-3aa3-4de1-9953-636ffed9e16e'),('ca8ddf58-4372-436d-8a30-aa203b078563','a7229766-c866-40de-badb-c2a66e0c67b2'),('ce2805ec-1c55-4678-87d1-8a6981dcdc61','16dd1507-03fa-483c-8b46-359573483a8c'),('ce2805ec-1c55-4678-87d1-8a6981dcdc61','1cd441bd-42c4-4682-9f98-ec9d86347282'),('ce2805ec-1c55-4678-87d1-8a6981dcdc61','1f467f11-cc05-45f8-a7ca-3edcc7b60a51'),('ce2805ec-1c55-4678-87d1-8a6981dcdc61','20a5468d-4ae2-483a-a77b-7a5fcf0a9d6b'),('ce2805ec-1c55-4678-87d1-8a6981dcdc61','404c78c7-a902-4228-9112-c0ffa08cda20'),('ce2805ec-1c55-4678-87d1-8a6981dcdc61','48672029-557f-4a4d-8730-3b1592ccdc49'),('ce2805ec-1c55-4678-87d1-8a6981dcdc61','780f5ace-09fb-4d7f-a274-414992d522df'),('ce2805ec-1c55-4678-87d1-8a6981dcdc61','88a7ae48-12e5-49e7-a7f3-ec8fa908c649'),('ce2805ec-1c55-4678-87d1-8a6981dcdc61','a43b2bd7-5ae0-49f8-adcf-2dcde7d04640'),('ce2805ec-1c55-4678-87d1-8a6981dcdc61','ea103037-cad1-4cdb-9846-3fe974be19de'),('ce2805ec-1c55-4678-87d1-8a6981dcdc61','f4a88e00-d34c-4b37-816f-d73b3254da1a'),('ce2805ec-1c55-4678-87d1-8a6981dcdc61','f9ba9047-a839-4e25-bf3b-67ef5a5f6b92'),('ce2805ec-1c55-4678-87d1-8a6981dcdc61','fac00ba2-0360-4ad0-8d95-9fa132d29e7a'),('ce2805ec-1c55-4678-87d1-8a6981dcdc61','ff976da0-7d61-4279-8ac8-56b21c2d1cf6'),('d1c30e8b-4d71-4d97-9c45-1da8f318c2aa','0dfb0ead-c2c5-4aa0-b982-03e413573b30'),('d1c30e8b-4d71-4d97-9c45-1da8f318c2aa','e2c4ad12-9149-4502-9839-140ffaf7a6d2'),('d1c30e8b-4d71-4d97-9c45-1da8f318c2aa','eb87ecc9-ad8f-45d4-9fa0-b26d6df75558'),('d2dad045-c6d7-4c29-af76-f4e86fabbfe1','6d49a40c-6aea-437a-8772-931795aa2eb7'),('d67e0755-a1ed-4d6b-b5f1-accf35407a35','4b687421-46dc-476c-9a5a-7ebf2e613728'),('d8d01d7f-3e5a-4a99-87a7-00a9228aeaf8','9656ff84-c381-45d8-84fe-4fb7deb400ff'),('d8d01d7f-3e5a-4a99-87a7-00a9228aeaf8','e64d6af9-89e0-4324-b5f3-ee16c91824f3'),('d9d40d55-1204-44e2-9dc4-4bc3bdfa42cc','37f64ccd-1cae-4ce7-8566-1a990ccab7d4'),('d9d40d55-1204-44e2-9dc4-4bc3bdfa42cc','f5a667a7-6e62-4214-83c2-fcd74aa5a0ef'),('dbe7b89a-c2f2-42f7-a872-19d5229d6053','01bc9a35-2fd6-4932-b9ae-d65a03cce22f'),('dbe7b89a-c2f2-42f7-a872-19d5229d6053','07d8ae2d-71ee-4405-ab51-337107321299'),('dbe7b89a-c2f2-42f7-a872-19d5229d6053','0acdc3ed-f25b-4b9f-9906-8753b9d62fd0'),('dbe7b89a-c2f2-42f7-a872-19d5229d6053','0cfca865-e04a-4d2a-aeb3-47f7a47a2551'),('dbe7b89a-c2f2-42f7-a872-19d5229d6053','0d1c1974-873c-4ba0-bc58-14ba9718a5be'),('dbe7b89a-c2f2-42f7-a872-19d5229d6053','0fb74eb7-69c5-4585-8937-f4dbadb9db71'),('dbe7b89a-c2f2-42f7-a872-19d5229d6053','10cd3305-bbd4-4a44-bcb2-e185cd39bc1b'),('dbe7b89a-c2f2-42f7-a872-19d5229d6053','1245d8e8-6a6f-43ec-a7cb-bb5c0fe1e155'),('dbe7b89a-c2f2-42f7-a872-19d5229d6053','18b5086c-261f-4665-bb84-5220e7735256'),('dbe7b89a-c2f2-42f7-a872-19d5229d6053','19ad9ae0-b9ac-438f-9026-1222602bddbe'),('dbe7b89a-c2f2-42f7-a872-19d5229d6053','1ada0fa5-be3f-4adc-a804-2d909f77ca1a'),('dbe7b89a-c2f2-42f7-a872-19d5229d6053','1cfeef18-8bab-4cb4-8b33-e6c7f9765565'),('dbe7b89a-c2f2-42f7-a872-19d5229d6053','1d81500f-4679-468f-a2de-4abba2dc6bd5'),('dbe7b89a-c2f2-42f7-a872-19d5229d6053','1e6fa4ef-140c-4e61-9265-4002db29e26e'),('dbe7b89a-c2f2-42f7-a872-19d5229d6053','1fe4516a-bec2-4bcf-91a1-6c6b981204a3'),('dbe7b89a-c2f2-42f7-a872-19d5229d6053','24577b4f-858f-4c4e-b28a-7602edd04f18'),('dbe7b89a-c2f2-42f7-a872-19d5229d6053','30155623-e66c-43a9-ac4a-9737648b7d08'),('dbe7b89a-c2f2-42f7-a872-19d5229d6053','30520916-925f-4705-b72d-6596ccf4f524'),('dbe7b89a-c2f2-42f7-a872-19d5229d6053','3128c58f-c12e-4cd0-9f0f-07151dffcf33'),('dbe7b89a-c2f2-42f7-a872-19d5229d6053','31458ab5-6ebb-4ed9-ab12-f469285c6980'),('dbe7b89a-c2f2-42f7-a872-19d5229d6053','31eea296-0865-492d-9cfe-dad1fc0bfac0'),('dbe7b89a-c2f2-42f7-a872-19d5229d6053','32ae4d66-9159-480a-aa6d-2f57d24bc0bf'),('dbe7b89a-c2f2-42f7-a872-19d5229d6053','3398f5fc-107f-4b3d-a02a-1442b3a461ba'),('dbe7b89a-c2f2-42f7-a872-19d5229d6053','36738461-e80e-4acf-95ef-aa6d6bb69e37'),('dbe7b89a-c2f2-42f7-a872-19d5229d6053','3adecd4a-070e-4a56-9d9a-496f55db864b'),('dbe7b89a-c2f2-42f7-a872-19d5229d6053','3df47512-a3f5-4210-baf0-92366651bd74'),('dbe7b89a-c2f2-42f7-a872-19d5229d6053','3eadd843-fc71-4287-8244-318cf078b23f'),('dbe7b89a-c2f2-42f7-a872-19d5229d6053','432b4c23-9c07-49ef-825f-63511ec03c55'),('dbe7b89a-c2f2-42f7-a872-19d5229d6053','474e3ade-a272-466e-b4f2-450320177ba0'),('dbe7b89a-c2f2-42f7-a872-19d5229d6053','4858170f-df08-449d-8222-683503d48b94'),('dbe7b89a-c2f2-42f7-a872-19d5229d6053','4bce1b2e-6425-484b-9463-8503d339c877'),('dbe7b89a-c2f2-42f7-a872-19d5229d6053','4cf27655-2198-4a9c-8b0f-57524227be16'),('dbe7b89a-c2f2-42f7-a872-19d5229d6053','4d6420b8-2c07-48dd-8704-af8644092e67'),('dbe7b89a-c2f2-42f7-a872-19d5229d6053','507d9246-9c48-4f95-a37a-b16cc5c8e4a1'),('dbe7b89a-c2f2-42f7-a872-19d5229d6053','5243ba00-59c9-411b-a2aa-132b58c121f4'),('dbe7b89a-c2f2-42f7-a872-19d5229d6053','544a40c6-74bf-437f-929a-71384dceee33'),('dbe7b89a-c2f2-42f7-a872-19d5229d6053','54539fee-e0d6-4d45-8281-5e1d77278f9c'),('dbe7b89a-c2f2-42f7-a872-19d5229d6053','56511491-e993-481b-b8b9-fea60ec6f0c1'),('dbe7b89a-c2f2-42f7-a872-19d5229d6053','5886144d-80ee-4903-8f69-2864e27b6ab6'),('dbe7b89a-c2f2-42f7-a872-19d5229d6053','59ba9114-32b0-44ac-b145-7666761577be'),('dbe7b89a-c2f2-42f7-a872-19d5229d6053','5b1b9886-084b-470c-a034-e2a7cc6500af'),('dbe7b89a-c2f2-42f7-a872-19d5229d6053','5c87566a-c06a-451b-bce1-72cf73464ca7'),('dbe7b89a-c2f2-42f7-a872-19d5229d6053','6037275a-45d1-4d9f-82a6-802ea90ecaa4'),('dbe7b89a-c2f2-42f7-a872-19d5229d6053','61eed6d3-c7eb-482e-9fea-f4dd07a9fffc'),('dbe7b89a-c2f2-42f7-a872-19d5229d6053','62f41d11-9196-42cd-b51e-d8d0b79ed61c'),('dbe7b89a-c2f2-42f7-a872-19d5229d6053','63321981-a549-4352-864f-fc044093322b'),('dbe7b89a-c2f2-42f7-a872-19d5229d6053','6744f0b4-bfdf-4b9f-9f8a-1b7b756dd981'),('dbe7b89a-c2f2-42f7-a872-19d5229d6053','698d3f7f-35bf-4676-954a-230f5d3b8aa0'),('dbe7b89a-c2f2-42f7-a872-19d5229d6053','6a436955-55a3-4c0d-9d77-89e4f378df08'),('dbe7b89a-c2f2-42f7-a872-19d5229d6053','6b54fd87-8a68-4de0-a131-ebee65b9bd68'),('dbe7b89a-c2f2-42f7-a872-19d5229d6053','6c06c734-88a5-450b-9eb9-32e38f7f7cde'),('dbe7b89a-c2f2-42f7-a872-19d5229d6053','6e5a5ea5-e689-46ac-ae56-be76dc9e9fed'),('dbe7b89a-c2f2-42f7-a872-19d5229d6053','70ff9944-5a9a-4881-8353-ea9294d6eed7'),('dbe7b89a-c2f2-42f7-a872-19d5229d6053','71ad0b47-abe2-4ab0-9494-fb6db55bc4e0'),('dbe7b89a-c2f2-42f7-a872-19d5229d6053','71e248b2-06c7-44c6-b55d-6bc0c40b2259'),('dbe7b89a-c2f2-42f7-a872-19d5229d6053','77f9d44d-9850-404d-984e-56e55797e0b8'),('dbe7b89a-c2f2-42f7-a872-19d5229d6053','79f5d69e-c000-43e8-9291-ff4fdc22016a'),('dbe7b89a-c2f2-42f7-a872-19d5229d6053','7c89ca30-6636-4fdf-bd2c-5eea50fcee07'),('dbe7b89a-c2f2-42f7-a872-19d5229d6053','816859e2-0093-4328-9c48-a092e9d7bdaf'),('dbe7b89a-c2f2-42f7-a872-19d5229d6053','85d36ebc-4006-46d8-a373-1a645a0c96b6'),('dbe7b89a-c2f2-42f7-a872-19d5229d6053','87d8170d-6f71-4014-afde-9605abb886a1'),('dbe7b89a-c2f2-42f7-a872-19d5229d6053','89c8bd0a-0bfe-46e8-ae5a-1e90abbfcfdc'),('dbe7b89a-c2f2-42f7-a872-19d5229d6053','8b418788-4a18-48a8-bb94-8d43422f7178'),('dbe7b89a-c2f2-42f7-a872-19d5229d6053','8b56bd11-9fe1-457a-92a7-9c950abd53a4'),('dbe7b89a-c2f2-42f7-a872-19d5229d6053','91b1c915-aebe-4580-9489-1bbba0c38b00'),('dbe7b89a-c2f2-42f7-a872-19d5229d6053','94289be7-212a-4055-932b-8e9f1d43cc72'),('dbe7b89a-c2f2-42f7-a872-19d5229d6053','947af5e5-1258-4775-b06e-999739329628'),('dbe7b89a-c2f2-42f7-a872-19d5229d6053','9909583b-f926-4373-91ec-c57208160e1f'),('dbe7b89a-c2f2-42f7-a872-19d5229d6053','9c8fd5cf-333f-4bf4-b65e-f4249407f275'),('dbe7b89a-c2f2-42f7-a872-19d5229d6053','9e2ef275-1dd9-4558-bf1d-9d3c16c17d03'),('dbe7b89a-c2f2-42f7-a872-19d5229d6053','9ec48cf1-e270-4a32-95b7-5dcfdfacdb04'),('dbe7b89a-c2f2-42f7-a872-19d5229d6053','a0fdb0c9-2f07-486a-8e69-6158eac71515'),('dbe7b89a-c2f2-42f7-a872-19d5229d6053','a314df0b-e50e-4810-bcc7-c4ce18180579'),('dbe7b89a-c2f2-42f7-a872-19d5229d6053','a5f06591-199b-467b-832d-3414adcc8abd'),('dbe7b89a-c2f2-42f7-a872-19d5229d6053','a8c43b8e-8abf-4710-a10f-45689e3e4d1a'),('dbe7b89a-c2f2-42f7-a872-19d5229d6053','aa16e16d-3305-4538-a0b0-cdca06f54699'),('dbe7b89a-c2f2-42f7-a872-19d5229d6053','aca2d603-c619-4f2f-8509-7998ce7cb899'),('dbe7b89a-c2f2-42f7-a872-19d5229d6053','b53cb840-0584-46f9-bc8e-617230be5ed1'),('dbe7b89a-c2f2-42f7-a872-19d5229d6053','b964b2bd-7705-46e5-8074-b33293f56361'),('dbe7b89a-c2f2-42f7-a872-19d5229d6053','ba082f05-a099-4d49-aea5-185856b15479'),('dbe7b89a-c2f2-42f7-a872-19d5229d6053','c2a7332d-4450-4a4a-879b-c781cf4fc7ec'),('dbe7b89a-c2f2-42f7-a872-19d5229d6053','c30a21fa-13d0-4b68-88d6-9d4a8829ce2b'),('dbe7b89a-c2f2-42f7-a872-19d5229d6053','c359e404-ba63-4d75-bcfd-f716f0ceb769'),('dbe7b89a-c2f2-42f7-a872-19d5229d6053','c6e29561-7e01-44e2-b316-c8c6f08537b1'),('dbe7b89a-c2f2-42f7-a872-19d5229d6053','c767a8d9-a88e-45b2-b9e8-5f3be6431ad8'),('dbe7b89a-c2f2-42f7-a872-19d5229d6053','ca1225e0-c0f4-42a0-a4b2-f872d13c25fe'),('dbe7b89a-c2f2-42f7-a872-19d5229d6053','ca1ac41f-cbd1-43ed-af5f-ae041e0436a1'),('dbe7b89a-c2f2-42f7-a872-19d5229d6053','ccf8f12e-a8b1-49dc-a328-039ff4632b70'),('dbe7b89a-c2f2-42f7-a872-19d5229d6053','cfaf094f-a73a-4b9d-8e92-2d22916edb98'),('dbe7b89a-c2f2-42f7-a872-19d5229d6053','d685b8e3-3abb-4470-974a-15e32c0993f7'),('dbe7b89a-c2f2-42f7-a872-19d5229d6053','d7752a11-a60f-4b4b-bbfd-2bb6cc4840a3'),('dbe7b89a-c2f2-42f7-a872-19d5229d6053','dbd65774-7fa1-44ea-86a3-cb585b2ab7a6'),('dbe7b89a-c2f2-42f7-a872-19d5229d6053','dcfe83b3-4eb4-49e5-b176-11eec02a0615'),('dbe7b89a-c2f2-42f7-a872-19d5229d6053','dee2aa88-030a-4fb5-aa10-faec7cab6b59'),('dbe7b89a-c2f2-42f7-a872-19d5229d6053','e0d3c9e6-70d1-41f0-a255-ca1ca127fca6'),('dbe7b89a-c2f2-42f7-a872-19d5229d6053','e106f051-816c-4bbf-9a96-460ac763059b'),('dbe7b89a-c2f2-42f7-a872-19d5229d6053','e2833b06-a0ca-45c2-8883-888e5c0c1e2b'),('dbe7b89a-c2f2-42f7-a872-19d5229d6053','ea4f4b85-eca8-425e-bbf1-657c5ba619dd'),('dbe7b89a-c2f2-42f7-a872-19d5229d6053','ec28c6cd-2951-4d2f-be8e-0d7dbd3a4c06'),('dbe7b89a-c2f2-42f7-a872-19d5229d6053','f1723cdf-3358-4701-949e-e2fb54cfa68a'),('dbe7b89a-c2f2-42f7-a872-19d5229d6053','f1e9ad9f-4d66-4c94-942a-abbdd9dafe57'),('dbe7b89a-c2f2-42f7-a872-19d5229d6053','f1fc9102-924d-4d62-87a3-702910df1b4c'),('dbe7b89a-c2f2-42f7-a872-19d5229d6053','f25cd164-77a0-4e13-ae3a-2fac193f91b1'),('dbe7b89a-c2f2-42f7-a872-19d5229d6053','f3885d17-eb34-4518-84de-59f73aa7b631'),('dbe7b89a-c2f2-42f7-a872-19d5229d6053','f3cc0cb8-408e-40f9-8d6d-371a957d5102'),('dbe7b89a-c2f2-42f7-a872-19d5229d6053','f4688fb6-3e43-4cff-9a8f-f0abe20d97cd'),('dbe7b89a-c2f2-42f7-a872-19d5229d6053','f4ea6322-a172-4298-9867-389546ee6a54'),('dbe7b89a-c2f2-42f7-a872-19d5229d6053','f7f7c692-1f83-4901-89ed-e880eb4b810a'),('dbe7b89a-c2f2-42f7-a872-19d5229d6053','fe78a95a-5aa0-47b6-a640-fdfc4afcd256'),('dc4a74fa-b158-4207-9b99-db31ceda9989','e3e06823-92e0-47a3-b2b8-36da3648ba67'),('dcac98d8-f7f2-45bb-8fd5-c05eeac3d40d','ef857485-9a31-44e8-a26d-82e56d05a36b'),('dd35383f-c20c-40de-97cf-205d57896b29','16dd1507-03fa-483c-8b46-359573483a8c'),('dd35383f-c20c-40de-97cf-205d57896b29','404c78c7-a902-4228-9112-c0ffa08cda20'),('dd35383f-c20c-40de-97cf-205d57896b29','88a7ae48-12e5-49e7-a7f3-ec8fa908c649'),('e0062728-bd29-4496-a250-9043254a7116','34666c82-3aa3-4de1-9953-636ffed9e16e'),('e0d18af3-62f5-4fd7-9da8-cbdeaaf3aec2','6fc18984-33cb-4a45-9e14-9c56eb8a310f'),('e0d18af3-62f5-4fd7-9da8-cbdeaaf3aec2','a394ed9e-c1ab-4eba-b255-6cf18c7dad81'),('e215219d-ebb0-4fd3-8301-0d1f01617938','24917eb1-d781-4f1a-9c27-4b24c82854a3'),('e215219d-ebb0-4fd3-8301-0d1f01617938','b6560c2f-f57b-4e22-a3e3-212717466cc4'),('e4c17f1b-b90e-441b-93a5-b5c224f31c46','0dfb0ead-c2c5-4aa0-b982-03e413573b30'),('e4c17f1b-b90e-441b-93a5-b5c224f31c46','e2c4ad12-9149-4502-9839-140ffaf7a6d2'),('e5b00e1c-2e64-429b-a054-98bb9fddd4ab','2e3c84b8-ecea-4073-b301-763cd220ca30'),('e5b00e1c-2e64-429b-a054-98bb9fddd4ab','7cf7d1e7-fc35-4df5-913d-5f9741eaef2e'),('ea7f79a8-f9e3-40f2-bd1e-d0213ead58de','6d49a40c-6aea-437a-8772-931795aa2eb7'),('ea7f79a8-f9e3-40f2-bd1e-d0213ead58de','e4b4e9b1-2dde-4d00-92e1-bd5932a99ff1'),('ebb77633-fb56-45c6-b1c6-7175e41c77c0','97420c98-82ac-4a33-ab96-e5e74491fcdb'),('ebb77633-fb56-45c6-b1c6-7175e41c77c0','c03c91da-f28b-45ff-8ca2-94bde5078abc'),('ec27d0ec-fdef-4492-97e4-2aa911dfb9e5','1c9b31c7-9def-4212-945b-11f238e342f8'),('ec42044e-1857-4780-a49f-c2e211892783','d1dc780e-4b81-4f73-96da-c9579299e532'),('ed8d9449-9273-4cd8-98c3-84cb5b87fc8f','1a28d016-59a5-49b4-80c8-92f09abd1204'),('ed8d9449-9273-4cd8-98c3-84cb5b87fc8f','274a3a7f-6c60-4086-b522-c57cdcb6c898'),('ed8d9449-9273-4cd8-98c3-84cb5b87fc8f','5a7379c0-9dc5-4423-b103-2d1750629efc'),('ed8d9449-9273-4cd8-98c3-84cb5b87fc8f','5ea6a27f-391f-4182-9f2e-e9490602560f'),('ed8d9449-9273-4cd8-98c3-84cb5b87fc8f','611039d6-ae7d-4385-8a2b-b47e027b2d06'),('ed8d9449-9273-4cd8-98c3-84cb5b87fc8f','6a85e567-9896-491f-97c8-9ed1af824478'),('ed8d9449-9273-4cd8-98c3-84cb5b87fc8f','6d3b25cf-5b0f-4bcb-b540-98c5161173a1'),('ed8d9449-9273-4cd8-98c3-84cb5b87fc8f','74816fcb-c4a6-4c97-9527-39ba49dd0c84'),('ed8d9449-9273-4cd8-98c3-84cb5b87fc8f','7c8a21cc-8f7c-40a9-bef1-00f4fa64e03d'),('ed8d9449-9273-4cd8-98c3-84cb5b87fc8f','980ddc38-deaa-4137-b303-aa412195c84f'),('ed8d9449-9273-4cd8-98c3-84cb5b87fc8f','982d5c3e-5f02-445f-a967-c8e04581968e'),('ed8d9449-9273-4cd8-98c3-84cb5b87fc8f','a07fa6bc-e49f-434c-8e1e-cc5d19673e4d'),('ed8d9449-9273-4cd8-98c3-84cb5b87fc8f','b4c8a1cb-baba-4f1c-83d5-355ebf01d974'),('ed8d9449-9273-4cd8-98c3-84cb5b87fc8f','cbe54869-d9e4-45cf-a9ac-36c97968715d'),('ee3f5f3c-c052-4810-aa1c-690a9c0f08bb','cc2f9468-d529-447f-8383-6328434e058e'),('ee45f4eb-9984-42e1-b0dc-72f0b4c8594d','c581a390-8e09-4011-97ae-f0226dff3b03'),('eebd89c1-277f-4b08-a4d7-dae9eab47cf0','84d08a0d-07ca-45d5-968f-6986b8247090'),('f1e9ad9f-4d66-4c94-942a-abbdd9dafe57','a0fdb0c9-2f07-486a-8e69-6158eac71515'),('f1e9ad9f-4d66-4c94-942a-abbdd9dafe57','f1fc9102-924d-4d62-87a3-702910df1b4c'),('f30a8514-a5ad-48e8-b599-6f8b258894d3','4cec1df6-6591-4ed7-a5a7-ed8b0b8d9e0b'),('f30a8514-a5ad-48e8-b599-6f8b258894d3','5873e6f2-2cfd-48c3-8478-65c14409912e'),('f9f46b68-3d18-4b8e-b4c8-e61092f86bfa','10a92bbc-99d2-494c-b266-7b2e7a6f72f4'),('fe78a95a-5aa0-47b6-a640-fdfc4afcd256','8b56bd11-9fe1-457a-92a7-9c950abd53a4'),('fee578c6-cae8-4918-90ad-5cb1cdbd7ee6','1c866b13-1b3c-4b8a-9e65-410f03759eba'),('fee578c6-cae8-4918-90ad-5cb1cdbd7ee6','3c652db4-8134-4237-8c2b-881ce1818baf'),('fee578c6-cae8-4918-90ad-5cb1cdbd7ee6','520feffe-ca15-410f-a331-709531480d16'),('fee578c6-cae8-4918-90ad-5cb1cdbd7ee6','8028ecf1-720e-462a-ae22-6610d59f134e');
UNLOCK TABLES;

--
-- Dumping data for table `CREDENTIAL`
--

LOCK TABLES `CREDENTIAL` WRITE;
INSERT INTO `CREDENTIAL` VALUES ('6b877461-2b2b-45b7-926d-49eb54c0f9ec',NULL,'password','eb0170e4-dc33-4912-a268-052b8234c43c',1755591051056,NULL,'{\"value\":\"z1lxrkq+7nvN+WuNklQI444ZCIKXYrPOOMpVE9SGLULrWAkq+oX2272aUt7G8pIj1b0476gUgF4H9KdOfT0pUQ==\",\"salt\":\"clsYg5+2RlTbPK05brADkg==\",\"additionalParameters\":{}}','{\"hashIterations\":210000,\"algorithm\":\"pbkdf2-sha512\",\"additionalParameters\":{}}',10),('74816a7a-72bb-4c56-a268-5ff70a75f4a7',NULL,'password','2e17e43b-654c-47b3-91fa-35a9cd5e1067',1755591036111,NULL,'{\"value\":\"Rk8IRyOXzlHPWxUFHWMAUQqKwFGQxMB7KGb63qc7xP2uQI0PL0gW3WqWWlmZ9xpHEUx0Ad4RKOhkW9ffBCyUJg==\",\"salt\":\"2QYT7NiCtNSP2AwsdvKKTA==\",\"additionalParameters\":{}}','{\"hashIterations\":210000,\"algorithm\":\"pbkdf2-sha512\",\"additionalParameters\":{}}',10),('7c71229f-93e3-473f-bf33-1b04631e58ee',NULL,'password','52e0b689-8b97-48c6-b85c-861f6daf5497',1755591019691,NULL,'{\"value\":\"CC1ijrXcVL5RaT/vjE2TFS/sCaBL5nqn7e7IIsx6yE0kaW7x/2qf1Qne21SAmOUQ0C1f3QmaMEYMxqoOCz6d9Q==\",\"salt\":\"jJ5308ZlYly7nmbIayVbow==\",\"additionalParameters\":{}}','{\"hashIterations\":210000,\"algorithm\":\"pbkdf2-sha512\",\"additionalParameters\":{}}',10),('a696891b-e4fc-4964-9739-e07229d665cd',NULL,'password','87e9d871-9812-4e8f-9ae8-25b1de8007c3',1755591067498,NULL,'{\"value\":\"8gtHWKqc4mgaoczBP3ZJNIi+gB7yfyhXYRWdxW5QPbMt3UBbShCwZ3DgFcM+kPXcw4PiUTQ0wNs3P5LhgOf/TQ==\",\"salt\":\"3PYjWTybw7zzPXHvZhEhFw==\",\"additionalParameters\":{}}','{\"hashIterations\":210000,\"algorithm\":\"pbkdf2-sha512\",\"additionalParameters\":{}}',10),('b5b534e0-8c44-4335-b127-865ad48bb981',NULL,'password','0d3ecd32-2905-43ff-b166-15f5cc14b69f',1755590818707,NULL,'{\"value\":\"NJbiRosxtUnHvqSc61L8vzvpt+vDp3LKgPniCMtE6/88lVDLeigwqIJVgFvCDXCdZUhEYM69Wg/SyfgGEbjtug==\",\"salt\":\"cMazpgbsmDQMFfCNu0FQbw==\",\"additionalParameters\":{}}','{\"hashIterations\":210000,\"algorithm\":\"pbkdf2-sha512\",\"additionalParameters\":{}}',10),('d3594d45-318f-4a14-81d2-35ea0694b1ed',NULL,'password','1be43b9e-0ad6-4401-980f-3ef5a5a6b889',1755591081689,NULL,'{\"value\":\"VoabUrxj85UODtfcy6di9FP+OZOGKYE4zXUu8WK/nPXmk9h1+WtekYiNJqzor2bSAIzq3iqzHOVJotEWzhSFVA==\",\"salt\":\"X6mNgh1AOz38AKBFJmTi7w==\",\"additionalParameters\":{}}','{\"hashIterations\":210000,\"algorithm\":\"pbkdf2-sha512\",\"additionalParameters\":{}}',10);
UNLOCK TABLES;

--
-- Dumping data for table `DATABASECHANGELOG`
--

LOCK TABLES `DATABASECHANGELOG` WRITE;
INSERT INTO `DATABASECHANGELOG` VALUES ('1.0.0.Final-KEYCLOAK-5461','sthorger@redhat.com','META-INF/jpa-changelog-1.0.0.Final.xml','2025-08-19 17:06:48',1,'EXECUTED','9:6f1016664e21e16d26517a4418f5e3df','createTable tableName=APPLICATION_DEFAULT_ROLES; createTable tableName=CLIENT; createTable tableName=CLIENT_SESSION; createTable tableName=CLIENT_SESSION_ROLE; createTable tableName=COMPOSITE_ROLE; createTable tableName=CREDENTIAL; createTable tab...','',NULL,'4.25.1',NULL,NULL,'5590806362'),('1.0.0.Final-KEYCLOAK-5461','sthorger@redhat.com','META-INF/db2-jpa-changelog-1.0.0.Final.xml','2025-08-19 17:06:48',2,'MARK_RAN','9:828775b1596a07d1200ba1d49e5e3941','createTable tableName=APPLICATION_DEFAULT_ROLES; createTable tableName=CLIENT; createTable tableName=CLIENT_SESSION; createTable tableName=CLIENT_SESSION_ROLE; createTable tableName=COMPOSITE_ROLE; createTable tableName=CREDENTIAL; createTable tab...','',NULL,'4.25.1',NULL,NULL,'5590806362'),('1.1.0.Beta1','sthorger@redhat.com','META-INF/jpa-changelog-1.1.0.Beta1.xml','2025-08-19 17:06:48',3,'EXECUTED','9:5f090e44a7d595883c1fb61f4b41fd38','delete tableName=CLIENT_SESSION_ROLE; delete tableName=CLIENT_SESSION; delete tableName=USER_SESSION; createTable tableName=CLIENT_ATTRIBUTES; createTable tableName=CLIENT_SESSION_NOTE; createTable tableName=APP_NODE_REGISTRATIONS; addColumn table...','',NULL,'4.25.1',NULL,NULL,'5590806362'),('1.1.0.Final','sthorger@redhat.com','META-INF/jpa-changelog-1.1.0.Final.xml','2025-08-19 17:06:48',4,'EXECUTED','9:c07e577387a3d2c04d1adc9aaad8730e','renameColumn newColumnName=EVENT_TIME, oldColumnName=TIME, tableName=EVENT_ENTITY','',NULL,'4.25.1',NULL,NULL,'5590806362'),('1.2.0.Beta1','psilva@redhat.com','META-INF/jpa-changelog-1.2.0.Beta1.xml','2025-08-19 17:06:49',5,'EXECUTED','9:b68ce996c655922dbcd2fe6b6ae72686','delete tableName=CLIENT_SESSION_ROLE; delete tableName=CLIENT_SESSION_NOTE; delete tableName=CLIENT_SESSION; delete tableName=USER_SESSION; createTable tableName=PROTOCOL_MAPPER; createTable tableName=PROTOCOL_MAPPER_CONFIG; createTable tableName=...','',NULL,'4.25.1',NULL,NULL,'5590806362'),('1.2.0.Beta1','psilva@redhat.com','META-INF/db2-jpa-changelog-1.2.0.Beta1.xml','2025-08-19 17:06:49',6,'MARK_RAN','9:543b5c9989f024fe35c6f6c5a97de88e','delete tableName=CLIENT_SESSION_ROLE; delete tableName=CLIENT_SESSION_NOTE; delete tableName=CLIENT_SESSION; delete tableName=USER_SESSION; createTable tableName=PROTOCOL_MAPPER; createTable tableName=PROTOCOL_MAPPER_CONFIG; createTable tableName=...','',NULL,'4.25.1',NULL,NULL,'5590806362'),('1.2.0.RC1','bburke@redhat.com','META-INF/jpa-changelog-1.2.0.CR1.xml','2025-08-19 17:06:49',7,'EXECUTED','9:765afebbe21cf5bbca048e632df38336','delete tableName=CLIENT_SESSION_ROLE; delete tableName=CLIENT_SESSION_NOTE; delete tableName=CLIENT_SESSION; delete tableName=USER_SESSION_NOTE; delete tableName=USER_SESSION; createTable tableName=MIGRATION_MODEL; createTable tableName=IDENTITY_P...','',NULL,'4.25.1',NULL,NULL,'5590806362'),('1.2.0.RC1','bburke@redhat.com','META-INF/db2-jpa-changelog-1.2.0.CR1.xml','2025-08-19 17:06:49',8,'MARK_RAN','9:db4a145ba11a6fdaefb397f6dbf829a1','delete tableName=CLIENT_SESSION_ROLE; delete tableName=CLIENT_SESSION_NOTE; delete tableName=CLIENT_SESSION; delete tableName=USER_SESSION_NOTE; delete tableName=USER_SESSION; createTable tableName=MIGRATION_MODEL; createTable tableName=IDENTITY_P...','',NULL,'4.25.1',NULL,NULL,'5590806362'),('1.2.0.Final','keycloak','META-INF/jpa-changelog-1.2.0.Final.xml','2025-08-19 17:06:49',9,'EXECUTED','9:9d05c7be10cdb873f8bcb41bc3a8ab23','update tableName=CLIENT; update tableName=CLIENT; update tableName=CLIENT','',NULL,'4.25.1',NULL,NULL,'5590806362'),('1.3.0','bburke@redhat.com','META-INF/jpa-changelog-1.3.0.xml','2025-08-19 17:06:50',10,'EXECUTED','9:18593702353128d53111f9b1ff0b82b8','delete tableName=CLIENT_SESSION_ROLE; delete tableName=CLIENT_SESSION_PROT_MAPPER; delete tableName=CLIENT_SESSION_NOTE; delete tableName=CLIENT_SESSION; delete tableName=USER_SESSION_NOTE; delete tableName=USER_SESSION; createTable tableName=ADMI...','',NULL,'4.25.1',NULL,NULL,'5590806362'),('1.4.0','bburke@redhat.com','META-INF/jpa-changelog-1.4.0.xml','2025-08-19 17:06:50',11,'EXECUTED','9:6122efe5f090e41a85c0f1c9e52cbb62','delete tableName=CLIENT_SESSION_AUTH_STATUS; delete tableName=CLIENT_SESSION_ROLE; delete tableName=CLIENT_SESSION_PROT_MAPPER; delete tableName=CLIENT_SESSION_NOTE; delete tableName=CLIENT_SESSION; delete tableName=USER_SESSION_NOTE; delete table...','',NULL,'4.25.1',NULL,NULL,'5590806362'),('1.4.0','bburke@redhat.com','META-INF/db2-jpa-changelog-1.4.0.xml','2025-08-19 17:06:50',12,'MARK_RAN','9:e1ff28bf7568451453f844c5d54bb0b5','delete tableName=CLIENT_SESSION_AUTH_STATUS; delete tableName=CLIENT_SESSION_ROLE; delete tableName=CLIENT_SESSION_PROT_MAPPER; delete tableName=CLIENT_SESSION_NOTE; delete tableName=CLIENT_SESSION; delete tableName=USER_SESSION_NOTE; delete table...','',NULL,'4.25.1',NULL,NULL,'5590806362'),('1.5.0','bburke@redhat.com','META-INF/jpa-changelog-1.5.0.xml','2025-08-19 17:06:50',13,'EXECUTED','9:7af32cd8957fbc069f796b61217483fd','delete tableName=CLIENT_SESSION_AUTH_STATUS; delete tableName=CLIENT_SESSION_ROLE; delete tableName=CLIENT_SESSION_PROT_MAPPER; delete tableName=CLIENT_SESSION_NOTE; delete tableName=CLIENT_SESSION; delete tableName=USER_SESSION_NOTE; delete table...','',NULL,'4.25.1',NULL,NULL,'5590806362'),('1.6.1_from15','mposolda@redhat.com','META-INF/jpa-changelog-1.6.1.xml','2025-08-19 17:06:50',14,'EXECUTED','9:6005e15e84714cd83226bf7879f54190','addColumn tableName=REALM; addColumn tableName=KEYCLOAK_ROLE; addColumn tableName=CLIENT; createTable tableName=OFFLINE_USER_SESSION; createTable tableName=OFFLINE_CLIENT_SESSION; addPrimaryKey constraintName=CONSTRAINT_OFFL_US_SES_PK2, tableName=...','',NULL,'4.25.1',NULL,NULL,'5590806362'),('1.6.1_from16-pre','mposolda@redhat.com','META-INF/jpa-changelog-1.6.1.xml','2025-08-19 17:06:50',15,'MARK_RAN','9:bf656f5a2b055d07f314431cae76f06c','delete tableName=OFFLINE_CLIENT_SESSION; delete tableName=OFFLINE_USER_SESSION','',NULL,'4.25.1',NULL,NULL,'5590806362'),('1.6.1_from16','mposolda@redhat.com','META-INF/jpa-changelog-1.6.1.xml','2025-08-19 17:06:50',16,'MARK_RAN','9:f8dadc9284440469dcf71e25ca6ab99b','dropPrimaryKey constraintName=CONSTRAINT_OFFLINE_US_SES_PK, tableName=OFFLINE_USER_SESSION; dropPrimaryKey constraintName=CONSTRAINT_OFFLINE_CL_SES_PK, tableName=OFFLINE_CLIENT_SESSION; addColumn tableName=OFFLINE_USER_SESSION; update tableName=OF...','',NULL,'4.25.1',NULL,NULL,'5590806362'),('1.6.1','mposolda@redhat.com','META-INF/jpa-changelog-1.6.1.xml','2025-08-19 17:06:50',17,'EXECUTED','9:d41d8cd98f00b204e9800998ecf8427e','empty','',NULL,'4.25.1',NULL,NULL,'5590806362'),('1.7.0','bburke@redhat.com','META-INF/jpa-changelog-1.7.0.xml','2025-08-19 17:06:50',18,'EXECUTED','9:3368ff0be4c2855ee2dd9ca813b38d8e','createTable tableName=KEYCLOAK_GROUP; createTable tableName=GROUP_ROLE_MAPPING; createTable tableName=GROUP_ATTRIBUTE; createTable tableName=USER_GROUP_MEMBERSHIP; createTable tableName=REALM_DEFAULT_GROUPS; addColumn tableName=IDENTITY_PROVIDER; ...','',NULL,'4.25.1',NULL,NULL,'5590806362'),('1.8.0','mposolda@redhat.com','META-INF/jpa-changelog-1.8.0.xml','2025-08-19 17:06:50',19,'EXECUTED','9:8ac2fb5dd030b24c0570a763ed75ed20','addColumn tableName=IDENTITY_PROVIDER; createTable tableName=CLIENT_TEMPLATE; createTable tableName=CLIENT_TEMPLATE_ATTRIBUTES; createTable tableName=TEMPLATE_SCOPE_MAPPING; dropNotNullConstraint columnName=CLIENT_ID, tableName=PROTOCOL_MAPPER; ad...','',NULL,'4.25.1',NULL,NULL,'5590806362'),('1.8.0-2','keycloak','META-INF/jpa-changelog-1.8.0.xml','2025-08-19 17:06:50',20,'EXECUTED','9:f91ddca9b19743db60e3057679810e6c','dropDefaultValue columnName=ALGORITHM, tableName=CREDENTIAL; update tableName=CREDENTIAL','',NULL,'4.25.1',NULL,NULL,'5590806362'),('1.8.0','mposolda@redhat.com','META-INF/db2-jpa-changelog-1.8.0.xml','2025-08-19 17:06:50',21,'MARK_RAN','9:831e82914316dc8a57dc09d755f23c51','addColumn tableName=IDENTITY_PROVIDER; createTable tableName=CLIENT_TEMPLATE; createTable tableName=CLIENT_TEMPLATE_ATTRIBUTES; createTable tableName=TEMPLATE_SCOPE_MAPPING; dropNotNullConstraint columnName=CLIENT_ID, tableName=PROTOCOL_MAPPER; ad...','',NULL,'4.25.1',NULL,NULL,'5590806362'),('1.8.0-2','keycloak','META-INF/db2-jpa-changelog-1.8.0.xml','2025-08-19 17:06:50',22,'MARK_RAN','9:f91ddca9b19743db60e3057679810e6c','dropDefaultValue columnName=ALGORITHM, tableName=CREDENTIAL; update tableName=CREDENTIAL','',NULL,'4.25.1',NULL,NULL,'5590806362'),('1.9.0','mposolda@redhat.com','META-INF/jpa-changelog-1.9.0.xml','2025-08-19 17:06:50',23,'EXECUTED','9:bc3d0f9e823a69dc21e23e94c7a94bb1','update tableName=REALM; update tableName=REALM; update tableName=REALM; update tableName=REALM; update tableName=CREDENTIAL; update tableName=CREDENTIAL; update tableName=CREDENTIAL; update tableName=REALM; update tableName=REALM; customChange; dr...','',NULL,'4.25.1',NULL,NULL,'5590806362'),('1.9.1','keycloak','META-INF/jpa-changelog-1.9.1.xml','2025-08-19 17:06:50',24,'EXECUTED','9:c9999da42f543575ab790e76439a2679','modifyDataType columnName=PRIVATE_KEY, tableName=REALM; modifyDataType columnName=PUBLIC_KEY, tableName=REALM; modifyDataType columnName=CERTIFICATE, tableName=REALM','',NULL,'4.25.1',NULL,NULL,'5590806362'),('1.9.1','keycloak','META-INF/db2-jpa-changelog-1.9.1.xml','2025-08-19 17:06:50',25,'MARK_RAN','9:0d6c65c6f58732d81569e77b10ba301d','modifyDataType columnName=PRIVATE_KEY, tableName=REALM; modifyDataType columnName=CERTIFICATE, tableName=REALM','',NULL,'4.25.1',NULL,NULL,'5590806362'),('1.9.2','keycloak','META-INF/jpa-changelog-1.9.2.xml','2025-08-19 17:06:51',26,'EXECUTED','9:fc576660fc016ae53d2d4778d84d86d0','createIndex indexName=IDX_USER_EMAIL, tableName=USER_ENTITY; createIndex indexName=IDX_USER_ROLE_MAPPING, tableName=USER_ROLE_MAPPING; createIndex indexName=IDX_USER_GROUP_MAPPING, tableName=USER_GROUP_MEMBERSHIP; createIndex indexName=IDX_USER_CO...','',NULL,'4.25.1',NULL,NULL,'5590806362'),('authz-2.0.0','psilva@redhat.com','META-INF/jpa-changelog-authz-2.0.0.xml','2025-08-19 17:06:51',27,'EXECUTED','9:43ed6b0da89ff77206289e87eaa9c024','createTable tableName=RESOURCE_SERVER; addPrimaryKey constraintName=CONSTRAINT_FARS, tableName=RESOURCE_SERVER; addUniqueConstraint constraintName=UK_AU8TT6T700S9V50BU18WS5HA6, tableName=RESOURCE_SERVER; createTable tableName=RESOURCE_SERVER_RESOU...','',NULL,'4.25.1',NULL,NULL,'5590806362'),('authz-2.5.1','psilva@redhat.com','META-INF/jpa-changelog-authz-2.5.1.xml','2025-08-19 17:06:51',28,'EXECUTED','9:44bae577f551b3738740281eceb4ea70','update tableName=RESOURCE_SERVER_POLICY','',NULL,'4.25.1',NULL,NULL,'5590806362'),('2.1.0-KEYCLOAK-5461','bburke@redhat.com','META-INF/jpa-changelog-2.1.0.xml','2025-08-19 17:06:51',29,'EXECUTED','9:bd88e1f833df0420b01e114533aee5e8','createTable tableName=BROKER_LINK; createTable tableName=FED_USER_ATTRIBUTE; createTable tableName=FED_USER_CONSENT; createTable tableName=FED_USER_CONSENT_ROLE; createTable tableName=FED_USER_CONSENT_PROT_MAPPER; createTable tableName=FED_USER_CR...','',NULL,'4.25.1',NULL,NULL,'5590806362'),('2.2.0','bburke@redhat.com','META-INF/jpa-changelog-2.2.0.xml','2025-08-19 17:06:51',30,'EXECUTED','9:a7022af5267f019d020edfe316ef4371','addColumn tableName=ADMIN_EVENT_ENTITY; createTable tableName=CREDENTIAL_ATTRIBUTE; createTable tableName=FED_CREDENTIAL_ATTRIBUTE; modifyDataType columnName=VALUE, tableName=CREDENTIAL; addForeignKeyConstraint baseTableName=FED_CREDENTIAL_ATTRIBU...','',NULL,'4.25.1',NULL,NULL,'5590806362'),('2.3.0','bburke@redhat.com','META-INF/jpa-changelog-2.3.0.xml','2025-08-19 17:06:51',31,'EXECUTED','9:fc155c394040654d6a79227e56f5e25a','createTable tableName=FEDERATED_USER; addPrimaryKey constraintName=CONSTR_FEDERATED_USER, tableName=FEDERATED_USER; dropDefaultValue columnName=TOTP, tableName=USER_ENTITY; dropColumn columnName=TOTP, tableName=USER_ENTITY; addColumn tableName=IDE...','',NULL,'4.25.1',NULL,NULL,'5590806362'),('2.4.0','bburke@redhat.com','META-INF/jpa-changelog-2.4.0.xml','2025-08-19 17:06:51',32,'EXECUTED','9:eac4ffb2a14795e5dc7b426063e54d88','customChange','',NULL,'4.25.1',NULL,NULL,'5590806362'),('2.5.0','bburke@redhat.com','META-INF/jpa-changelog-2.5.0.xml','2025-08-19 17:06:51',33,'EXECUTED','9:54937c05672568c4c64fc9524c1e9462','customChange; modifyDataType columnName=USER_ID, tableName=OFFLINE_USER_SESSION','',NULL,'4.25.1',NULL,NULL,'5590806362'),('2.5.0-unicode-oracle','hmlnarik@redhat.com','META-INF/jpa-changelog-2.5.0.xml','2025-08-19 17:06:51',34,'MARK_RAN','9:3a32bace77c84d7678d035a7f5a8084e','modifyDataType columnName=DESCRIPTION, tableName=AUTHENTICATION_FLOW; modifyDataType columnName=DESCRIPTION, tableName=CLIENT_TEMPLATE; modifyDataType columnName=DESCRIPTION, tableName=RESOURCE_SERVER_POLICY; modifyDataType columnName=DESCRIPTION,...','',NULL,'4.25.1',NULL,NULL,'5590806362'),('2.5.0-unicode-other-dbs','hmlnarik@redhat.com','META-INF/jpa-changelog-2.5.0.xml','2025-08-19 17:06:52',35,'EXECUTED','9:33d72168746f81f98ae3a1e8e0ca3554','modifyDataType columnName=DESCRIPTION, tableName=AUTHENTICATION_FLOW; modifyDataType columnName=DESCRIPTION, tableName=CLIENT_TEMPLATE; modifyDataType columnName=DESCRIPTION, tableName=RESOURCE_SERVER_POLICY; modifyDataType columnName=DESCRIPTION,...','',NULL,'4.25.1',NULL,NULL,'5590806362'),('2.5.0-duplicate-email-support','slawomir@dabek.name','META-INF/jpa-changelog-2.5.0.xml','2025-08-19 17:06:52',36,'EXECUTED','9:61b6d3d7a4c0e0024b0c839da283da0c','addColumn tableName=REALM','',NULL,'4.25.1',NULL,NULL,'5590806362'),('2.5.0-unique-group-names','hmlnarik@redhat.com','META-INF/jpa-changelog-2.5.0.xml','2025-08-19 17:06:52',37,'EXECUTED','9:8dcac7bdf7378e7d823cdfddebf72fda','addUniqueConstraint constraintName=SIBLING_NAMES, tableName=KEYCLOAK_GROUP','',NULL,'4.25.1',NULL,NULL,'5590806362'),('2.5.1','bburke@redhat.com','META-INF/jpa-changelog-2.5.1.xml','2025-08-19 17:06:52',38,'EXECUTED','9:a2b870802540cb3faa72098db5388af3','addColumn tableName=FED_USER_CONSENT','',NULL,'4.25.1',NULL,NULL,'5590806362'),('3.0.0','bburke@redhat.com','META-INF/jpa-changelog-3.0.0.xml','2025-08-19 17:06:52',39,'EXECUTED','9:132a67499ba24bcc54fb5cbdcfe7e4c0','addColumn tableName=IDENTITY_PROVIDER','',NULL,'4.25.1',NULL,NULL,'5590806362'),('3.2.0-fix','keycloak','META-INF/jpa-changelog-3.2.0.xml','2025-08-19 17:06:52',40,'MARK_RAN','9:938f894c032f5430f2b0fafb1a243462','addNotNullConstraint columnName=REALM_ID, tableName=CLIENT_INITIAL_ACCESS','',NULL,'4.25.1',NULL,NULL,'5590806362'),('3.2.0-fix-with-keycloak-5416','keycloak','META-INF/jpa-changelog-3.2.0.xml','2025-08-19 17:06:52',41,'MARK_RAN','9:845c332ff1874dc5d35974b0babf3006','dropIndex indexName=IDX_CLIENT_INIT_ACC_REALM, tableName=CLIENT_INITIAL_ACCESS; addNotNullConstraint columnName=REALM_ID, tableName=CLIENT_INITIAL_ACCESS; createIndex indexName=IDX_CLIENT_INIT_ACC_REALM, tableName=CLIENT_INITIAL_ACCESS','',NULL,'4.25.1',NULL,NULL,'5590806362'),('3.2.0-fix-offline-sessions','hmlnarik','META-INF/jpa-changelog-3.2.0.xml','2025-08-19 17:06:52',42,'EXECUTED','9:fc86359c079781adc577c5a217e4d04c','customChange','',NULL,'4.25.1',NULL,NULL,'5590806362'),('3.2.0-fixed','keycloak','META-INF/jpa-changelog-3.2.0.xml','2025-08-19 17:06:52',43,'EXECUTED','9:59a64800e3c0d09b825f8a3b444fa8f4','addColumn tableName=REALM; dropPrimaryKey constraintName=CONSTRAINT_OFFL_CL_SES_PK2, tableName=OFFLINE_CLIENT_SESSION; dropColumn columnName=CLIENT_SESSION_ID, tableName=OFFLINE_CLIENT_SESSION; addPrimaryKey constraintName=CONSTRAINT_OFFL_CL_SES_P...','',NULL,'4.25.1',NULL,NULL,'5590806362'),('3.3.0','keycloak','META-INF/jpa-changelog-3.3.0.xml','2025-08-19 17:06:52',44,'EXECUTED','9:d48d6da5c6ccf667807f633fe489ce88','addColumn tableName=USER_ENTITY','',NULL,'4.25.1',NULL,NULL,'5590806362'),('authz-3.4.0.CR1-resource-server-pk-change-part1','glavoie@gmail.com','META-INF/jpa-changelog-authz-3.4.0.CR1.xml','2025-08-19 17:06:52',45,'EXECUTED','9:dde36f7973e80d71fceee683bc5d2951','addColumn tableName=RESOURCE_SERVER_POLICY; addColumn tableName=RESOURCE_SERVER_RESOURCE; addColumn tableName=RESOURCE_SERVER_SCOPE','',NULL,'4.25.1',NULL,NULL,'5590806362'),('authz-3.4.0.CR1-resource-server-pk-change-part2-KEYCLOAK-6095','hmlnarik@redhat.com','META-INF/jpa-changelog-authz-3.4.0.CR1.xml','2025-08-19 17:06:52',46,'EXECUTED','9:b855e9b0a406b34fa323235a0cf4f640','customChange','',NULL,'4.25.1',NULL,NULL,'5590806362'),('authz-3.4.0.CR1-resource-server-pk-change-part3-fixed','glavoie@gmail.com','META-INF/jpa-changelog-authz-3.4.0.CR1.xml','2025-08-19 17:06:52',47,'MARK_RAN','9:51abbacd7b416c50c4421a8cabf7927e','dropIndex indexName=IDX_RES_SERV_POL_RES_SERV, tableName=RESOURCE_SERVER_POLICY; dropIndex indexName=IDX_RES_SRV_RES_RES_SRV, tableName=RESOURCE_SERVER_RESOURCE; dropIndex indexName=IDX_RES_SRV_SCOPE_RES_SRV, tableName=RESOURCE_SERVER_SCOPE','',NULL,'4.25.1',NULL,NULL,'5590806362'),('authz-3.4.0.CR1-resource-server-pk-change-part3-fixed-nodropindex','glavoie@gmail.com','META-INF/jpa-changelog-authz-3.4.0.CR1.xml','2025-08-19 17:06:52',48,'EXECUTED','9:bdc99e567b3398bac83263d375aad143','addNotNullConstraint columnName=RESOURCE_SERVER_CLIENT_ID, tableName=RESOURCE_SERVER_POLICY; addNotNullConstraint columnName=RESOURCE_SERVER_CLIENT_ID, tableName=RESOURCE_SERVER_RESOURCE; addNotNullConstraint columnName=RESOURCE_SERVER_CLIENT_ID, ...','',NULL,'4.25.1',NULL,NULL,'5590806362'),('authn-3.4.0.CR1-refresh-token-max-reuse','glavoie@gmail.com','META-INF/jpa-changelog-authz-3.4.0.CR1.xml','2025-08-19 17:06:52',49,'EXECUTED','9:d198654156881c46bfba39abd7769e69','addColumn tableName=REALM','',NULL,'4.25.1',NULL,NULL,'5590806362'),('3.4.0','keycloak','META-INF/jpa-changelog-3.4.0.xml','2025-08-19 17:06:53',50,'EXECUTED','9:cfdd8736332ccdd72c5256ccb42335db','addPrimaryKey constraintName=CONSTRAINT_REALM_DEFAULT_ROLES, tableName=REALM_DEFAULT_ROLES; addPrimaryKey constraintName=CONSTRAINT_COMPOSITE_ROLE, tableName=COMPOSITE_ROLE; addPrimaryKey constraintName=CONSTR_REALM_DEFAULT_GROUPS, tableName=REALM...','',NULL,'4.25.1',NULL,NULL,'5590806362'),('3.4.0-KEYCLOAK-5230','hmlnarik@redhat.com','META-INF/jpa-changelog-3.4.0.xml','2025-08-19 17:06:53',51,'EXECUTED','9:7c84de3d9bd84d7f077607c1a4dcb714','createIndex indexName=IDX_FU_ATTRIBUTE, tableName=FED_USER_ATTRIBUTE; createIndex indexName=IDX_FU_CONSENT, tableName=FED_USER_CONSENT; createIndex indexName=IDX_FU_CONSENT_RU, tableName=FED_USER_CONSENT; createIndex indexName=IDX_FU_CREDENTIAL, t...','',NULL,'4.25.1',NULL,NULL,'5590806362'),('3.4.1','psilva@redhat.com','META-INF/jpa-changelog-3.4.1.xml','2025-08-19 17:06:53',52,'EXECUTED','9:5a6bb36cbefb6a9d6928452c0852af2d','modifyDataType columnName=VALUE, tableName=CLIENT_ATTRIBUTES','',NULL,'4.25.1',NULL,NULL,'5590806362'),('3.4.2','keycloak','META-INF/jpa-changelog-3.4.2.xml','2025-08-19 17:06:53',53,'EXECUTED','9:8f23e334dbc59f82e0a328373ca6ced0','update tableName=REALM','',NULL,'4.25.1',NULL,NULL,'5590806362'),('3.4.2-KEYCLOAK-5172','mkanis@redhat.com','META-INF/jpa-changelog-3.4.2.xml','2025-08-19 17:06:53',54,'EXECUTED','9:9156214268f09d970cdf0e1564d866af','update tableName=CLIENT','',NULL,'4.25.1',NULL,NULL,'5590806362'),('4.0.0-KEYCLOAK-6335','bburke@redhat.com','META-INF/jpa-changelog-4.0.0.xml','2025-08-19 17:06:53',55,'EXECUTED','9:db806613b1ed154826c02610b7dbdf74','createTable tableName=CLIENT_AUTH_FLOW_BINDINGS; addPrimaryKey constraintName=C_CLI_FLOW_BIND, tableName=CLIENT_AUTH_FLOW_BINDINGS','',NULL,'4.25.1',NULL,NULL,'5590806362'),('4.0.0-CLEANUP-UNUSED-TABLE','bburke@redhat.com','META-INF/jpa-changelog-4.0.0.xml','2025-08-19 17:06:53',56,'EXECUTED','9:229a041fb72d5beac76bb94a5fa709de','dropTable tableName=CLIENT_IDENTITY_PROV_MAPPING','',NULL,'4.25.1',NULL,NULL,'5590806362'),('4.0.0-KEYCLOAK-6228','bburke@redhat.com','META-INF/jpa-changelog-4.0.0.xml','2025-08-19 17:06:53',57,'EXECUTED','9:079899dade9c1e683f26b2aa9ca6ff04','dropUniqueConstraint constraintName=UK_JKUWUVD56ONTGSUHOGM8UEWRT, tableName=USER_CONSENT; dropNotNullConstraint columnName=CLIENT_ID, tableName=USER_CONSENT; addColumn tableName=USER_CONSENT; addUniqueConstraint constraintName=UK_JKUWUVD56ONTGSUHO...','',NULL,'4.25.1',NULL,NULL,'5590806362'),('4.0.0-KEYCLOAK-5579-fixed','mposolda@redhat.com','META-INF/jpa-changelog-4.0.0.xml','2025-08-19 17:06:53',58,'EXECUTED','9:139b79bcbbfe903bb1c2d2a4dbf001d9','dropForeignKeyConstraint baseTableName=CLIENT_TEMPLATE_ATTRIBUTES, constraintName=FK_CL_TEMPL_ATTR_TEMPL; renameTable newTableName=CLIENT_SCOPE_ATTRIBUTES, oldTableName=CLIENT_TEMPLATE_ATTRIBUTES; renameColumn newColumnName=SCOPE_ID, oldColumnName...','',NULL,'4.25.1',NULL,NULL,'5590806362'),('authz-4.0.0.CR1','psilva@redhat.com','META-INF/jpa-changelog-authz-4.0.0.CR1.xml','2025-08-19 17:06:53',59,'EXECUTED','9:b55738ad889860c625ba2bf483495a04','createTable tableName=RESOURCE_SERVER_PERM_TICKET; addPrimaryKey constraintName=CONSTRAINT_FAPMT, tableName=RESOURCE_SERVER_PERM_TICKET; addForeignKeyConstraint baseTableName=RESOURCE_SERVER_PERM_TICKET, constraintName=FK_FRSRHO213XCX4WNKOG82SSPMT...','',NULL,'4.25.1',NULL,NULL,'5590806362'),('authz-4.0.0.Beta3','psilva@redhat.com','META-INF/jpa-changelog-authz-4.0.0.Beta3.xml','2025-08-19 17:06:54',60,'EXECUTED','9:e0057eac39aa8fc8e09ac6cfa4ae15fe','addColumn tableName=RESOURCE_SERVER_POLICY; addColumn tableName=RESOURCE_SERVER_PERM_TICKET; addForeignKeyConstraint baseTableName=RESOURCE_SERVER_PERM_TICKET, constraintName=FK_FRSRPO2128CX4WNKOG82SSRFY, referencedTableName=RESOURCE_SERVER_POLICY','',NULL,'4.25.1',NULL,NULL,'5590806362'),('authz-4.2.0.Final','mhajas@redhat.com','META-INF/jpa-changelog-authz-4.2.0.Final.xml','2025-08-19 17:06:54',61,'EXECUTED','9:42a33806f3a0443fe0e7feeec821326c','createTable tableName=RESOURCE_URIS; addForeignKeyConstraint baseTableName=RESOURCE_URIS, constraintName=FK_RESOURCE_SERVER_URIS, referencedTableName=RESOURCE_SERVER_RESOURCE; customChange; dropColumn columnName=URI, tableName=RESOURCE_SERVER_RESO...','',NULL,'4.25.1',NULL,NULL,'5590806362'),('authz-4.2.0.Final-KEYCLOAK-9944','hmlnarik@redhat.com','META-INF/jpa-changelog-authz-4.2.0.Final.xml','2025-08-19 17:06:54',62,'EXECUTED','9:9968206fca46eecc1f51db9c024bfe56','addPrimaryKey constraintName=CONSTRAINT_RESOUR_URIS_PK, tableName=RESOURCE_URIS','',NULL,'4.25.1',NULL,NULL,'5590806362'),('4.2.0-KEYCLOAK-6313','wadahiro@gmail.com','META-INF/jpa-changelog-4.2.0.xml','2025-08-19 17:06:54',63,'EXECUTED','9:92143a6daea0a3f3b8f598c97ce55c3d','addColumn tableName=REQUIRED_ACTION_PROVIDER','',NULL,'4.25.1',NULL,NULL,'5590806362'),('4.3.0-KEYCLOAK-7984','wadahiro@gmail.com','META-INF/jpa-changelog-4.3.0.xml','2025-08-19 17:06:54',64,'EXECUTED','9:82bab26a27195d889fb0429003b18f40','update tableName=REQUIRED_ACTION_PROVIDER','',NULL,'4.25.1',NULL,NULL,'5590806362'),('4.6.0-KEYCLOAK-7950','psilva@redhat.com','META-INF/jpa-changelog-4.6.0.xml','2025-08-19 17:06:54',65,'EXECUTED','9:e590c88ddc0b38b0ae4249bbfcb5abc3','update tableName=RESOURCE_SERVER_RESOURCE','',NULL,'4.25.1',NULL,NULL,'5590806362'),('4.6.0-KEYCLOAK-8377','keycloak','META-INF/jpa-changelog-4.6.0.xml','2025-08-19 17:06:54',66,'EXECUTED','9:5c1f475536118dbdc38d5d7977950cc0','createTable tableName=ROLE_ATTRIBUTE; addPrimaryKey constraintName=CONSTRAINT_ROLE_ATTRIBUTE_PK, tableName=ROLE_ATTRIBUTE; addForeignKeyConstraint baseTableName=ROLE_ATTRIBUTE, constraintName=FK_ROLE_ATTRIBUTE_ID, referencedTableName=KEYCLOAK_ROLE...','',NULL,'4.25.1',NULL,NULL,'5590806362'),('4.6.0-KEYCLOAK-8555','gideonray@gmail.com','META-INF/jpa-changelog-4.6.0.xml','2025-08-19 17:06:54',67,'EXECUTED','9:e7c9f5f9c4d67ccbbcc215440c718a17','createIndex indexName=IDX_COMPONENT_PROVIDER_TYPE, tableName=COMPONENT','',NULL,'4.25.1',NULL,NULL,'5590806362'),('4.7.0-KEYCLOAK-1267','sguilhen@redhat.com','META-INF/jpa-changelog-4.7.0.xml','2025-08-19 17:06:54',68,'EXECUTED','9:88e0bfdda924690d6f4e430c53447dd5','addColumn tableName=REALM','',NULL,'4.25.1',NULL,NULL,'5590806362'),('4.7.0-KEYCLOAK-7275','keycloak','META-INF/jpa-changelog-4.7.0.xml','2025-08-19 17:06:54',69,'EXECUTED','9:f53177f137e1c46b6a88c59ec1cb5218','renameColumn newColumnName=CREATED_ON, oldColumnName=LAST_SESSION_REFRESH, tableName=OFFLINE_USER_SESSION; addNotNullConstraint columnName=CREATED_ON, tableName=OFFLINE_USER_SESSION; addColumn tableName=OFFLINE_USER_SESSION; customChange; createIn...','',NULL,'4.25.1',NULL,NULL,'5590806362'),('4.8.0-KEYCLOAK-8835','sguilhen@redhat.com','META-INF/jpa-changelog-4.8.0.xml','2025-08-19 17:06:54',70,'EXECUTED','9:a74d33da4dc42a37ec27121580d1459f','addNotNullConstraint columnName=SSO_MAX_LIFESPAN_REMEMBER_ME, tableName=REALM; addNotNullConstraint columnName=SSO_IDLE_TIMEOUT_REMEMBER_ME, tableName=REALM','',NULL,'4.25.1',NULL,NULL,'5590806362'),('authz-7.0.0-KEYCLOAK-10443','psilva@redhat.com','META-INF/jpa-changelog-authz-7.0.0.xml','2025-08-19 17:06:54',71,'EXECUTED','9:fd4ade7b90c3b67fae0bfcfcb42dfb5f','addColumn tableName=RESOURCE_SERVER','',NULL,'4.25.1',NULL,NULL,'5590806362'),('8.0.0-adding-credential-columns','keycloak','META-INF/jpa-changelog-8.0.0.xml','2025-08-19 17:06:54',72,'EXECUTED','9:aa072ad090bbba210d8f18781b8cebf4','addColumn tableName=CREDENTIAL; addColumn tableName=FED_USER_CREDENTIAL','',NULL,'4.25.1',NULL,NULL,'5590806362'),('8.0.0-updating-credential-data-not-oracle-fixed','keycloak','META-INF/jpa-changelog-8.0.0.xml','2025-08-19 17:06:54',73,'EXECUTED','9:1ae6be29bab7c2aa376f6983b932be37','update tableName=CREDENTIAL; update tableName=CREDENTIAL; update tableName=CREDENTIAL; update tableName=FED_USER_CREDENTIAL; update tableName=FED_USER_CREDENTIAL; update tableName=FED_USER_CREDENTIAL','',NULL,'4.25.1',NULL,NULL,'5590806362'),('8.0.0-updating-credential-data-oracle-fixed','keycloak','META-INF/jpa-changelog-8.0.0.xml','2025-08-19 17:06:54',74,'MARK_RAN','9:14706f286953fc9a25286dbd8fb30d97','update tableName=CREDENTIAL; update tableName=CREDENTIAL; update tableName=CREDENTIAL; update tableName=FED_USER_CREDENTIAL; update tableName=FED_USER_CREDENTIAL; update tableName=FED_USER_CREDENTIAL','',NULL,'4.25.1',NULL,NULL,'5590806362'),('8.0.0-credential-cleanup-fixed','keycloak','META-INF/jpa-changelog-8.0.0.xml','2025-08-19 17:06:54',75,'EXECUTED','9:2b9cc12779be32c5b40e2e67711a218b','dropDefaultValue columnName=COUNTER, tableName=CREDENTIAL; dropDefaultValue columnName=DIGITS, tableName=CREDENTIAL; dropDefaultValue columnName=PERIOD, tableName=CREDENTIAL; dropDefaultValue columnName=ALGORITHM, tableName=CREDENTIAL; dropColumn ...','',NULL,'4.25.1',NULL,NULL,'5590806362'),('8.0.0-resource-tag-support','keycloak','META-INF/jpa-changelog-8.0.0.xml','2025-08-19 17:06:54',76,'EXECUTED','9:91fa186ce7a5af127a2d7a91ee083cc5','addColumn tableName=MIGRATION_MODEL; createIndex indexName=IDX_UPDATE_TIME, tableName=MIGRATION_MODEL','',NULL,'4.25.1',NULL,NULL,'5590806362'),('9.0.0-always-display-client','keycloak','META-INF/jpa-changelog-9.0.0.xml','2025-08-19 17:06:54',77,'EXECUTED','9:6335e5c94e83a2639ccd68dd24e2e5ad','addColumn tableName=CLIENT','',NULL,'4.25.1',NULL,NULL,'5590806362'),('9.0.0-drop-constraints-for-column-increase','keycloak','META-INF/jpa-changelog-9.0.0.xml','2025-08-19 17:06:54',78,'MARK_RAN','9:6bdb5658951e028bfe16fa0a8228b530','dropUniqueConstraint constraintName=UK_FRSR6T700S9V50BU18WS5PMT, tableName=RESOURCE_SERVER_PERM_TICKET; dropUniqueConstraint constraintName=UK_FRSR6T700S9V50BU18WS5HA6, tableName=RESOURCE_SERVER_RESOURCE; dropPrimaryKey constraintName=CONSTRAINT_O...','',NULL,'4.25.1',NULL,NULL,'5590806362'),('9.0.0-increase-column-size-federated-fk','keycloak','META-INF/jpa-changelog-9.0.0.xml','2025-08-19 17:06:54',79,'EXECUTED','9:d5bc15a64117ccad481ce8792d4c608f','modifyDataType columnName=CLIENT_ID, tableName=FED_USER_CONSENT; modifyDataType columnName=CLIENT_REALM_CONSTRAINT, tableName=KEYCLOAK_ROLE; modifyDataType columnName=OWNER, tableName=RESOURCE_SERVER_POLICY; modifyDataType columnName=CLIENT_ID, ta...','',NULL,'4.25.1',NULL,NULL,'5590806362'),('9.0.0-recreate-constraints-after-column-increase','keycloak','META-INF/jpa-changelog-9.0.0.xml','2025-08-19 17:06:54',80,'MARK_RAN','9:077cba51999515f4d3e7ad5619ab592c','addNotNullConstraint columnName=CLIENT_ID, tableName=OFFLINE_CLIENT_SESSION; addNotNullConstraint columnName=OWNER, tableName=RESOURCE_SERVER_PERM_TICKET; addNotNullConstraint columnName=REQUESTER, tableName=RESOURCE_SERVER_PERM_TICKET; addNotNull...','',NULL,'4.25.1',NULL,NULL,'5590806362'),('9.0.1-add-index-to-client.client_id','keycloak','META-INF/jpa-changelog-9.0.1.xml','2025-08-19 17:06:54',81,'EXECUTED','9:be969f08a163bf47c6b9e9ead8ac2afb','createIndex indexName=IDX_CLIENT_ID, tableName=CLIENT','',NULL,'4.25.1',NULL,NULL,'5590806362'),('9.0.1-KEYCLOAK-12579-drop-constraints','keycloak','META-INF/jpa-changelog-9.0.1.xml','2025-08-19 17:06:54',82,'MARK_RAN','9:6d3bb4408ba5a72f39bd8a0b301ec6e3','dropUniqueConstraint constraintName=SIBLING_NAMES, tableName=KEYCLOAK_GROUP','',NULL,'4.25.1',NULL,NULL,'5590806362'),('9.0.1-KEYCLOAK-12579-add-not-null-constraint','keycloak','META-INF/jpa-changelog-9.0.1.xml','2025-08-19 17:06:54',83,'EXECUTED','9:966bda61e46bebf3cc39518fbed52fa7','addNotNullConstraint columnName=PARENT_GROUP, tableName=KEYCLOAK_GROUP','',NULL,'4.25.1',NULL,NULL,'5590806362'),('9.0.1-KEYCLOAK-12579-recreate-constraints','keycloak','META-INF/jpa-changelog-9.0.1.xml','2025-08-19 17:06:54',84,'MARK_RAN','9:8dcac7bdf7378e7d823cdfddebf72fda','addUniqueConstraint constraintName=SIBLING_NAMES, tableName=KEYCLOAK_GROUP','',NULL,'4.25.1',NULL,NULL,'5590806362'),('9.0.1-add-index-to-events','keycloak','META-INF/jpa-changelog-9.0.1.xml','2025-08-19 17:06:54',85,'EXECUTED','9:7d93d602352a30c0c317e6a609b56599','createIndex indexName=IDX_EVENT_TIME, tableName=EVENT_ENTITY','',NULL,'4.25.1',NULL,NULL,'5590806362'),('map-remove-ri','keycloak','META-INF/jpa-changelog-11.0.0.xml','2025-08-19 17:06:54',86,'EXECUTED','9:71c5969e6cdd8d7b6f47cebc86d37627','dropForeignKeyConstraint baseTableName=REALM, constraintName=FK_TRAF444KK6QRKMS7N56AIWQ5Y; dropForeignKeyConstraint baseTableName=KEYCLOAK_ROLE, constraintName=FK_KJHO5LE2C0RAL09FL8CM9WFW9','',NULL,'4.25.1',NULL,NULL,'5590806362'),('map-remove-ri','keycloak','META-INF/jpa-changelog-12.0.0.xml','2025-08-19 17:06:54',87,'EXECUTED','9:a9ba7d47f065f041b7da856a81762021','dropForeignKeyConstraint baseTableName=REALM_DEFAULT_GROUPS, constraintName=FK_DEF_GROUPS_GROUP; dropForeignKeyConstraint baseTableName=REALM_DEFAULT_ROLES, constraintName=FK_H4WPD7W4HSOOLNI3H0SW7BTJE; dropForeignKeyConstraint baseTableName=CLIENT...','',NULL,'4.25.1',NULL,NULL,'5590806362'),('12.1.0-add-realm-localization-table','keycloak','META-INF/jpa-changelog-12.0.0.xml','2025-08-19 17:06:54',88,'EXECUTED','9:fffabce2bc01e1a8f5110d5278500065','createTable tableName=REALM_LOCALIZATIONS; addPrimaryKey tableName=REALM_LOCALIZATIONS','',NULL,'4.25.1',NULL,NULL,'5590806362'),('default-roles','keycloak','META-INF/jpa-changelog-13.0.0.xml','2025-08-19 17:06:54',89,'EXECUTED','9:fa8a5b5445e3857f4b010bafb5009957','addColumn tableName=REALM; customChange','',NULL,'4.25.1',NULL,NULL,'5590806362'),('default-roles-cleanup','keycloak','META-INF/jpa-changelog-13.0.0.xml','2025-08-19 17:06:54',90,'EXECUTED','9:67ac3241df9a8582d591c5ed87125f39','dropTable tableName=REALM_DEFAULT_ROLES; dropTable tableName=CLIENT_DEFAULT_ROLES','',NULL,'4.25.1',NULL,NULL,'5590806362'),('13.0.0-KEYCLOAK-16844','keycloak','META-INF/jpa-changelog-13.0.0.xml','2025-08-19 17:06:54',91,'EXECUTED','9:ad1194d66c937e3ffc82386c050ba089','createIndex indexName=IDX_OFFLINE_USS_PRELOAD, tableName=OFFLINE_USER_SESSION','',NULL,'4.25.1',NULL,NULL,'5590806362'),('map-remove-ri-13.0.0','keycloak','META-INF/jpa-changelog-13.0.0.xml','2025-08-19 17:06:54',92,'EXECUTED','9:d9be619d94af5a2f5d07b9f003543b91','dropForeignKeyConstraint baseTableName=DEFAULT_CLIENT_SCOPE, constraintName=FK_R_DEF_CLI_SCOPE_SCOPE; dropForeignKeyConstraint baseTableName=CLIENT_SCOPE_CLIENT, constraintName=FK_C_CLI_SCOPE_SCOPE; dropForeignKeyConstraint baseTableName=CLIENT_SC...','',NULL,'4.25.1',NULL,NULL,'5590806362'),('13.0.0-KEYCLOAK-17992-drop-constraints','keycloak','META-INF/jpa-changelog-13.0.0.xml','2025-08-19 17:06:54',93,'MARK_RAN','9:544d201116a0fcc5a5da0925fbbc3bde','dropPrimaryKey constraintName=C_CLI_SCOPE_BIND, tableName=CLIENT_SCOPE_CLIENT; dropIndex indexName=IDX_CLSCOPE_CL, tableName=CLIENT_SCOPE_CLIENT; dropIndex indexName=IDX_CL_CLSCOPE, tableName=CLIENT_SCOPE_CLIENT','',NULL,'4.25.1',NULL,NULL,'5590806362'),('13.0.0-increase-column-size-federated','keycloak','META-INF/jpa-changelog-13.0.0.xml','2025-08-19 17:06:54',94,'EXECUTED','9:43c0c1055b6761b4b3e89de76d612ccf','modifyDataType columnName=CLIENT_ID, tableName=CLIENT_SCOPE_CLIENT; modifyDataType columnName=SCOPE_ID, tableName=CLIENT_SCOPE_CLIENT','',NULL,'4.25.1',NULL,NULL,'5590806362'),('13.0.0-KEYCLOAK-17992-recreate-constraints','keycloak','META-INF/jpa-changelog-13.0.0.xml','2025-08-19 17:06:54',95,'MARK_RAN','9:8bd711fd0330f4fe980494ca43ab1139','addNotNullConstraint columnName=CLIENT_ID, tableName=CLIENT_SCOPE_CLIENT; addNotNullConstraint columnName=SCOPE_ID, tableName=CLIENT_SCOPE_CLIENT; addPrimaryKey constraintName=C_CLI_SCOPE_BIND, tableName=CLIENT_SCOPE_CLIENT; createIndex indexName=...','',NULL,'4.25.1',NULL,NULL,'5590806362'),('json-string-accomodation-fixed','keycloak','META-INF/jpa-changelog-13.0.0.xml','2025-08-19 17:06:54',96,'EXECUTED','9:e07d2bc0970c348bb06fb63b1f82ddbf','addColumn tableName=REALM_ATTRIBUTE; update tableName=REALM_ATTRIBUTE; dropColumn columnName=VALUE, tableName=REALM_ATTRIBUTE; renameColumn newColumnName=VALUE, oldColumnName=VALUE_NEW, tableName=REALM_ATTRIBUTE','',NULL,'4.25.1',NULL,NULL,'5590806362'),('14.0.0-KEYCLOAK-11019','keycloak','META-INF/jpa-changelog-14.0.0.xml','2025-08-19 17:06:54',97,'EXECUTED','9:24fb8611e97f29989bea412aa38d12b7','createIndex indexName=IDX_OFFLINE_CSS_PRELOAD, tableName=OFFLINE_CLIENT_SESSION; createIndex indexName=IDX_OFFLINE_USS_BY_USER, tableName=OFFLINE_USER_SESSION; createIndex indexName=IDX_OFFLINE_USS_BY_USERSESS, tableName=OFFLINE_USER_SESSION','',NULL,'4.25.1',NULL,NULL,'5590806362'),('14.0.0-KEYCLOAK-18286','keycloak','META-INF/jpa-changelog-14.0.0.xml','2025-08-19 17:06:54',98,'MARK_RAN','9:259f89014ce2506ee84740cbf7163aa7','createIndex indexName=IDX_CLIENT_ATT_BY_NAME_VALUE, tableName=CLIENT_ATTRIBUTES','',NULL,'4.25.1',NULL,NULL,'5590806362'),('14.0.0-KEYCLOAK-18286-revert','keycloak','META-INF/jpa-changelog-14.0.0.xml','2025-08-19 17:06:54',99,'MARK_RAN','9:04baaf56c116ed19951cbc2cca584022','dropIndex indexName=IDX_CLIENT_ATT_BY_NAME_VALUE, tableName=CLIENT_ATTRIBUTES','',NULL,'4.25.1',NULL,NULL,'5590806362'),('14.0.0-KEYCLOAK-18286-supported-dbs','keycloak','META-INF/jpa-changelog-14.0.0.xml','2025-08-19 17:06:54',100,'EXECUTED','9:bd2bd0fc7768cf0845ac96a8786fa735','createIndex indexName=IDX_CLIENT_ATT_BY_NAME_VALUE, tableName=CLIENT_ATTRIBUTES','',NULL,'4.25.1',NULL,NULL,'5590806362'),('14.0.0-KEYCLOAK-18286-unsupported-dbs','keycloak','META-INF/jpa-changelog-14.0.0.xml','2025-08-19 17:06:54',101,'MARK_RAN','9:d3d977031d431db16e2c181ce49d73e9','createIndex indexName=IDX_CLIENT_ATT_BY_NAME_VALUE, tableName=CLIENT_ATTRIBUTES','',NULL,'4.25.1',NULL,NULL,'5590806362'),('KEYCLOAK-17267-add-index-to-user-attributes','keycloak','META-INF/jpa-changelog-14.0.0.xml','2025-08-19 17:06:54',102,'EXECUTED','9:0b305d8d1277f3a89a0a53a659ad274c','createIndex indexName=IDX_USER_ATTRIBUTE_NAME, tableName=USER_ATTRIBUTE','',NULL,'4.25.1',NULL,NULL,'5590806362'),('KEYCLOAK-18146-add-saml-art-binding-identifier','keycloak','META-INF/jpa-changelog-14.0.0.xml','2025-08-19 17:06:54',103,'EXECUTED','9:2c374ad2cdfe20e2905a84c8fac48460','customChange','',NULL,'4.25.1',NULL,NULL,'5590806362'),('15.0.0-KEYCLOAK-18467','keycloak','META-INF/jpa-changelog-15.0.0.xml','2025-08-19 17:06:54',104,'EXECUTED','9:47a760639ac597360a8219f5b768b4de','addColumn tableName=REALM_LOCALIZATIONS; update tableName=REALM_LOCALIZATIONS; dropColumn columnName=TEXTS, tableName=REALM_LOCALIZATIONS; renameColumn newColumnName=TEXTS, oldColumnName=TEXTS_NEW, tableName=REALM_LOCALIZATIONS; addNotNullConstrai...','',NULL,'4.25.1',NULL,NULL,'5590806362'),('17.0.0-9562','keycloak','META-INF/jpa-changelog-17.0.0.xml','2025-08-19 17:06:54',105,'EXECUTED','9:a6272f0576727dd8cad2522335f5d99e','createIndex indexName=IDX_USER_SERVICE_ACCOUNT, tableName=USER_ENTITY','',NULL,'4.25.1',NULL,NULL,'5590806362'),('18.0.0-10625-IDX_ADMIN_EVENT_TIME','keycloak','META-INF/jpa-changelog-18.0.0.xml','2025-08-19 17:06:54',106,'EXECUTED','9:015479dbd691d9cc8669282f4828c41d','createIndex indexName=IDX_ADMIN_EVENT_TIME, tableName=ADMIN_EVENT_ENTITY','',NULL,'4.25.1',NULL,NULL,'5590806362'),('19.0.0-10135','keycloak','META-INF/jpa-changelog-19.0.0.xml','2025-08-19 17:06:54',107,'EXECUTED','9:9518e495fdd22f78ad6425cc30630221','customChange','',NULL,'4.25.1',NULL,NULL,'5590806362'),('20.0.0-12964-supported-dbs','keycloak','META-INF/jpa-changelog-20.0.0.xml','2025-08-19 17:06:54',108,'EXECUTED','9:f2e1331a71e0aa85e5608fe42f7f681c','createIndex indexName=IDX_GROUP_ATT_BY_NAME_VALUE, tableName=GROUP_ATTRIBUTE','',NULL,'4.25.1',NULL,NULL,'5590806362'),('20.0.0-12964-unsupported-dbs','keycloak','META-INF/jpa-changelog-20.0.0.xml','2025-08-19 17:06:54',109,'MARK_RAN','9:1a6fcaa85e20bdeae0a9ce49b41946a5','createIndex indexName=IDX_GROUP_ATT_BY_NAME_VALUE, tableName=GROUP_ATTRIBUTE','',NULL,'4.25.1',NULL,NULL,'5590806362'),('client-attributes-string-accomodation-fixed','keycloak','META-INF/jpa-changelog-20.0.0.xml','2025-08-19 17:06:54',110,'EXECUTED','9:3f332e13e90739ed0c35b0b25b7822ca','addColumn tableName=CLIENT_ATTRIBUTES; update tableName=CLIENT_ATTRIBUTES; dropColumn columnName=VALUE, tableName=CLIENT_ATTRIBUTES; renameColumn newColumnName=VALUE, oldColumnName=VALUE_NEW, tableName=CLIENT_ATTRIBUTES','',NULL,'4.25.1',NULL,NULL,'5590806362'),('21.0.2-17277','keycloak','META-INF/jpa-changelog-21.0.2.xml','2025-08-19 17:06:54',111,'EXECUTED','9:7ee1f7a3fb8f5588f171fb9a6ab623c0','customChange','',NULL,'4.25.1',NULL,NULL,'5590806362'),('21.1.0-19404','keycloak','META-INF/jpa-changelog-21.1.0.xml','2025-08-19 17:06:54',112,'EXECUTED','9:3d7e830b52f33676b9d64f7f2b2ea634','modifyDataType columnName=DECISION_STRATEGY, tableName=RESOURCE_SERVER_POLICY; modifyDataType columnName=LOGIC, tableName=RESOURCE_SERVER_POLICY; modifyDataType columnName=POLICY_ENFORCE_MODE, tableName=RESOURCE_SERVER','',NULL,'4.25.1',NULL,NULL,'5590806362'),('21.1.0-19404-2','keycloak','META-INF/jpa-changelog-21.1.0.xml','2025-08-19 17:06:54',113,'MARK_RAN','9:627d032e3ef2c06c0e1f73d2ae25c26c','addColumn tableName=RESOURCE_SERVER_POLICY; update tableName=RESOURCE_SERVER_POLICY; dropColumn columnName=DECISION_STRATEGY, tableName=RESOURCE_SERVER_POLICY; renameColumn newColumnName=DECISION_STRATEGY, oldColumnName=DECISION_STRATEGY_NEW, tabl...','',NULL,'4.25.1',NULL,NULL,'5590806362'),('22.0.0-17484-updated','keycloak','META-INF/jpa-changelog-22.0.0.xml','2025-08-19 17:06:54',114,'EXECUTED','9:90af0bfd30cafc17b9f4d6eccd92b8b3','customChange','',NULL,'4.25.1',NULL,NULL,'5590806362'),('22.0.5-24031','keycloak','META-INF/jpa-changelog-22.0.0.xml','2025-08-19 17:06:54',115,'MARK_RAN','9:a60d2d7b315ec2d3eba9e2f145f9df28','customChange','',NULL,'4.25.1',NULL,NULL,'5590806362'),('23.0.0-12062','keycloak','META-INF/jpa-changelog-23.0.0.xml','2025-08-19 17:06:54',116,'EXECUTED','9:2168fbe728fec46ae9baf15bf80927b8','addColumn tableName=COMPONENT_CONFIG; update tableName=COMPONENT_CONFIG; dropColumn columnName=VALUE, tableName=COMPONENT_CONFIG; renameColumn newColumnName=VALUE, oldColumnName=VALUE_NEW, tableName=COMPONENT_CONFIG','',NULL,'4.25.1',NULL,NULL,'5590806362'),('23.0.0-17258','keycloak','META-INF/jpa-changelog-23.0.0.xml','2025-08-19 17:06:54',117,'EXECUTED','9:36506d679a83bbfda85a27ea1864dca8','addColumn tableName=EVENT_ENTITY','',NULL,'4.25.1',NULL,NULL,'5590806362'),('24.0.0-9758','keycloak','META-INF/jpa-changelog-24.0.0.xml','2025-08-19 17:06:54',118,'EXECUTED','9:502c557a5189f600f0f445a9b49ebbce','addColumn tableName=USER_ATTRIBUTE; addColumn tableName=FED_USER_ATTRIBUTE; createIndex indexName=USER_ATTR_LONG_VALUES, tableName=USER_ATTRIBUTE; createIndex indexName=FED_USER_ATTR_LONG_VALUES, tableName=FED_USER_ATTRIBUTE; createIndex indexName...','',NULL,'4.25.1',NULL,NULL,'5590806362'),('24.0.0-9758-2','keycloak','META-INF/jpa-changelog-24.0.0.xml','2025-08-19 17:06:54',119,'EXECUTED','9:bf0fdee10afdf597a987adbf291db7b2','customChange','',NULL,'4.25.1',NULL,NULL,'5590806362'),('24.0.0-26618-drop-index-if-present','keycloak','META-INF/jpa-changelog-24.0.0.xml','2025-08-19 17:06:54',120,'EXECUTED','9:04baaf56c116ed19951cbc2cca584022','dropIndex indexName=IDX_CLIENT_ATT_BY_NAME_VALUE, tableName=CLIENT_ATTRIBUTES','',NULL,'4.25.1',NULL,NULL,'5590806362'),('24.0.0-26618-reindex','keycloak','META-INF/jpa-changelog-24.0.0.xml','2025-08-19 17:06:55',121,'EXECUTED','9:bd2bd0fc7768cf0845ac96a8786fa735','createIndex indexName=IDX_CLIENT_ATT_BY_NAME_VALUE, tableName=CLIENT_ATTRIBUTES','',NULL,'4.25.1',NULL,NULL,'5590806362'),('24.0.2-27228','keycloak','META-INF/jpa-changelog-24.0.2.xml','2025-08-19 17:06:55',122,'EXECUTED','9:eaee11f6b8aa25d2cc6a84fb86fc6238','customChange','',NULL,'4.25.1',NULL,NULL,'5590806362'),('24.0.2-27967-drop-index-if-present','keycloak','META-INF/jpa-changelog-24.0.2.xml','2025-08-19 17:06:55',123,'MARK_RAN','9:04baaf56c116ed19951cbc2cca584022','dropIndex indexName=IDX_CLIENT_ATT_BY_NAME_VALUE, tableName=CLIENT_ATTRIBUTES','',NULL,'4.25.1',NULL,NULL,'5590806362'),('24.0.2-27967-reindex','keycloak','META-INF/jpa-changelog-24.0.2.xml','2025-08-19 17:06:55',124,'MARK_RAN','9:d3d977031d431db16e2c181ce49d73e9','createIndex indexName=IDX_CLIENT_ATT_BY_NAME_VALUE, tableName=CLIENT_ATTRIBUTES','',NULL,'4.25.1',NULL,NULL,'5590806362');
UNLOCK TABLES;

--
-- Dumping data for table `DATABASECHANGELOGLOCK`
--

LOCK TABLES `DATABASECHANGELOGLOCK` WRITE;
INSERT INTO `DATABASECHANGELOGLOCK` VALUES (1,0,NULL,NULL),(1000,0,NULL,NULL),(1001,0,NULL,NULL);
UNLOCK TABLES;

--
-- Dumping data for table `DEFAULT_CLIENT_SCOPE`
--

LOCK TABLES `DEFAULT_CLIENT_SCOPE` WRITE;
INSERT INTO `DEFAULT_CLIENT_SCOPE` VALUES ('9643073e-80de-4254-9166-5c75e800fbb5','0f7f168d-dfe1-43ac-85c0-ea05409d4d1d',1),('9643073e-80de-4254-9166-5c75e800fbb5','299d56ee-527f-4a5a-8035-1b0875de663b',1),('9643073e-80de-4254-9166-5c75e800fbb5','3c6d42a0-c0c1-4528-8b61-6f0535acbc11',1),('9643073e-80de-4254-9166-5c75e800fbb5','43a54d9c-8b39-4138-84a1-20511fef856c',0),('9643073e-80de-4254-9166-5c75e800fbb5','5931c276-59d1-419f-88ef-600bf1d010ce',1),('9643073e-80de-4254-9166-5c75e800fbb5','5ec63c77-1878-4740-b7df-3bb1a22cba33',0),('9643073e-80de-4254-9166-5c75e800fbb5','68b418c0-b774-46b5-bd66-2e222ff5c534',1),('9643073e-80de-4254-9166-5c75e800fbb5','6cc67f25-fc1e-4f06-920a-f487542809a1',0),('9643073e-80de-4254-9166-5c75e800fbb5','8f2fb485-9532-4988-a8aa-099f0f499cc6',0),('9643073e-80de-4254-9166-5c75e800fbb5','b5c75df2-4f2f-4774-804f-b2b1f908dd4e',1),('org1','4594371d-d817-4fd4-8ebb-ba72f5a09514',1),('org1','49d8598d-755d-4085-8aab-d139951af3bb',1),('org1','524561d7-160d-418e-b56c-1c94b2b77389',0),('org1','52599e3e-5076-423e-89ed-9adc152dcbd4',1),('org1','608171dd-1676-4d5d-bb0f-3d584761355b',1),('org1','84a60e5e-2a65-4c8a-a366-1da0dbd33126',0),('org1','acbae21d-887d-4201-9a4e-692587a940d2',0),('org1','b46c0317-0484-476e-bcb1-bb0d5ae25323',0),('org1','c7d0f025-9561-46ae-baec-eeca2d56419d',1),('org1','e4d70ad3-077f-4330-9725-b437d2733033',1),('org2','4120ba61-1916-4331-8cfc-9d0eaca3bf9e',1),('org2','41479ade-7ac3-4771-8841-412d53a1bee0',1),('org2','446dfffb-28c5-49c1-9387-e231085d92f9',0),('org2','60645b32-1af3-40c3-b9b5-c3742616cbab',1),('org2','755b181e-2f52-4fb3-bad4-3e6ae91068e6',0),('org2','827f7fa1-2617-40d4-8f1c-dac987742000',0),('org2','8c9642d4-d3db-4578-ace7-141a59b085c5',1),('org2','8cfc29d0-3d25-4bf7-ac1d-6e5884bf13e7',0),('org2','8d11acf5-5bc2-4d3e-97f7-8754e183c70f',1),('org2','c5847705-a87f-4f0b-883c-e63029c290c6',1),('org3','3dfcfdb4-5df8-4183-80d5-f0f6ee5b9b85',0),('org3','573104cc-af95-409d-a178-170e5cc1fb50',1),('org3','5eeca38b-d063-4896-9a6b-5d255ad15860',1),('org3','6ff24da9-5ec6-4c80-8251-e9cb28ec4467',1),('org3','7fc94975-7b58-47be-8e1c-f411aad0206f',0),('org3','82b7737b-0926-41d4-9d26-a1abdb255851',0),('org3','98a2a454-1d6e-4951-b0b2-28b6f0a752fa',1),('org3','be061ba0-1c36-48c2-90c0-005e5bc16b01',0),('org3','e5288b8a-be59-4a88-99a8-d389d76836fe',1),('org3','e87633d1-eed7-4889-a338-3f79240f287d',1),('org4','0a81c55a-a395-4584-a1b0-3895762b44a7',1),('org4','0f78473f-2b95-4d83-bc15-50a9bba04c9b',1),('org4','1e5f11bd-0eae-4517-9ab5-df3aa56ca512',0),('org4','262d39a3-90b9-4867-80b9-47ab2aba2604',1),('org4','2a293eaa-b435-4ad0-b9d6-634b0a2cc596',0),('org4','5850d30d-aa9d-4fab-8fa4-4c1a5b0eb624',0),('org4','5e0f782c-85eb-49b3-b028-3edf03513704',0),('org4','d2e2c88c-03cc-48ee-bbef-4e49e31d5b30',1),('org4','d711e49f-d94f-4280-ad9d-05ba387c022a',1),('org4','e9c86c6b-0a37-48e7-8247-2ac8c18f774d',1),('org5','0f26863b-4ccc-4aec-a9d9-cee85f76b64c',1),('org5','20025655-b3bc-448d-b05d-9fc7ed677243',0),('org5','4077ae0f-56bc-4d10-b4ba-37a5a6101cf8',1),('org5','45493f39-8756-4949-9798-72063eb29f30',0),('org5','4b0f95da-6803-4398-a408-75e55074b4c8',0),('org5','75f0a9dc-3111-43ba-8725-6512c5aaae92',1),('org5','9e8422de-598b-4f7d-85a1-12b3849f2662',1),('org5','9ffd0b44-4a05-4b8a-85a3-87b848956e61',0),('org5','d6b7c627-f466-4567-b0c7-bf4d5e5acef7',1),('org5','ff913149-72d2-40d1-b75b-d333934ad4dd',1);
UNLOCK TABLES;

--
-- Dumping data for table `EVENT_ENTITY`
--

LOCK TABLES `EVENT_ENTITY` WRITE;
UNLOCK TABLES;

--
-- Dumping data for table `FEDERATED_IDENTITY`
--

LOCK TABLES `FEDERATED_IDENTITY` WRITE;
UNLOCK TABLES;

--
-- Dumping data for table `FEDERATED_USER`
--

LOCK TABLES `FEDERATED_USER` WRITE;
UNLOCK TABLES;

--
-- Dumping data for table `FED_USER_ATTRIBUTE`
--

LOCK TABLES `FED_USER_ATTRIBUTE` WRITE;
UNLOCK TABLES;

--
-- Dumping data for table `FED_USER_CONSENT`
--

LOCK TABLES `FED_USER_CONSENT` WRITE;
UNLOCK TABLES;

--
-- Dumping data for table `FED_USER_CONSENT_CL_SCOPE`
--

LOCK TABLES `FED_USER_CONSENT_CL_SCOPE` WRITE;
UNLOCK TABLES;

--
-- Dumping data for table `FED_USER_CREDENTIAL`
--

LOCK TABLES `FED_USER_CREDENTIAL` WRITE;
UNLOCK TABLES;

--
-- Dumping data for table `FED_USER_GROUP_MEMBERSHIP`
--

LOCK TABLES `FED_USER_GROUP_MEMBERSHIP` WRITE;
UNLOCK TABLES;

--
-- Dumping data for table `FED_USER_REQUIRED_ACTION`
--

LOCK TABLES `FED_USER_REQUIRED_ACTION` WRITE;
UNLOCK TABLES;

--
-- Dumping data for table `FED_USER_ROLE_MAPPING`
--

LOCK TABLES `FED_USER_ROLE_MAPPING` WRITE;
UNLOCK TABLES;

--
-- Dumping data for table `GROUP_ATTRIBUTE`
--

LOCK TABLES `GROUP_ATTRIBUTE` WRITE;
UNLOCK TABLES;

--
-- Dumping data for table `GROUP_ROLE_MAPPING`
--

LOCK TABLES `GROUP_ROLE_MAPPING` WRITE;
UNLOCK TABLES;

--
-- Dumping data for table `IDENTITY_PROVIDER`
--

LOCK TABLES `IDENTITY_PROVIDER` WRITE;
UNLOCK TABLES;

--
-- Dumping data for table `IDENTITY_PROVIDER_CONFIG`
--

LOCK TABLES `IDENTITY_PROVIDER_CONFIG` WRITE;
UNLOCK TABLES;

--
-- Dumping data for table `IDENTITY_PROVIDER_MAPPER`
--

LOCK TABLES `IDENTITY_PROVIDER_MAPPER` WRITE;
UNLOCK TABLES;

--
-- Dumping data for table `IDP_MAPPER_CONFIG`
--

LOCK TABLES `IDP_MAPPER_CONFIG` WRITE;
UNLOCK TABLES;

--
-- Dumping data for table `KEYCLOAK_GROUP`
--

LOCK TABLES `KEYCLOAK_GROUP` WRITE;
UNLOCK TABLES;

--
-- Dumping data for table `KEYCLOAK_ROLE`
--

LOCK TABLES `KEYCLOAK_ROLE` WRITE;
INSERT INTO `KEYCLOAK_ROLE` VALUES ('008d0b84-b7ee-4a73-81d3-cf555a5094c3','318e9877-e404-46cd-82a4-e2787db90b65',1,'${role_create-client}','create-client','org4','318e9877-e404-46cd-82a4-e2787db90b65',NULL),('00c4cc7f-5e1d-492a-81f5-bb9f571a59ff','3e5528d0-4651-41dd-8b09-eab39bf2a102',1,'${role_query-clients}','query-clients','org1','3e5528d0-4651-41dd-8b09-eab39bf2a102',NULL),('01419763-5308-45f8-8557-5b86cf8f4b31','2e4723a1-d81b-4639-bb6b-9f411f27d91d',1,NULL,'_ws3-ansible-execution-agent','org2','2e4723a1-d81b-4639-bb6b-9f411f27d91d',NULL),('01bc9a35-2fd6-4932-b9ae-d65a03cce22f','e7fa7a04-142a-43d8-8758-603c821478df',1,'${role_view-realm}','view-realm','9643073e-80de-4254-9166-5c75e800fbb5','e7fa7a04-142a-43d8-8758-603c821478df',NULL),('02e08188-081e-4b14-8932-d01dec868c47','44961bdd-6c85-4958-a299-04e1ae46c08f',1,'${role_query-realms}','query-realms','org3','44961bdd-6c85-4958-a299-04e1ae46c08f',NULL),('04377354-c55a-47d5-ad7a-dc8ba15719cf','3e5528d0-4651-41dd-8b09-eab39bf2a102',1,'${role_create-client}','create-client','org1','3e5528d0-4651-41dd-8b09-eab39bf2a102',NULL),('0574796d-aa9c-402c-ad8e-b075dc9bd6de','d137d744-bd8f-4564-a08a-42c321fcd1ef',1,NULL,'_og-ws-mt','org3','d137d744-bd8f-4564-a08a-42c321fcd1ef',NULL),('05f9e362-ba15-45ef-8237-8dc70cede94c','3f50a502-35ff-41a2-8166-3b8afa0fdd66',1,'${role_manage-events}','manage-events','org5','3f50a502-35ff-41a2-8166-3b8afa0fdd66',NULL),('07d8ae2d-71ee-4405-ab51-337107321299','60018920-d721-4b3b-8366-e1b2e4292601',1,'${role_create-client}','create-client','9643073e-80de-4254-9166-5c75e800fbb5','60018920-d721-4b3b-8366-e1b2e4292601',NULL),('0acdc3ed-f25b-4b9f-9906-8753b9d62fd0','17eebc4b-5b49-4784-a6f1-e98d788d48dd',1,'${role_manage-clients}','manage-clients','9643073e-80de-4254-9166-5c75e800fbb5','17eebc4b-5b49-4784-a6f1-e98d788d48dd',NULL),('0add5fbb-b696-45b2-8586-73291c5343f1','25395b94-d108-4733-bde2-275d838f2ad2',1,NULL,'_og-usage','org2','25395b94-d108-4733-bde2-275d838f2ad2',NULL),('0b72bf2a-25c3-4c4e-9603-1a6ca379db73','2a6170ac-f1dc-42ce-9c69-481425425668',1,'${role_view-applications}','view-applications','org1','2a6170ac-f1dc-42ce-9c69-481425425668',NULL),('0bfbac9c-6b8d-433e-a6d7-cdee8f5b21bb','2a6170ac-f1dc-42ce-9c69-481425425668',1,'${role_view-consent}','view-consent','org1','2a6170ac-f1dc-42ce-9c69-481425425668',NULL),('0cd1ffc6-bc97-4ee0-94a3-4e06605e1da0','a0940068-fbaf-4ef7-a62c-c38b71f55474',1,NULL,'_og-own-mt','org4','a0940068-fbaf-4ef7-a62c-c38b71f55474',NULL),('0ceadffa-2a51-42c5-a95b-5e1ca3a13a98','org1',0,'${role_default-roles}','default-roles-org1','org1',NULL,NULL),('0cfca865-e04a-4d2a-aeb3-47f7a47a2551','fc8b0e94-f0ab-49e6-84b3-2f528917a96d',1,'${role_manage-identity-providers}','manage-identity-providers','9643073e-80de-4254-9166-5c75e800fbb5','fc8b0e94-f0ab-49e6-84b3-2f528917a96d',NULL),('0d1c1974-873c-4ba0-bc58-14ba9718a5be','6007d68b-d40c-4036-8801-e86b0fdb84ac',1,'${role_query-clients}','query-clients','9643073e-80de-4254-9166-5c75e800fbb5','6007d68b-d40c-4036-8801-e86b0fdb84ac',NULL),('0dd2f686-945d-4e8f-af38-bf45d8281b0d','6d55a46e-ddd0-4e3b-8827-c944ca695317',1,'${role_manage-account}','manage-account','org5','6d55a46e-ddd0-4e3b-8827-c944ca695317',NULL),('0dfb0ead-c2c5-4aa0-b982-03e413573b30','d137d744-bd8f-4564-a08a-42c321fcd1ef',1,NULL,'_og-usr-mt','org3','d137d744-bd8f-4564-a08a-42c321fcd1ef',NULL),('0e092af8-83df-4145-a158-5ee186cf95ad','3f50a502-35ff-41a2-8166-3b8afa0fdd66',1,'${role_impersonation}','impersonation','org5','3f50a502-35ff-41a2-8166-3b8afa0fdd66',NULL),('0e425cf5-f647-4eac-b55b-341e4c548ed5','2e4723a1-d81b-4639-bb6b-9f411f27d91d',1,NULL,'_ws2-admin','org2','2e4723a1-d81b-4639-bb6b-9f411f27d91d',NULL),('0fb74eb7-69c5-4585-8937-f4dbadb9db71','fc8b0e94-f0ab-49e6-84b3-2f528917a96d',1,'${role_query-users}','query-users','9643073e-80de-4254-9166-5c75e800fbb5','fc8b0e94-f0ab-49e6-84b3-2f528917a96d',NULL),('10a92bbc-99d2-494c-b266-7b2e7a6f72f4','d137d744-bd8f-4564-a08a-42c321fcd1ef',1,NULL,'ws1','org3','d137d744-bd8f-4564-a08a-42c321fcd1ef',NULL),('10cd3305-bbd4-4a44-bcb2-e185cd39bc1b','fc8b0e94-f0ab-49e6-84b3-2f528917a96d',1,'${role_view-realm}','view-realm','9643073e-80de-4254-9166-5c75e800fbb5','fc8b0e94-f0ab-49e6-84b3-2f528917a96d',NULL),('11a8e9c4-558b-4ce8-b2c9-4487bafa1090','25395b94-d108-4733-bde2-275d838f2ad2',1,NULL,'_og-ws-mt','org2','25395b94-d108-4733-bde2-275d838f2ad2',NULL),('11b6dd1b-b952-4b8a-8e3f-e094cb41a387','91dc2268-6b73-482b-b0d1-7756adb51d46',1,NULL,'_ws2-oase-agent','org3','91dc2268-6b73-482b-b0d1-7756adb51d46',NULL),('11eeb637-6b8a-4ab9-aaa1-1cfbb63838a5','61d92538-9a22-412e-b7a4-661fb81930ee',1,NULL,'_ws3-ansible-execution-agent','org4','61d92538-9a22-412e-b7a4-661fb81930ee',NULL),('1245d8e8-6a6f-43ec-a7cb-bb5c0fe1e155','c9fb0f4c-f597-4c9f-bc8a-da80a1a8898a',1,'${role_manage-realm}','manage-realm','9643073e-80de-4254-9166-5c75e800fbb5','c9fb0f4c-f597-4c9f-bc8a-da80a1a8898a',NULL),('12a8a44b-197f-4441-8509-31b2ca7b9154','3f50a502-35ff-41a2-8166-3b8afa0fdd66',1,'${role_view-users}','view-users','org5','3f50a502-35ff-41a2-8166-3b8afa0fdd66',NULL),('12e45f10-2dbe-4f67-b488-201e0b443029','2a6170ac-f1dc-42ce-9c69-481425425668',1,'${role_view-profile}','view-profile','org1','2a6170ac-f1dc-42ce-9c69-481425425668',NULL),('1365be7b-b01c-4fdf-89e9-e751a99514bf','fc17abd5-4aba-48b9-a5e2-1a070c96267d',1,NULL,'_organization-user-manager','org1','fc17abd5-4aba-48b9-a5e2-1a070c96267d',NULL),('13d98ff6-b481-4bcd-99bf-84f5f017bce8','3f50a502-35ff-41a2-8166-3b8afa0fdd66',1,'${role_query-groups}','query-groups','org5','3f50a502-35ff-41a2-8166-3b8afa0fdd66',NULL),('154ba925-8d39-470c-8b32-7d1b85e0b38d','318e9877-e404-46cd-82a4-e2787db90b65',1,'${role_view-authorization}','view-authorization','org4','318e9877-e404-46cd-82a4-e2787db90b65',NULL),('16dd1507-03fa-483c-8b46-359573483a8c','742e6a45-dd6c-42b9-8bac-676ee77ef264',1,NULL,'_og-usr-mt','org1','742e6a45-dd6c-42b9-8bac-676ee77ef264',NULL),('18b5086c-261f-4665-bb84-5220e7735256','c9fb0f4c-f597-4c9f-bc8a-da80a1a8898a',1,'${role_view-users}','view-users','9643073e-80de-4254-9166-5c75e800fbb5','c9fb0f4c-f597-4c9f-bc8a-da80a1a8898a',NULL),('1953629a-a381-497c-addc-525e1b8510f5','75d96194-d217-4f3b-a78b-539477dc2615',1,'${role_query-groups}','query-groups','org2','75d96194-d217-4f3b-a78b-539477dc2615',NULL),('1960ee75-ddc7-44ba-b529-d28b9051d31e','3e5528d0-4651-41dd-8b09-eab39bf2a102',1,'${role_view-events}','view-events','org1','3e5528d0-4651-41dd-8b09-eab39bf2a102',NULL),('19ad9ae0-b9ac-438f-9026-1222602bddbe','17eebc4b-5b49-4784-a6f1-e98d788d48dd',1,'${role_create-client}','create-client','9643073e-80de-4254-9166-5c75e800fbb5','17eebc4b-5b49-4784-a6f1-e98d788d48dd',NULL),('19b4f240-97dc-4a61-bbb1-143fb7098fbe','adb42477-6c27-4fac-a442-2b998eac3281',1,'${role_view-groups}','view-groups','org2','adb42477-6c27-4fac-a442-2b998eac3281',NULL),('1a28d016-59a5-49b4-80c8-92f09abd1204','8fc726dc-fdaf-4ade-b55e-f33c7111bf95',1,NULL,'_og-ws-mt','org5','8fc726dc-fdaf-4ade-b55e-f33c7111bf95',NULL),('1a4db4a2-1dc6-48ee-b418-660a0c621cc2','3e5528d0-4651-41dd-8b09-eab39bf2a102',1,'${role_manage-users}','manage-users','org1','3e5528d0-4651-41dd-8b09-eab39bf2a102',NULL),('1ada0fa5-be3f-4adc-a804-2d909f77ca1a','c9fb0f4c-f597-4c9f-bc8a-da80a1a8898a',1,'${role_manage-events}','manage-events','9643073e-80de-4254-9166-5c75e800fbb5','c9fb0f4c-f597-4c9f-bc8a-da80a1a8898a',NULL),('1c2cf165-c4f3-4cf0-9cd3-73295ee47806','65f6db45-0ad5-4094-92a4-606ec7018502',1,NULL,'_organization-user-role-manager','org5','65f6db45-0ad5-4094-92a4-606ec7018502',NULL),('1c866b13-1b3c-4b8a-9e65-410f03759eba','9643073e-80de-4254-9166-5c75e800fbb5',0,'${role_uma_authorization}','uma_authorization','9643073e-80de-4254-9166-5c75e800fbb5',NULL,NULL),('1c9b31c7-9def-4212-945b-11f238e342f8','a0940068-fbaf-4ef7-a62c-c38b71f55474',1,NULL,'ws1','org4','a0940068-fbaf-4ef7-a62c-c38b71f55474',NULL),('1cd441bd-42c4-4682-9f98-ec9d86347282','3e5528d0-4651-41dd-8b09-eab39bf2a102',1,'${role_view-realm}','view-realm','org1','3e5528d0-4651-41dd-8b09-eab39bf2a102',NULL),('1cfeef18-8bab-4cb4-8b33-e6c7f9765565','60018920-d721-4b3b-8366-e1b2e4292601',1,'${role_view-events}','view-events','9643073e-80de-4254-9166-5c75e800fbb5','60018920-d721-4b3b-8366-e1b2e4292601',NULL),('1d81500f-4679-468f-a2de-4abba2dc6bd5','e7fa7a04-142a-43d8-8758-603c821478df',1,'${role_view-clients}','view-clients','9643073e-80de-4254-9166-5c75e800fbb5','e7fa7a04-142a-43d8-8758-603c821478df',NULL),('1e6fa4ef-140c-4e61-9265-4002db29e26e','e7fa7a04-142a-43d8-8758-603c821478df',1,'${role_query-realms}','query-realms','9643073e-80de-4254-9166-5c75e800fbb5','e7fa7a04-142a-43d8-8758-603c821478df',NULL),('1f467f11-cc05-45f8-a7ca-3edcc7b60a51','742e6a45-dd6c-42b9-8bac-676ee77ef264',1,NULL,'_og-role-usr','org1','742e6a45-dd6c-42b9-8bac-676ee77ef264',NULL),('1f685442-0fef-44f3-ae10-f2cce234f94d','91dc2268-6b73-482b-b0d1-7756adb51d46',1,NULL,'_ws3-admin','org3','91dc2268-6b73-482b-b0d1-7756adb51d46',NULL),('1f6ff5cb-2ef3-45a6-814d-075b2ec233e8','75d96194-d217-4f3b-a78b-539477dc2615',1,'${role_manage-users}','manage-users','org2','75d96194-d217-4f3b-a78b-539477dc2615',NULL),('1fe4516a-bec2-4bcf-91a1-6c6b981204a3','c9fb0f4c-f597-4c9f-bc8a-da80a1a8898a',1,'${role_view-events}','view-events','9643073e-80de-4254-9166-5c75e800fbb5','c9fb0f4c-f597-4c9f-bc8a-da80a1a8898a',NULL),('20a5468d-4ae2-483a-a77b-7a5fcf0a9d6b','742e6a45-dd6c-42b9-8bac-676ee77ef264',1,NULL,'_og-upd','org1','742e6a45-dd6c-42b9-8bac-676ee77ef264',NULL),('20b181d5-bf8b-41c0-a107-6ffc380b67f1','2e4723a1-d81b-4639-bb6b-9f411f27d91d',1,NULL,'_ws3-oase-agent','org2','2e4723a1-d81b-4639-bb6b-9f411f27d91d',NULL),('214429b7-be92-424a-ac02-d321717dcd09','318e9877-e404-46cd-82a4-e2787db90b65',1,'${role_query-users}','query-users','org4','318e9877-e404-46cd-82a4-e2787db90b65',NULL),('2194b86c-ce58-4494-a815-2326e1893894','318e9877-e404-46cd-82a4-e2787db90b65',1,'${role_view-users}','view-users','org4','318e9877-e404-46cd-82a4-e2787db90b65',NULL),('21df3d2b-4070-48d6-ac9c-8f9b0e168ef6','00d4d030-dda0-4f38-b364-9ba06c1469e9',1,'${role_manage-account-links}','manage-account-links','org3','00d4d030-dda0-4f38-b364-9ba06c1469e9',NULL),('23678616-5f51-4a90-b1c1-69ccfee13d63','00d4d030-dda0-4f38-b364-9ba06c1469e9',1,'${role_manage-consent}','manage-consent','org3','00d4d030-dda0-4f38-b364-9ba06c1469e9',NULL),('2371ee76-16d0-474a-af8a-1e6979e242e3','d137d744-bd8f-4564-a08a-42c321fcd1ef',1,NULL,'_og-own-mt','org3','d137d744-bd8f-4564-a08a-42c321fcd1ef',NULL),('242eff92-9aee-49c9-9bcc-c839d04b53fa','44961bdd-6c85-4958-a299-04e1ae46c08f',1,'${role_view-clients}','view-clients','org3','44961bdd-6c85-4958-a299-04e1ae46c08f',NULL),('24577b4f-858f-4c4e-b28a-7602edd04f18','6007d68b-d40c-4036-8801-e86b0fdb84ac',1,'${role_query-realms}','query-realms','9643073e-80de-4254-9166-5c75e800fbb5','6007d68b-d40c-4036-8801-e86b0fdb84ac',NULL),('24917eb1-d781-4f1a-9c27-4b24c82854a3','8fc726dc-fdaf-4ade-b55e-f33c7111bf95',1,NULL,'_ws2-admin','org5','8fc726dc-fdaf-4ade-b55e-f33c7111bf95',NULL),('24f658b5-50d0-48e3-bef8-0316d28ef50f','org2',0,'${role_default-roles}','default-roles-org2','org2',NULL,NULL),('24f8fcfa-9f46-41ff-978c-e49456ed8561','3e5528d0-4651-41dd-8b09-eab39bf2a102',1,'${role_query-users}','query-users','org1','3e5528d0-4651-41dd-8b09-eab39bf2a102',NULL),('25f712e7-1c59-4307-b7ea-e884108d3320','2e4723a1-d81b-4639-bb6b-9f411f27d91d',1,NULL,'_organization-manager','org2','2e4723a1-d81b-4639-bb6b-9f411f27d91d',NULL),('26984601-fcea-4bb1-b89a-076398a1b0b9','75d96194-d217-4f3b-a78b-539477dc2615',1,'${role_view-users}','view-users','org2','75d96194-d217-4f3b-a78b-539477dc2615',NULL),('274a3a7f-6c60-4086-b522-c57cdcb6c898','8fc726dc-fdaf-4ade-b55e-f33c7111bf95',1,NULL,'_og-audit-log','org5','8fc726dc-fdaf-4ade-b55e-f33c7111bf95',NULL),('28386897-c49b-4771-a324-5d0955e6795f','3f50a502-35ff-41a2-8166-3b8afa0fdd66',1,'${role_query-realms}','query-realms','org5','3f50a502-35ff-41a2-8166-3b8afa0fdd66',NULL),('2900eddb-fe3c-4038-96fa-b8104f63aad4','org3',0,'${role_uma_authorization}','uma_authorization','org3',NULL,NULL),('297fa8ae-7631-41bb-a563-18549e660148','a0940068-fbaf-4ef7-a62c-c38b71f55474',1,NULL,'_og-audit-log','org4','a0940068-fbaf-4ef7-a62c-c38b71f55474',NULL),('2d6461fe-d4c4-4b68-b9af-5acfadbe4900','318e9877-e404-46cd-82a4-e2787db90b65',1,'${role_query-realms}','query-realms','org4','318e9877-e404-46cd-82a4-e2787db90b65',NULL),('2e3c84b8-ecea-4073-b301-763cd220ca30','a0940068-fbaf-4ef7-a62c-c38b71f55474',1,NULL,'ws3','org4','a0940068-fbaf-4ef7-a62c-c38b71f55474',NULL),('30155623-e66c-43a9-ac4a-9737648b7d08','fc8b0e94-f0ab-49e6-84b3-2f528917a96d',1,'${role_query-groups}','query-groups','9643073e-80de-4254-9166-5c75e800fbb5','fc8b0e94-f0ab-49e6-84b3-2f528917a96d',NULL),('30520916-925f-4705-b72d-6596ccf4f524','c9fb0f4c-f597-4c9f-bc8a-da80a1a8898a',1,'${role_manage-users}','manage-users','9643073e-80de-4254-9166-5c75e800fbb5','c9fb0f4c-f597-4c9f-bc8a-da80a1a8898a',NULL),('30789df9-d138-4ce1-995a-28afaf898eb3','org4',0,'${role_offline-access}','offline_access','org4',NULL,NULL),('3096ce5e-50e5-4a51-b2b1-edd0261b95e1','75d96194-d217-4f3b-a78b-539477dc2615',1,'${role_manage-identity-providers}','manage-identity-providers','org2','75d96194-d217-4f3b-a78b-539477dc2615',NULL),('30f18bea-088b-4a70-8526-0dfaed0ac158','org1',0,'${role_offline-access}','offline_access','org1',NULL,NULL),('3128c58f-c12e-4cd0-9f0f-07151dffcf33','c9fb0f4c-f597-4c9f-bc8a-da80a1a8898a',1,'${role_query-realms}','query-realms','9643073e-80de-4254-9166-5c75e800fbb5','c9fb0f4c-f597-4c9f-bc8a-da80a1a8898a',NULL),('31458ab5-6ebb-4ed9-ab12-f469285c6980','6007d68b-d40c-4036-8801-e86b0fdb84ac',1,'${role_view-realm}','view-realm','9643073e-80de-4254-9166-5c75e800fbb5','6007d68b-d40c-4036-8801-e86b0fdb84ac',NULL),('31eea296-0865-492d-9cfe-dad1fc0bfac0','c9fb0f4c-f597-4c9f-bc8a-da80a1a8898a',1,'${role_view-clients}','view-clients','9643073e-80de-4254-9166-5c75e800fbb5','c9fb0f4c-f597-4c9f-bc8a-da80a1a8898a',NULL),('324bef73-bfb6-4353-8f72-6d3190a2fc4a','org5',0,'${role_uma_authorization}','uma_authorization','org5',NULL,NULL),('32ae4d66-9159-480a-aa6d-2f57d24bc0bf','17eebc4b-5b49-4784-a6f1-e98d788d48dd',1,'${role_manage-identity-providers}','manage-identity-providers','9643073e-80de-4254-9166-5c75e800fbb5','17eebc4b-5b49-4784-a6f1-e98d788d48dd',NULL),('32e47df3-d1cb-4c5f-b2b6-40fc784b474c','afb054ad-f4ed-460c-b66e-346c1a5f0969',1,'${role_delete-account}','delete-account','org4','afb054ad-f4ed-460c-b66e-346c1a5f0969',NULL),('334dc823-3f06-4583-9ab7-0e8674c20508','6d55a46e-ddd0-4e3b-8827-c944ca695317',1,'${role_view-applications}','view-applications','org5','6d55a46e-ddd0-4e3b-8827-c944ca695317',NULL),('3398f5fc-107f-4b3d-a02a-1442b3a461ba','c9fb0f4c-f597-4c9f-bc8a-da80a1a8898a',1,'${role_create-client}','create-client','9643073e-80de-4254-9166-5c75e800fbb5','c9fb0f4c-f597-4c9f-bc8a-da80a1a8898a',NULL),('34666c82-3aa3-4de1-9953-636ffed9e16e','a0940068-fbaf-4ef7-a62c-c38b71f55474',1,NULL,'ws2','org4','a0940068-fbaf-4ef7-a62c-c38b71f55474',NULL),('34c1f2c5-f962-44d3-8c5d-b0a990b259f3','25395b94-d108-4733-bde2-275d838f2ad2',1,NULL,'_og-usr-mt','org2','25395b94-d108-4733-bde2-275d838f2ad2',NULL),('35778e49-d1bf-475d-9f90-4fd3c7e6f4ef','fc17abd5-4aba-48b9-a5e2-1a070c96267d',1,NULL,'_ws2-oase-agent','org1','fc17abd5-4aba-48b9-a5e2-1a070c96267d',NULL),('35949c2d-f190-48ee-8a49-29e0c23fcdca','61d92538-9a22-412e-b7a4-661fb81930ee',1,NULL,'_ws3-oase-agent','org4','61d92538-9a22-412e-b7a4-661fb81930ee',NULL),('35de38dc-9fc5-4d67-a8a2-88feb557bf39','91dc2268-6b73-482b-b0d1-7756adb51d46',1,NULL,'_ws2-admin','org3','91dc2268-6b73-482b-b0d1-7756adb51d46',NULL),('36738461-e80e-4acf-95ef-aa6d6bb69e37','60018920-d721-4b3b-8366-e1b2e4292601',1,'${role_manage-events}','manage-events','9643073e-80de-4254-9166-5c75e800fbb5','60018920-d721-4b3b-8366-e1b2e4292601',NULL),('36b0ac36-a5ec-47fe-b669-f874ed26ca4b','44961bdd-6c85-4958-a299-04e1ae46c08f',1,'${role_manage-users}','manage-users','org3','44961bdd-6c85-4958-a299-04e1ae46c08f',NULL),('36e64e7e-7a52-4c50-b9c3-91e46d25eb6c','318e9877-e404-46cd-82a4-e2787db90b65',1,'${role_query-groups}','query-groups','org4','318e9877-e404-46cd-82a4-e2787db90b65',NULL),('37ede91c-7651-48f2-ac14-13da8fec72af','91dc2268-6b73-482b-b0d1-7756adb51d46',1,NULL,'_ws1-admin','org3','91dc2268-6b73-482b-b0d1-7756adb51d46',NULL),('37f64ccd-1cae-4ce7-8566-1a990ccab7d4','25395b94-d108-4733-bde2-275d838f2ad2',1,NULL,'_ws1-admin','org2','25395b94-d108-4733-bde2-275d838f2ad2',NULL),('386d6f45-e3fc-4a35-b1d7-5c90d41d97e8','25395b94-d108-4733-bde2-275d838f2ad2',1,NULL,'_og-audit-log','org2','25395b94-d108-4733-bde2-275d838f2ad2',NULL),('39255c8f-839e-4613-b104-392dd6dd48c4','3e5528d0-4651-41dd-8b09-eab39bf2a102',1,'${role_impersonation}','impersonation','org1','3e5528d0-4651-41dd-8b09-eab39bf2a102',NULL),('3a9e82f2-513f-4839-bff9-666cdce60589','61d92538-9a22-412e-b7a4-661fb81930ee',1,NULL,'_ws1-admin','org4','61d92538-9a22-412e-b7a4-661fb81930ee',NULL),('3adecd4a-070e-4a56-9d9a-496f55db864b','fc8b0e94-f0ab-49e6-84b3-2f528917a96d',1,'${role_view-identity-providers}','view-identity-providers','9643073e-80de-4254-9166-5c75e800fbb5','fc8b0e94-f0ab-49e6-84b3-2f528917a96d',NULL),('3bc90807-6865-4878-9fb0-2876c28112e8','org3',0,'${role_offline-access}','offline_access','org3',NULL,NULL),('3c2cdb34-2ea6-4e73-b7ed-c027bd45bdeb','91dc2268-6b73-482b-b0d1-7756adb51d46',1,NULL,'_ws3-oase-agent','org3','91dc2268-6b73-482b-b0d1-7756adb51d46',NULL),('3c652db4-8134-4237-8c2b-881ce1818baf','723aa6e9-796b-40e8-8506-5ab2d8013a4f',1,'${role_manage-account}','manage-account','9643073e-80de-4254-9166-5c75e800fbb5','723aa6e9-796b-40e8-8506-5ab2d8013a4f',NULL),('3cc10f10-8aca-4676-a9e3-d9c606111832','6d55a46e-ddd0-4e3b-8827-c944ca695317',1,'${role_manage-account-links}','manage-account-links','org5','6d55a46e-ddd0-4e3b-8827-c944ca695317',NULL),('3cc1d8b7-8788-449c-9315-96d13f5fab25','25395b94-d108-4733-bde2-275d838f2ad2',1,NULL,'_ws2-admin','org2','25395b94-d108-4733-bde2-275d838f2ad2',NULL),('3d14327c-4c10-47b7-8ce3-e31456a2fc87','afb054ad-f4ed-460c-b66e-346c1a5f0969',1,'${role_view-groups}','view-groups','org4','afb054ad-f4ed-460c-b66e-346c1a5f0969',NULL),('3d512122-dabc-43ec-939e-5cefc69c05d5','6d55a46e-ddd0-4e3b-8827-c944ca695317',1,'${role_view-groups}','view-groups','org5','6d55a46e-ddd0-4e3b-8827-c944ca695317',NULL),('3df47512-a3f5-4210-baf0-92366651bd74','17eebc4b-5b49-4784-a6f1-e98d788d48dd',1,'${role_manage-authorization}','manage-authorization','9643073e-80de-4254-9166-5c75e800fbb5','17eebc4b-5b49-4784-a6f1-e98d788d48dd',NULL),('3eadd843-fc71-4287-8244-318cf078b23f','17eebc4b-5b49-4784-a6f1-e98d788d48dd',1,'${role_view-realm}','view-realm','9643073e-80de-4254-9166-5c75e800fbb5','17eebc4b-5b49-4784-a6f1-e98d788d48dd',NULL),('3f25f151-c270-4836-b610-65b63a115616','adb42477-6c27-4fac-a442-2b998eac3281',1,'${role_manage-consent}','manage-consent','org2','adb42477-6c27-4fac-a442-2b998eac3281',NULL),('404c78c7-a902-4228-9112-c0ffa08cda20','742e6a45-dd6c-42b9-8bac-676ee77ef264',1,NULL,'_og-ws-role-mt','org1','742e6a45-dd6c-42b9-8bac-676ee77ef264',NULL),('432b4c23-9c07-49ef-825f-63511ec03c55','c9fb0f4c-f597-4c9f-bc8a-da80a1a8898a',1,'${role_query-users}','query-users','9643073e-80de-4254-9166-5c75e800fbb5','c9fb0f4c-f597-4c9f-bc8a-da80a1a8898a',NULL),('454bb2b0-f7d4-4427-ba1e-e4aa8ce303e2','742e6a45-dd6c-42b9-8bac-676ee77ef264',1,NULL,'_ws3-admin','org1','742e6a45-dd6c-42b9-8bac-676ee77ef264',NULL),('46f0953a-cb6f-4bf5-8f40-65b3887c1423','2a6170ac-f1dc-42ce-9c69-481425425668',1,'${role_delete-account}','delete-account','org1','2a6170ac-f1dc-42ce-9c69-481425425668',NULL),('474e3ade-a272-466e-b4f2-450320177ba0','6007d68b-d40c-4036-8801-e86b0fdb84ac',1,'${role_view-identity-providers}','view-identity-providers','9643073e-80de-4254-9166-5c75e800fbb5','6007d68b-d40c-4036-8801-e86b0fdb84ac',NULL),('47888635-d81c-4823-bb06-40a7fd1b898d','81a83118-de34-4eef-89fa-d1ac13867a49',1,'${role_read-token}','read-token','org2','81a83118-de34-4eef-89fa-d1ac13867a49',NULL),('47e68be7-7671-427b-bf01-f21544c20bc4','00d4d030-dda0-4f38-b364-9ba06c1469e9',1,'${role_view-applications}','view-applications','org3','00d4d030-dda0-4f38-b364-9ba06c1469e9',NULL),('484b8207-d766-4cc3-9172-e132ca6dc832','fc17abd5-4aba-48b9-a5e2-1a070c96267d',1,NULL,'_ws3-ansible-execution-agent','org1','fc17abd5-4aba-48b9-a5e2-1a070c96267d',NULL),('4858170f-df08-449d-8222-683503d48b94','c9fb0f4c-f597-4c9f-bc8a-da80a1a8898a',1,'${role_impersonation}','impersonation','9643073e-80de-4254-9166-5c75e800fbb5','c9fb0f4c-f597-4c9f-bc8a-da80a1a8898a',NULL),('48672029-557f-4a4d-8730-3b1592ccdc49','3e5528d0-4651-41dd-8b09-eab39bf2a102',1,'${role_view-clients}','view-clients','org1','3e5528d0-4651-41dd-8b09-eab39bf2a102',NULL),('48c10856-3b1c-44f6-8a9d-ab499fec27f7','44961bdd-6c85-4958-a299-04e1ae46c08f',1,'${role_realm-admin}','realm-admin','org3','44961bdd-6c85-4958-a299-04e1ae46c08f',NULL),('49234111-3df0-4101-9de7-b813497543a7','25395b94-d108-4733-bde2-275d838f2ad2',1,NULL,'_og-role-usr','org2','25395b94-d108-4733-bde2-275d838f2ad2',NULL),('49313b13-cea7-435c-91f9-a8fc10a75ebe','75d96194-d217-4f3b-a78b-539477dc2615',1,'${role_view-clients}','view-clients','org2','75d96194-d217-4f3b-a78b-539477dc2615',NULL),('49cc6ea3-6e01-4c94-8906-ea6e3cb8fcdb','318e9877-e404-46cd-82a4-e2787db90b65',1,'${role_manage-realm}','manage-realm','org4','318e9877-e404-46cd-82a4-e2787db90b65',NULL),('4a4e2004-448e-4013-a7f2-c0a360cc5bfa','65f6db45-0ad5-4094-92a4-606ec7018502',1,NULL,'_ws3-oase-agent','org5','65f6db45-0ad5-4094-92a4-606ec7018502',NULL),('4b687421-46dc-476c-9a5a-7ebf2e613728','d137d744-bd8f-4564-a08a-42c321fcd1ef',1,NULL,'ws2','org3','d137d744-bd8f-4564-a08a-42c321fcd1ef',NULL),('4bce1b2e-6425-484b-9463-8503d339c877','60018920-d721-4b3b-8366-e1b2e4292601',1,'${role_view-authorization}','view-authorization','9643073e-80de-4254-9166-5c75e800fbb5','60018920-d721-4b3b-8366-e1b2e4292601',NULL),('4bd10918-1e20-4d99-bce3-b4fe0ee31d34','00d4d030-dda0-4f38-b364-9ba06c1469e9',1,'${role_view-groups}','view-groups','org3','00d4d030-dda0-4f38-b364-9ba06c1469e9',NULL),('4be18e6c-c9f1-4a5b-87c0-48b29e963dab','2a6170ac-f1dc-42ce-9c69-481425425668',1,'${role_manage-account-links}','manage-account-links','org1','2a6170ac-f1dc-42ce-9c69-481425425668',NULL),('4c93f6ee-e31f-4d9b-b514-888c7ec09c13','65f6db45-0ad5-4094-92a4-606ec7018502',1,NULL,'_ws3-ansible-execution-agent','org5','65f6db45-0ad5-4094-92a4-606ec7018502',NULL),('4cec1df6-6591-4ed7-a5a7-ed8b0b8d9e0b','44961bdd-6c85-4958-a299-04e1ae46c08f',1,'${role_query-users}','query-users','org3','44961bdd-6c85-4958-a299-04e1ae46c08f',NULL),('4cf27655-2198-4a9c-8b0f-57524227be16','60018920-d721-4b3b-8366-e1b2e4292601',1,'${role_query-realms}','query-realms','9643073e-80de-4254-9166-5c75e800fbb5','60018920-d721-4b3b-8366-e1b2e4292601',NULL),('4d2e0426-28fd-4f57-b8c0-65a7e6986c9a','44961bdd-6c85-4958-a299-04e1ae46c08f',1,'${role_view-identity-providers}','view-identity-providers','org3','44961bdd-6c85-4958-a299-04e1ae46c08f',NULL),('4d6420b8-2c07-48dd-8704-af8644092e67','60018920-d721-4b3b-8366-e1b2e4292601',1,'${role_view-identity-providers}','view-identity-providers','9643073e-80de-4254-9166-5c75e800fbb5','60018920-d721-4b3b-8366-e1b2e4292601',NULL),('4f17e2a4-6ce3-4740-a295-272e0ee31008','afb054ad-f4ed-460c-b66e-346c1a5f0969',1,'${role_view-applications}','view-applications','org4','afb054ad-f4ed-460c-b66e-346c1a5f0969',NULL),('507d9246-9c48-4f95-a37a-b16cc5c8e4a1','e7fa7a04-142a-43d8-8758-603c821478df',1,'${role_manage-events}','manage-events','9643073e-80de-4254-9166-5c75e800fbb5','e7fa7a04-142a-43d8-8758-603c821478df',NULL),('5191daa1-f5e5-4579-bea2-dce8be90d5b1','61d92538-9a22-412e-b7a4-661fb81930ee',1,NULL,'_organization-user-role-manager','org4','61d92538-9a22-412e-b7a4-661fb81930ee',NULL),('520feffe-ca15-410f-a331-709531480d16','723aa6e9-796b-40e8-8506-5ab2d8013a4f',1,'${role_view-profile}','view-profile','9643073e-80de-4254-9166-5c75e800fbb5','723aa6e9-796b-40e8-8506-5ab2d8013a4f',NULL),('5243ba00-59c9-411b-a2aa-132b58c121f4','60018920-d721-4b3b-8366-e1b2e4292601',1,'${role_impersonation}','impersonation','9643073e-80de-4254-9166-5c75e800fbb5','60018920-d721-4b3b-8366-e1b2e4292601',NULL),('52ae2fcf-bd67-423a-8c42-4d5b7da61bcd','6d55a46e-ddd0-4e3b-8827-c944ca695317',1,'${role_view-profile}','view-profile','org5','6d55a46e-ddd0-4e3b-8827-c944ca695317',NULL),('531bc4c9-154d-46e1-9650-ff9768700561','75d96194-d217-4f3b-a78b-539477dc2615',1,'${role_view-realm}','view-realm','org2','75d96194-d217-4f3b-a78b-539477dc2615',NULL),('53c38eda-f448-41be-b56b-ae4ef8736615','3f50a502-35ff-41a2-8166-3b8afa0fdd66',1,'${role_manage-users}','manage-users','org5','3f50a502-35ff-41a2-8166-3b8afa0fdd66',NULL),('53fdf5c3-b9d5-4b7a-9ab7-4c5189077e58','fc17abd5-4aba-48b9-a5e2-1a070c96267d',1,NULL,'_ws1-ansible-execution-agent','org1','fc17abd5-4aba-48b9-a5e2-1a070c96267d',NULL),('541b2ce5-3475-4c0e-aa5b-4a5b973aa4e1','25395b94-d108-4733-bde2-275d838f2ad2',1,NULL,'_og-ws-role-mt','org2','25395b94-d108-4733-bde2-275d838f2ad2',NULL),('544a40c6-74bf-437f-929a-71384dceee33','60018920-d721-4b3b-8366-e1b2e4292601',1,'${role_manage-realm}','manage-realm','9643073e-80de-4254-9166-5c75e800fbb5','60018920-d721-4b3b-8366-e1b2e4292601',NULL),('54539fee-e0d6-4d45-8281-5e1d77278f9c','e7fa7a04-142a-43d8-8758-603c821478df',1,'${role_view-authorization}','view-authorization','9643073e-80de-4254-9166-5c75e800fbb5','e7fa7a04-142a-43d8-8758-603c821478df',NULL),('54838726-c77a-4316-a320-f0f6959dde33','318e9877-e404-46cd-82a4-e2787db90b65',1,'${role_manage-clients}','manage-clients','org4','318e9877-e404-46cd-82a4-e2787db90b65',NULL),('5549ac43-0569-43a5-95aa-03ef6547a892','742e6a45-dd6c-42b9-8bac-676ee77ef264',1,NULL,'ws3','org1','742e6a45-dd6c-42b9-8bac-676ee77ef264',NULL),('563c34bc-4003-4ddd-9a21-291239971b1a','cb582f27-1153-469c-98f8-55bff249eeef',1,'${role_read-token}','read-token','org4','cb582f27-1153-469c-98f8-55bff249eeef',NULL),('56511491-e993-481b-b8b9-fea60ec6f0c1','60018920-d721-4b3b-8366-e1b2e4292601',1,'${role_manage-users}','manage-users','9643073e-80de-4254-9166-5c75e800fbb5','60018920-d721-4b3b-8366-e1b2e4292601',NULL),('5731218e-3844-44d3-a2e5-bbf181f3af29','318e9877-e404-46cd-82a4-e2787db90b65',1,'${role_manage-identity-providers}','manage-identity-providers','org4','318e9877-e404-46cd-82a4-e2787db90b65',NULL),('5873e6f2-2cfd-48c3-8478-65c14409912e','44961bdd-6c85-4958-a299-04e1ae46c08f',1,'${role_query-groups}','query-groups','org3','44961bdd-6c85-4958-a299-04e1ae46c08f',NULL),('5886144d-80ee-4903-8f69-2864e27b6ab6','17eebc4b-5b49-4784-a6f1-e98d788d48dd',1,'${role_manage-users}','manage-users','9643073e-80de-4254-9166-5c75e800fbb5','17eebc4b-5b49-4784-a6f1-e98d788d48dd',NULL),('590a4276-5790-4acc-b333-bd9ce3209e60','adb42477-6c27-4fac-a442-2b998eac3281',1,'${role_view-applications}','view-applications','org2','adb42477-6c27-4fac-a442-2b998eac3281',NULL),('59ba9114-32b0-44ac-b145-7666761577be','9643073e-80de-4254-9166-5c75e800fbb5',0,'${role_create-realm}','create-realm','9643073e-80de-4254-9166-5c75e800fbb5',NULL,NULL),('5a7379c0-9dc5-4423-b103-2d1750629efc','3f50a502-35ff-41a2-8166-3b8afa0fdd66',1,'${role_manage-realm}','manage-realm','org5','3f50a502-35ff-41a2-8166-3b8afa0fdd66',NULL),('5b1b9886-084b-470c-a034-e2a7cc6500af','60018920-d721-4b3b-8366-e1b2e4292601',1,'${role_view-realm}','view-realm','9643073e-80de-4254-9166-5c75e800fbb5','60018920-d721-4b3b-8366-e1b2e4292601',NULL),('5b96559a-23a3-4d60-8c7b-348e642f81d0','75d96194-d217-4f3b-a78b-539477dc2615',1,'${role_view-events}','view-events','org2','75d96194-d217-4f3b-a78b-539477dc2615',NULL),('5c87566a-c06a-451b-bce1-72cf73464ca7','fc8b0e94-f0ab-49e6-84b3-2f528917a96d',1,'${role_manage-clients}','manage-clients','9643073e-80de-4254-9166-5c75e800fbb5','fc8b0e94-f0ab-49e6-84b3-2f528917a96d',NULL),('5ea6a27f-391f-4182-9f2e-e9490602560f','8fc726dc-fdaf-4ade-b55e-f33c7111bf95',1,NULL,'_og-ws-role-usr','org5','8fc726dc-fdaf-4ade-b55e-f33c7111bf95',NULL),('6021f262-ebb1-4afd-b04e-3d39365049c6','00d4d030-dda0-4f38-b364-9ba06c1469e9',1,'${role_view-consent}','view-consent','org3','00d4d030-dda0-4f38-b364-9ba06c1469e9',NULL),('6037275a-45d1-4d9f-82a6-802ea90ecaa4','e7fa7a04-142a-43d8-8758-603c821478df',1,'${role_view-identity-providers}','view-identity-providers','9643073e-80de-4254-9166-5c75e800fbb5','e7fa7a04-142a-43d8-8758-603c821478df',NULL),('611039d6-ae7d-4385-8a2b-b47e027b2d06','8fc726dc-fdaf-4ade-b55e-f33c7111bf95',1,NULL,'_og-usage','org5','8fc726dc-fdaf-4ade-b55e-f33c7111bf95',NULL),('61eed6d3-c7eb-482e-9fea-f4dd07a9fffc','c9fb0f4c-f597-4c9f-bc8a-da80a1a8898a',1,'${role_query-groups}','query-groups','9643073e-80de-4254-9166-5c75e800fbb5','c9fb0f4c-f597-4c9f-bc8a-da80a1a8898a',NULL),('62ea5eee-857b-4a72-b20e-7e300a5dd4a7','723aa6e9-796b-40e8-8506-5ab2d8013a4f',1,'${role_view-applications}','view-applications','9643073e-80de-4254-9166-5c75e800fbb5','723aa6e9-796b-40e8-8506-5ab2d8013a4f',NULL),('62f41d11-9196-42cd-b51e-d8d0b79ed61c','c9fb0f4c-f597-4c9f-bc8a-da80a1a8898a',1,'${role_view-authorization}','view-authorization','9643073e-80de-4254-9166-5c75e800fbb5','c9fb0f4c-f597-4c9f-bc8a-da80a1a8898a',NULL),('6312791a-434e-4113-aa7a-42178b4fa92f','fc17abd5-4aba-48b9-a5e2-1a070c96267d',1,NULL,'_ws2-ansible-execution-agent','org1','fc17abd5-4aba-48b9-a5e2-1a070c96267d',NULL),('63321981-a549-4352-864f-fc044093322b','6007d68b-d40c-4036-8801-e86b0fdb84ac',1,'${role_impersonation}','impersonation','9643073e-80de-4254-9166-5c75e800fbb5','6007d68b-d40c-4036-8801-e86b0fdb84ac',NULL),('64954460-a397-42f0-bcaf-b938dbcaf6b6','2e4723a1-d81b-4639-bb6b-9f411f27d91d',1,NULL,'_ws1-ansible-execution-agent','org2','2e4723a1-d81b-4639-bb6b-9f411f27d91d',NULL),('658bf246-6615-43d4-928e-11f54108f7e5','adb42477-6c27-4fac-a442-2b998eac3281',1,'${role_view-consent}','view-consent','org2','adb42477-6c27-4fac-a442-2b998eac3281',NULL),('65d00038-754a-4094-b1fe-9aff64bb04aa','00d4d030-dda0-4f38-b364-9ba06c1469e9',1,'${role_manage-account}','manage-account','org3','00d4d030-dda0-4f38-b364-9ba06c1469e9',NULL),('6653450c-8eb4-4fc3-80a2-4338860bf01b','25395b94-d108-4733-bde2-275d838f2ad2',1,NULL,'_ws3-admin','org2','25395b94-d108-4733-bde2-275d838f2ad2',NULL),('6744f0b4-bfdf-4b9f-9f8a-1b7b756dd981','c9fb0f4c-f597-4c9f-bc8a-da80a1a8898a',1,'${role_view-realm}','view-realm','9643073e-80de-4254-9166-5c75e800fbb5','c9fb0f4c-f597-4c9f-bc8a-da80a1a8898a',NULL),('67bcc725-9186-4811-82c0-63bcc893d806','91dc2268-6b73-482b-b0d1-7756adb51d46',1,NULL,'_organization-manager','org3','91dc2268-6b73-482b-b0d1-7756adb51d46',NULL),('6958e33b-b0c2-4c19-9081-7592d165c555','2e4723a1-d81b-4639-bb6b-9f411f27d91d',1,NULL,'_ws3-admin','org2','2e4723a1-d81b-4639-bb6b-9f411f27d91d',NULL),('698d3f7f-35bf-4676-954a-230f5d3b8aa0','c9fb0f4c-f597-4c9f-bc8a-da80a1a8898a',1,'${role_manage-identity-providers}','manage-identity-providers','9643073e-80de-4254-9166-5c75e800fbb5','c9fb0f4c-f597-4c9f-bc8a-da80a1a8898a',NULL),('69a344a9-63e3-4b19-9180-650857ba5201','org2',0,'${role_uma_authorization}','uma_authorization','org2',NULL,NULL),('6a436955-55a3-4c0d-9d77-89e4f378df08','fc8b0e94-f0ab-49e6-84b3-2f528917a96d',1,'${role_manage-realm}','manage-realm','9643073e-80de-4254-9166-5c75e800fbb5','fc8b0e94-f0ab-49e6-84b3-2f528917a96d',NULL),('6a85e567-9896-491f-97c8-9ed1af824478','3f50a502-35ff-41a2-8166-3b8afa0fdd66',1,'${role_manage-identity-providers}','manage-identity-providers','org5','3f50a502-35ff-41a2-8166-3b8afa0fdd66',NULL),('6b54fd87-8a68-4de0-a131-ebee65b9bd68','17eebc4b-5b49-4784-a6f1-e98d788d48dd',1,'${role_view-users}','view-users','9643073e-80de-4254-9166-5c75e800fbb5','17eebc4b-5b49-4784-a6f1-e98d788d48dd',NULL),('6c06c734-88a5-450b-9eb9-32e38f7f7cde','e7fa7a04-142a-43d8-8758-603c821478df',1,'${role_manage-identity-providers}','manage-identity-providers','9643073e-80de-4254-9166-5c75e800fbb5','e7fa7a04-142a-43d8-8758-603c821478df',NULL),('6cb7c1a2-d4a2-4ae3-9602-fae1ec0b77d3','75d96194-d217-4f3b-a78b-539477dc2615',1,'${role_manage-realm}','manage-realm','org2','75d96194-d217-4f3b-a78b-539477dc2615',NULL),('6cebb403-e600-4e39-9d65-c6d6c0b2f37b','3e5528d0-4651-41dd-8b09-eab39bf2a102',1,'${role_manage-clients}','manage-clients','org1','3e5528d0-4651-41dd-8b09-eab39bf2a102',NULL),('6d3b25cf-5b0f-4bcb-b540-98c5161173a1','3f50a502-35ff-41a2-8166-3b8afa0fdd66',1,'${role_view-realm}','view-realm','org5','3f50a502-35ff-41a2-8166-3b8afa0fdd66',NULL),('6d49a40c-6aea-437a-8772-931795aa2eb7','742e6a45-dd6c-42b9-8bac-676ee77ef264',1,NULL,'ws1','org1','742e6a45-dd6c-42b9-8bac-676ee77ef264',NULL),('6e3ce2dd-1ced-4609-a88e-91d00ebb440c','a0940068-fbaf-4ef7-a62c-c38b71f55474',1,NULL,'_ws1-admin','org4','a0940068-fbaf-4ef7-a62c-c38b71f55474',NULL),('6e5a5ea5-e689-46ac-ae56-be76dc9e9fed','c9fb0f4c-f597-4c9f-bc8a-da80a1a8898a',1,'${role_view-identity-providers}','view-identity-providers','9643073e-80de-4254-9166-5c75e800fbb5','c9fb0f4c-f597-4c9f-bc8a-da80a1a8898a',NULL),('6fc18984-33cb-4a45-9e14-9c56eb8a310f','742e6a45-dd6c-42b9-8bac-676ee77ef264',1,NULL,'ws2','org1','742e6a45-dd6c-42b9-8bac-676ee77ef264',NULL),('6fd09fc4-ce5c-44d6-b891-8b34caa9419d','3e5528d0-4651-41dd-8b09-eab39bf2a102',1,'${role_view-users}','view-users','org1','3e5528d0-4651-41dd-8b09-eab39bf2a102',NULL),('70ff9944-5a9a-4881-8353-ea9294d6eed7','6007d68b-d40c-4036-8801-e86b0fdb84ac',1,'${role_manage-events}','manage-events','9643073e-80de-4254-9166-5c75e800fbb5','6007d68b-d40c-4036-8801-e86b0fdb84ac',NULL),('71292692-f9da-45e0-8738-edb1e8eb87d3','75d96194-d217-4f3b-a78b-539477dc2615',1,'${role_create-client}','create-client','org2','75d96194-d217-4f3b-a78b-539477dc2615',NULL),('71ad0b47-abe2-4ab0-9494-fb6db55bc4e0','6007d68b-d40c-4036-8801-e86b0fdb84ac',1,'${role_view-events}','view-events','9643073e-80de-4254-9166-5c75e800fbb5','6007d68b-d40c-4036-8801-e86b0fdb84ac',NULL),('71e248b2-06c7-44c6-b55d-6bc0c40b2259','17eebc4b-5b49-4784-a6f1-e98d788d48dd',1,'${role_query-users}','query-users','9643073e-80de-4254-9166-5c75e800fbb5','17eebc4b-5b49-4784-a6f1-e98d788d48dd',NULL),('71e3039c-fdd2-4b6a-851d-e89ca82f43b5','00d4d030-dda0-4f38-b364-9ba06c1469e9',1,'${role_view-profile}','view-profile','org3','00d4d030-dda0-4f38-b364-9ba06c1469e9',NULL),('7221b4f3-7798-416c-a3c7-4a0eda49855e','2e4723a1-d81b-4639-bb6b-9f411f27d91d',1,NULL,'_organization-user-manager','org2','2e4723a1-d81b-4639-bb6b-9f411f27d91d',NULL),('72955fa2-a771-4fbd-a0e4-4bd9b66e275f','723aa6e9-796b-40e8-8506-5ab2d8013a4f',1,'${role_delete-account}','delete-account','9643073e-80de-4254-9166-5c75e800fbb5','723aa6e9-796b-40e8-8506-5ab2d8013a4f',NULL),('7297c7b4-f529-4167-8a08-6087d8ead5e6','2e4723a1-d81b-4639-bb6b-9f411f27d91d',1,NULL,'_organization-user-role-manager','org2','2e4723a1-d81b-4639-bb6b-9f411f27d91d',NULL),('72ef290a-7f92-4078-8bd6-9a09388fe550','75d96194-d217-4f3b-a78b-539477dc2615',1,'${role_manage-authorization}','manage-authorization','org2','75d96194-d217-4f3b-a78b-539477dc2615',NULL),('74816fcb-c4a6-4c97-9527-39ba49dd0c84','3f50a502-35ff-41a2-8166-3b8afa0fdd66',1,'${role_view-identity-providers}','view-identity-providers','org5','3f50a502-35ff-41a2-8166-3b8afa0fdd66',NULL),('7495acc8-bf7c-43ab-a3df-8cafcae834f2','44961bdd-6c85-4958-a299-04e1ae46c08f',1,'${role_manage-realm}','manage-realm','org3','44961bdd-6c85-4958-a299-04e1ae46c08f',NULL),('7497416b-35a7-4240-8d45-b46162f0764e','2a6170ac-f1dc-42ce-9c69-481425425668',1,'${role_manage-consent}','manage-consent','org1','2a6170ac-f1dc-42ce-9c69-481425425668',NULL),('75d03edf-048f-4584-b70a-7e47482292f0','d137d744-bd8f-4564-a08a-42c321fcd1ef',1,NULL,'_ws3-admin','org3','d137d744-bd8f-4564-a08a-42c321fcd1ef',NULL),('77f9d44d-9850-404d-984e-56e55797e0b8','e7fa7a04-142a-43d8-8758-603c821478df',1,'${role_manage-realm}','manage-realm','9643073e-80de-4254-9166-5c75e800fbb5','e7fa7a04-142a-43d8-8758-603c821478df',NULL),('780f5ace-09fb-4d7f-a274-414992d522df','742e6a45-dd6c-42b9-8bac-676ee77ef264',1,NULL,'_og-ws-mt','org1','742e6a45-dd6c-42b9-8bac-676ee77ef264',NULL),('78c0fe07-2d9c-41b9-be8c-14b5356a636d','65f6db45-0ad5-4094-92a4-606ec7018502',1,NULL,'_ws2-ansible-execution-agent','org5','65f6db45-0ad5-4094-92a4-606ec7018502',NULL),('79f5d69e-c000-43e8-9291-ff4fdc22016a','e7fa7a04-142a-43d8-8758-603c821478df',1,'${role_manage-users}','manage-users','9643073e-80de-4254-9166-5c75e800fbb5','e7fa7a04-142a-43d8-8758-603c821478df',NULL),('7a467c7c-8c4d-4432-a08e-b72cadfa3245','61d92538-9a22-412e-b7a4-661fb81930ee',1,NULL,'_organization-manager','org4','61d92538-9a22-412e-b7a4-661fb81930ee',NULL),('7ab6516c-93f0-49e6-98f6-661535eccfa9','2a6170ac-f1dc-42ce-9c69-481425425668',1,'${role_manage-account}','manage-account','org1','2a6170ac-f1dc-42ce-9c69-481425425668',NULL),('7ab87ed4-fa16-49fc-abd9-39ed9020ee3c','d137d744-bd8f-4564-a08a-42c321fcd1ef',1,NULL,'_og-upd','org3','d137d744-bd8f-4564-a08a-42c321fcd1ef',NULL),('7c89ca30-6636-4fdf-bd2c-5eea50fcee07','c9fb0f4c-f597-4c9f-bc8a-da80a1a8898a',1,'${role_query-clients}','query-clients','9643073e-80de-4254-9166-5c75e800fbb5','c9fb0f4c-f597-4c9f-bc8a-da80a1a8898a',NULL),('7c8a21cc-8f7c-40a9-bef1-00f4fa64e03d','8fc726dc-fdaf-4ade-b55e-f33c7111bf95',1,NULL,'_og-role-usr','org5','8fc726dc-fdaf-4ade-b55e-f33c7111bf95',NULL),('7cced3d5-ceec-4aa2-8b15-79d0ce1d4b19','653fa1e9-f9fe-46e8-ba11-4e72f74fe1d0',1,'${role_read-token}','read-token','9643073e-80de-4254-9166-5c75e800fbb5','653fa1e9-f9fe-46e8-ba11-4e72f74fe1d0',NULL),('7cf7d1e7-fc35-4df5-913d-5f9741eaef2e','a0940068-fbaf-4ef7-a62c-c38b71f55474',1,NULL,'_ws3-admin','org4','a0940068-fbaf-4ef7-a62c-c38b71f55474',NULL),('7cffe39a-6528-4fd4-9615-500a5380c3a9','75d96194-d217-4f3b-a78b-539477dc2615',1,'${role_impersonation}','impersonation','org2','75d96194-d217-4f3b-a78b-539477dc2615',NULL),('7d3ca58a-42c1-4d7e-b080-ea7b878876f7','a0940068-fbaf-4ef7-a62c-c38b71f55474',1,NULL,'_og-ws-mt','org4','a0940068-fbaf-4ef7-a62c-c38b71f55474',NULL),('7ea81de1-e211-4f4d-b309-0722ef8e174a','77bc50ba-1d61-4f42-b61d-21b3e9c9fd33',1,'${role_read-token}','read-token','org5','77bc50ba-1d61-4f42-b61d-21b3e9c9fd33',NULL),('7f6575aa-ccd9-482c-926f-f83b7a137a9f','75d96194-d217-4f3b-a78b-539477dc2615',1,'${role_manage-clients}','manage-clients','org2','75d96194-d217-4f3b-a78b-539477dc2615',NULL),('7ff33427-a382-4133-809d-9a27f1f51688','75d96194-d217-4f3b-a78b-539477dc2615',1,'${role_realm-admin}','realm-admin','org2','75d96194-d217-4f3b-a78b-539477dc2615',NULL),('8028ecf1-720e-462a-ae22-6610d59f134e','9643073e-80de-4254-9166-5c75e800fbb5',0,'${role_offline-access}','offline_access','9643073e-80de-4254-9166-5c75e800fbb5',NULL,NULL),('8100ba4d-af3b-4fe1-8b24-f8ef29eb339b','2e4723a1-d81b-4639-bb6b-9f411f27d91d',1,NULL,'_ws2-oase-agent','org2','2e4723a1-d81b-4639-bb6b-9f411f27d91d',NULL),('8126840e-dee3-4abd-993a-f5908d710736','44961bdd-6c85-4958-a299-04e1ae46c08f',1,'${role_manage-identity-providers}','manage-identity-providers','org3','44961bdd-6c85-4958-a299-04e1ae46c08f',NULL),('816859e2-0093-4328-9c48-a092e9d7bdaf','fc8b0e94-f0ab-49e6-84b3-2f528917a96d',1,'${role_impersonation}','impersonation','9643073e-80de-4254-9166-5c75e800fbb5','fc8b0e94-f0ab-49e6-84b3-2f528917a96d',NULL),('82af04db-de62-41a0-a572-103dbe225f73','318e9877-e404-46cd-82a4-e2787db90b65',1,'${role_manage-events}','manage-events','org4','318e9877-e404-46cd-82a4-e2787db90b65',NULL),('83e34751-5196-4229-8562-0834cf915f1e','8fc726dc-fdaf-4ade-b55e-f33c7111bf95',1,NULL,'_ws1-admin','org5','8fc726dc-fdaf-4ade-b55e-f33c7111bf95',NULL),('84d08a0d-07ca-45d5-968f-6986b8247090','adb42477-6c27-4fac-a442-2b998eac3281',1,'${role_manage-account-links}','manage-account-links','org2','adb42477-6c27-4fac-a442-2b998eac3281',NULL),('85d36ebc-4006-46d8-a373-1a645a0c96b6','6007d68b-d40c-4036-8801-e86b0fdb84ac',1,'${role_manage-authorization}','manage-authorization','9643073e-80de-4254-9166-5c75e800fbb5','6007d68b-d40c-4036-8801-e86b0fdb84ac',NULL),('861addb4-d8d4-4f18-a14b-a39e3b2a486f','318e9877-e404-46cd-82a4-e2787db90b65',1,'${role_view-realm}','view-realm','org4','318e9877-e404-46cd-82a4-e2787db90b65',NULL),('87b8e675-6ece-4ac8-a6a4-1da6e13af703','65f6db45-0ad5-4094-92a4-606ec7018502',1,NULL,'_ws2-oase-agent','org5','65f6db45-0ad5-4094-92a4-606ec7018502',NULL),('87d8170d-6f71-4014-afde-9605abb886a1','17eebc4b-5b49-4784-a6f1-e98d788d48dd',1,'${role_manage-realm}','manage-realm','9643073e-80de-4254-9166-5c75e800fbb5','17eebc4b-5b49-4784-a6f1-e98d788d48dd',NULL),('88a7ae48-12e5-49e7-a7f3-ec8fa908c649','742e6a45-dd6c-42b9-8bac-676ee77ef264',1,NULL,'_og-ws-role-usr','org1','742e6a45-dd6c-42b9-8bac-676ee77ef264',NULL),('8960a001-9fc4-41b7-b400-a4bc0e39fd76','3f50a502-35ff-41a2-8166-3b8afa0fdd66',1,'${role_realm-admin}','realm-admin','org5','3f50a502-35ff-41a2-8166-3b8afa0fdd66',NULL),('89c8bd0a-0bfe-46e8-ae5a-1e90abbfcfdc','e7fa7a04-142a-43d8-8758-603c821478df',1,'${role_query-users}','query-users','9643073e-80de-4254-9166-5c75e800fbb5','e7fa7a04-142a-43d8-8758-603c821478df',NULL),('8a64efe1-7b40-4ab4-a817-09f23425fc94','afb054ad-f4ed-460c-b66e-346c1a5f0969',1,'${role_view-profile}','view-profile','org4','afb054ad-f4ed-460c-b66e-346c1a5f0969',NULL),('8b418788-4a18-48a8-bb94-8d43422f7178','6007d68b-d40c-4036-8801-e86b0fdb84ac',1,'${role_manage-clients}','manage-clients','9643073e-80de-4254-9166-5c75e800fbb5','6007d68b-d40c-4036-8801-e86b0fdb84ac',NULL),('8b56bd11-9fe1-457a-92a7-9c950abd53a4','17eebc4b-5b49-4784-a6f1-e98d788d48dd',1,'${role_query-clients}','query-clients','9643073e-80de-4254-9166-5c75e800fbb5','17eebc4b-5b49-4784-a6f1-e98d788d48dd',NULL),('8b683043-211e-4b44-a702-54f1a4ce5346','65f6db45-0ad5-4094-92a4-606ec7018502',1,NULL,'_organization-user-manager','org5','65f6db45-0ad5-4094-92a4-606ec7018502',NULL),('8c1e2842-b510-4ac2-bb5b-78e8beaa58cf','3e5528d0-4651-41dd-8b09-eab39bf2a102',1,'${role_realm-admin}','realm-admin','org1','3e5528d0-4651-41dd-8b09-eab39bf2a102',NULL),('8c332389-73fb-4026-86bb-162f0ef16eb1','61d92538-9a22-412e-b7a4-661fb81930ee',1,NULL,'_ws1-ansible-execution-agent','org4','61d92538-9a22-412e-b7a4-661fb81930ee',NULL),('8ca166a7-fed8-4bb5-835f-70b5c17b7300','3e5528d0-4651-41dd-8b09-eab39bf2a102',1,'${role_manage-authorization}','manage-authorization','org1','3e5528d0-4651-41dd-8b09-eab39bf2a102',NULL),('8e116f83-dd91-4043-87a2-103744139a11','75d96194-d217-4f3b-a78b-539477dc2615',1,'${role_query-clients}','query-clients','org2','75d96194-d217-4f3b-a78b-539477dc2615',NULL),('8e2c1547-2143-43a1-94a4-5dd80e344d42','3f50a502-35ff-41a2-8166-3b8afa0fdd66',1,'${role_query-users}','query-users','org5','3f50a502-35ff-41a2-8166-3b8afa0fdd66',NULL),('900f29dc-a363-46e9-bb73-5824bf810151','org5',0,'${role_offline-access}','offline_access','org5',NULL,NULL),('914a63ff-bc44-4d01-8233-c8bd0b4fb422','3f50a502-35ff-41a2-8166-3b8afa0fdd66',1,'${role_view-authorization}','view-authorization','org5','3f50a502-35ff-41a2-8166-3b8afa0fdd66',NULL),('91b1c915-aebe-4580-9489-1bbba0c38b00','fc8b0e94-f0ab-49e6-84b3-2f528917a96d',1,'${role_query-realms}','query-realms','9643073e-80de-4254-9166-5c75e800fbb5','fc8b0e94-f0ab-49e6-84b3-2f528917a96d',NULL),('927640f9-d877-4fd6-b965-8bc086c727b1','91dc2268-6b73-482b-b0d1-7756adb51d46',1,NULL,'_ws3-ansible-execution-agent','org3','91dc2268-6b73-482b-b0d1-7756adb51d46',NULL),('928ee94b-2ea4-4d97-9d62-d01fd0d33614','44961bdd-6c85-4958-a299-04e1ae46c08f',1,'${role_manage-clients}','manage-clients','org3','44961bdd-6c85-4958-a299-04e1ae46c08f',NULL),('93d6640b-4c55-47c0-a1be-b289d768dbed','6d55a46e-ddd0-4e3b-8827-c944ca695317',1,'${role_manage-consent}','manage-consent','org5','6d55a46e-ddd0-4e3b-8827-c944ca695317',NULL),('94289be7-212a-4055-932b-8e9f1d43cc72','60018920-d721-4b3b-8366-e1b2e4292601',1,'${role_view-clients}','view-clients','9643073e-80de-4254-9166-5c75e800fbb5','60018920-d721-4b3b-8366-e1b2e4292601',NULL),('947af5e5-1258-4775-b06e-999739329628','e7fa7a04-142a-43d8-8758-603c821478df',1,'${role_query-clients}','query-clients','9643073e-80de-4254-9166-5c75e800fbb5','e7fa7a04-142a-43d8-8758-603c821478df',NULL),('95574367-34a7-4196-ac78-1bc355f43933','318e9877-e404-46cd-82a4-e2787db90b65',1,'${role_realm-admin}','realm-admin','org4','318e9877-e404-46cd-82a4-e2787db90b65',NULL),('9656ff84-c381-45d8-84fe-4fb7deb400ff','8fc726dc-fdaf-4ade-b55e-f33c7111bf95',1,NULL,'_ws3-admin','org5','8fc726dc-fdaf-4ade-b55e-f33c7111bf95',NULL),('9664eae8-c7d9-458f-9826-9f808a38defd','65f6db45-0ad5-4094-92a4-606ec7018502',1,NULL,'_ws1-oase-agent','org5','65f6db45-0ad5-4094-92a4-606ec7018502',NULL),('97420c98-82ac-4a33-ab96-e5e74491fcdb','a0940068-fbaf-4ef7-a62c-c38b71f55474',1,NULL,'_og-usr-mt','org4','a0940068-fbaf-4ef7-a62c-c38b71f55474',NULL),('9762e61c-cae9-45ae-b5b2-3413554e3f16','44961bdd-6c85-4958-a299-04e1ae46c08f',1,'${role_query-clients}','query-clients','org3','44961bdd-6c85-4958-a299-04e1ae46c08f',NULL),('980ddc38-deaa-4137-b303-aa412195c84f','8fc726dc-fdaf-4ade-b55e-f33c7111bf95',1,NULL,'_og-upd','org5','8fc726dc-fdaf-4ade-b55e-f33c7111bf95',NULL),('982d5c3e-5f02-445f-a967-c8e04581968e','8fc726dc-fdaf-4ade-b55e-f33c7111bf95',1,NULL,'_og-own-mt','org5','8fc726dc-fdaf-4ade-b55e-f33c7111bf95',NULL),('9909583b-f926-4373-91ec-c57208160e1f','17eebc4b-5b49-4784-a6f1-e98d788d48dd',1,'${role_query-realms}','query-realms','9643073e-80de-4254-9166-5c75e800fbb5','17eebc4b-5b49-4784-a6f1-e98d788d48dd',NULL),('9a69d67b-6e12-423a-abee-348efff81bd4','91dc2268-6b73-482b-b0d1-7756adb51d46',1,NULL,'_ws1-oase-agent','org3','91dc2268-6b73-482b-b0d1-7756adb51d46',NULL),('9a936043-9115-4128-9579-acf0133b7d17','44961bdd-6c85-4958-a299-04e1ae46c08f',1,'${role_view-events}','view-events','org3','44961bdd-6c85-4958-a299-04e1ae46c08f',NULL),('9c84a23e-a350-4fcd-bc2d-0ea2177cbf68','org3',0,'${role_default-roles}','default-roles-org3','org3',NULL,NULL),('9c8fd5cf-333f-4bf4-b65e-f4249407f275','6007d68b-d40c-4036-8801-e86b0fdb84ac',1,'${role_view-authorization}','view-authorization','9643073e-80de-4254-9166-5c75e800fbb5','6007d68b-d40c-4036-8801-e86b0fdb84ac',NULL),('9d1c6905-8c73-4b2b-88b5-2a43f49811c4','adb42477-6c27-4fac-a442-2b998eac3281',1,'${role_view-profile}','view-profile','org2','adb42477-6c27-4fac-a442-2b998eac3281',NULL),('9e2ef275-1dd9-4558-bf1d-9d3c16c17d03','e7fa7a04-142a-43d8-8758-603c821478df',1,'${role_create-client}','create-client','9643073e-80de-4254-9166-5c75e800fbb5','e7fa7a04-142a-43d8-8758-603c821478df',NULL),('9e437b05-2977-4394-8f22-ab1ae074e739','723aa6e9-796b-40e8-8506-5ab2d8013a4f',1,'${role_view-groups}','view-groups','9643073e-80de-4254-9166-5c75e800fbb5','723aa6e9-796b-40e8-8506-5ab2d8013a4f',NULL),('9e576e6c-4556-4a33-a892-dfa74dfe90f4','44961bdd-6c85-4958-a299-04e1ae46c08f',1,'${role_view-realm}','view-realm','org3','44961bdd-6c85-4958-a299-04e1ae46c08f',NULL),('9ec48cf1-e270-4a32-95b7-5dcfdfacdb04','6007d68b-d40c-4036-8801-e86b0fdb84ac',1,'${role_query-groups}','query-groups','9643073e-80de-4254-9166-5c75e800fbb5','6007d68b-d40c-4036-8801-e86b0fdb84ac',NULL),('9fe516b0-25b6-42b4-91be-e5a95b2e8764','25395b94-d108-4733-bde2-275d838f2ad2',1,NULL,'_og-upd','org2','25395b94-d108-4733-bde2-275d838f2ad2',NULL),('a07fa6bc-e49f-434c-8e1e-cc5d19673e4d','8fc726dc-fdaf-4ade-b55e-f33c7111bf95',1,NULL,'_og-usr-mt','org5','8fc726dc-fdaf-4ade-b55e-f33c7111bf95',NULL),('a0fdb0c9-2f07-486a-8e69-6158eac71515','60018920-d721-4b3b-8366-e1b2e4292601',1,'${role_query-users}','query-users','9643073e-80de-4254-9166-5c75e800fbb5','60018920-d721-4b3b-8366-e1b2e4292601',NULL),('a314df0b-e50e-4810-bcc7-c4ce18180579','e7fa7a04-142a-43d8-8758-603c821478df',1,'${role_manage-clients}','manage-clients','9643073e-80de-4254-9166-5c75e800fbb5','e7fa7a04-142a-43d8-8758-603c821478df',NULL),('a394ed9e-c1ab-4eba-b255-6cf18c7dad81','742e6a45-dd6c-42b9-8bac-676ee77ef264',1,NULL,'_ws2-admin','org1','742e6a45-dd6c-42b9-8bac-676ee77ef264',NULL),('a3ed7688-51b0-49dc-9bf9-a6b4ef2735fb','3f50a502-35ff-41a2-8166-3b8afa0fdd66',1,'${role_manage-authorization}','manage-authorization','org5','3f50a502-35ff-41a2-8166-3b8afa0fdd66',NULL),('a4168aab-c39f-448b-a74b-2558d484aaf7','a0940068-fbaf-4ef7-a62c-c38b71f55474',1,NULL,'_og-role-usr','org4','a0940068-fbaf-4ef7-a62c-c38b71f55474',NULL),('a43b2bd7-5ae0-49f8-adcf-2dcde7d04640','742e6a45-dd6c-42b9-8bac-676ee77ef264',1,NULL,'_og-usage','org1','742e6a45-dd6c-42b9-8bac-676ee77ef264',NULL),('a5802ab6-01b1-4309-b143-7168733970f1','2e4723a1-d81b-4639-bb6b-9f411f27d91d',1,NULL,'_ws1-oase-agent','org2','2e4723a1-d81b-4639-bb6b-9f411f27d91d',NULL),('a5f06591-199b-467b-832d-3414adcc8abd','17eebc4b-5b49-4784-a6f1-e98d788d48dd',1,'${role_view-events}','view-events','9643073e-80de-4254-9166-5c75e800fbb5','17eebc4b-5b49-4784-a6f1-e98d788d48dd',NULL),('a6991074-464f-4d30-883f-823245ae8f2c','d137d744-bd8f-4564-a08a-42c321fcd1ef',1,NULL,'ws3','org3','d137d744-bd8f-4564-a08a-42c321fcd1ef',NULL),('a7229766-c866-40de-badb-c2a66e0c67b2','723aa6e9-796b-40e8-8506-5ab2d8013a4f',1,'${role_view-consent}','view-consent','9643073e-80de-4254-9166-5c75e800fbb5','723aa6e9-796b-40e8-8506-5ab2d8013a4f',NULL),('a8a37711-ee09-401a-b267-fd011287b0f0','a0940068-fbaf-4ef7-a62c-c38b71f55474',1,NULL,'_og-ws-role-mt','org4','a0940068-fbaf-4ef7-a62c-c38b71f55474',NULL),('a8c43b8e-8abf-4710-a10f-45689e3e4d1a','fc8b0e94-f0ab-49e6-84b3-2f528917a96d',1,'${role_view-clients}','view-clients','9643073e-80de-4254-9166-5c75e800fbb5','fc8b0e94-f0ab-49e6-84b3-2f528917a96d',NULL),('a954f237-db8d-4393-8453-b10e61613059','318e9877-e404-46cd-82a4-e2787db90b65',1,'${role_view-identity-providers}','view-identity-providers','org4','318e9877-e404-46cd-82a4-e2787db90b65',NULL),('a9882de4-1e8e-4a8b-ae3a-5563ccad831c','org2',0,'${role_offline-access}','offline_access','org2',NULL,NULL),('aa16e16d-3305-4538-a0b0-cdca06f54699','6007d68b-d40c-4036-8801-e86b0fdb84ac',1,'${role_view-clients}','view-clients','9643073e-80de-4254-9166-5c75e800fbb5','6007d68b-d40c-4036-8801-e86b0fdb84ac',NULL),('ab9083be-e340-4d9a-bb7e-113f220e5606','44961bdd-6c85-4958-a299-04e1ae46c08f',1,'${role_view-authorization}','view-authorization','org3','44961bdd-6c85-4958-a299-04e1ae46c08f',NULL),('aca2d603-c619-4f2f-8509-7998ce7cb899','e7fa7a04-142a-43d8-8758-603c821478df',1,'${role_query-groups}','query-groups','9643073e-80de-4254-9166-5c75e800fbb5','e7fa7a04-142a-43d8-8758-603c821478df',NULL),('acbaf5d4-84d8-4246-9715-3f9ef5e9d890','6d55a46e-ddd0-4e3b-8827-c944ca695317',1,'${role_delete-account}','delete-account','org5','6d55a46e-ddd0-4e3b-8827-c944ca695317',NULL),('ad869bcf-4bee-4a07-9eb5-c16e98832941','d137d744-bd8f-4564-a08a-42c321fcd1ef',1,NULL,'_ws2-admin','org3','d137d744-bd8f-4564-a08a-42c321fcd1ef',NULL),('ae9d57e5-1425-450c-8440-59761d22dc49','318e9877-e404-46cd-82a4-e2787db90b65',1,'${role_manage-authorization}','manage-authorization','org4','318e9877-e404-46cd-82a4-e2787db90b65',NULL),('afec86fe-47e1-440a-87cd-5f8c888a8be4','75d96194-d217-4f3b-a78b-539477dc2615',1,'${role_view-identity-providers}','view-identity-providers','org2','75d96194-d217-4f3b-a78b-539477dc2615',NULL),('b006e21f-4db3-453d-8cbc-508e35bc5e3a','org4',0,'${role_default-roles}','default-roles-org4','org4',NULL,NULL),('b324a224-2be6-4e5e-878b-05b60d2a289d','75d96194-d217-4f3b-a78b-539477dc2615',1,'${role_query-users}','query-users','org2','75d96194-d217-4f3b-a78b-539477dc2615',NULL),('b3cf60b2-31a9-48d1-b4c4-cf1b48d9e2e5','0b19cea0-1501-4228-bdd6-11d7e92e6ac3',1,'${role_read-token}','read-token','org3','0b19cea0-1501-4228-bdd6-11d7e92e6ac3',NULL),('b447b11e-d67a-4b60-a8ba-fd761b94fd58','25395b94-d108-4733-bde2-275d838f2ad2',1,NULL,'ws3','org2','25395b94-d108-4733-bde2-275d838f2ad2',NULL),('b4c8a1cb-baba-4f1c-83d5-355ebf01d974','3f50a502-35ff-41a2-8166-3b8afa0fdd66',1,'${role_view-clients}','view-clients','org5','3f50a502-35ff-41a2-8166-3b8afa0fdd66',NULL),('b53cb840-0584-46f9-bc8e-617230be5ed1','fc8b0e94-f0ab-49e6-84b3-2f528917a96d',1,'${role_view-authorization}','view-authorization','9643073e-80de-4254-9166-5c75e800fbb5','fc8b0e94-f0ab-49e6-84b3-2f528917a96d',NULL),('b6560c2f-f57b-4e22-a3e3-212717466cc4','8fc726dc-fdaf-4ade-b55e-f33c7111bf95',1,NULL,'ws2','org5','8fc726dc-fdaf-4ade-b55e-f33c7111bf95',NULL),('b8d6e8ff-b132-4894-b2cd-e4c7860d10e0','org4',0,'${role_uma_authorization}','uma_authorization','org4',NULL,NULL),('b964b2bd-7705-46e5-8074-b33293f56361','17eebc4b-5b49-4784-a6f1-e98d788d48dd',1,'${role_impersonation}','impersonation','9643073e-80de-4254-9166-5c75e800fbb5','17eebc4b-5b49-4784-a6f1-e98d788d48dd',NULL),('b9955ff6-967d-43b3-bcc7-402edcb1f743','75d96194-d217-4f3b-a78b-539477dc2615',1,'${role_manage-events}','manage-events','org2','75d96194-d217-4f3b-a78b-539477dc2615',NULL),('b9b38803-20b2-42f7-83cb-f6520681f9b4','61d92538-9a22-412e-b7a4-661fb81930ee',1,NULL,'_ws2-admin','org4','61d92538-9a22-412e-b7a4-661fb81930ee',NULL),('ba082f05-a099-4d49-aea5-185856b15479','17eebc4b-5b49-4784-a6f1-e98d788d48dd',1,'${role_view-identity-providers}','view-identity-providers','9643073e-80de-4254-9166-5c75e800fbb5','17eebc4b-5b49-4784-a6f1-e98d788d48dd',NULL),('ba19c3fc-3a45-434b-84ed-6497d55e257a','fc17abd5-4aba-48b9-a5e2-1a070c96267d',1,NULL,'_ws3-admin','org1','fc17abd5-4aba-48b9-a5e2-1a070c96267d',NULL),('ba7ebb7e-3852-43da-a25c-3cd28805d6d1','a0940068-fbaf-4ef7-a62c-c38b71f55474',1,NULL,'_og-usage','org4','a0940068-fbaf-4ef7-a62c-c38b71f55474',NULL),('bcd304dc-137a-494d-be08-76bf4898ddff','3e5528d0-4651-41dd-8b09-eab39bf2a102',1,'${role_query-groups}','query-groups','org1','3e5528d0-4651-41dd-8b09-eab39bf2a102',NULL),('be112f6d-246c-4857-b54c-a28e91d20544','org5',0,'${role_default-roles}','default-roles-org5','org5',NULL,NULL),('c03c91da-f28b-45ff-8ca2-94bde5078abc','a0940068-fbaf-4ef7-a62c-c38b71f55474',1,NULL,'_og-ws-role-usr','org4','a0940068-fbaf-4ef7-a62c-c38b71f55474',NULL),('c0d157c0-760f-4175-b07e-fb98cb09df62','44961bdd-6c85-4958-a299-04e1ae46c08f',1,'${role_manage-events}','manage-events','org3','44961bdd-6c85-4958-a299-04e1ae46c08f',NULL),('c2a7332d-4450-4a4a-879b-c781cf4fc7ec','fc8b0e94-f0ab-49e6-84b3-2f528917a96d',1,'${role_view-users}','view-users','9643073e-80de-4254-9166-5c75e800fbb5','fc8b0e94-f0ab-49e6-84b3-2f528917a96d',NULL),('c2daaa19-80e6-4a5d-9450-afe6ade262c2','44961bdd-6c85-4958-a299-04e1ae46c08f',1,'${role_create-client}','create-client','org3','44961bdd-6c85-4958-a299-04e1ae46c08f',NULL),('c30a21fa-13d0-4b68-88d6-9d4a8829ce2b','6007d68b-d40c-4036-8801-e86b0fdb84ac',1,'${role_manage-users}','manage-users','9643073e-80de-4254-9166-5c75e800fbb5','6007d68b-d40c-4036-8801-e86b0fdb84ac',NULL),('c312e76b-cbe5-4f00-aa68-60832d549db3','2a6170ac-f1dc-42ce-9c69-481425425668',1,'${role_view-groups}','view-groups','org1','2a6170ac-f1dc-42ce-9c69-481425425668',NULL),('c359e404-ba63-4d75-bcfd-f716f0ceb769','6007d68b-d40c-4036-8801-e86b0fdb84ac',1,'${role_manage-identity-providers}','manage-identity-providers','9643073e-80de-4254-9166-5c75e800fbb5','6007d68b-d40c-4036-8801-e86b0fdb84ac',NULL),('c581a390-8e09-4011-97ae-f0226dff3b03','afb054ad-f4ed-460c-b66e-346c1a5f0969',1,'${role_manage-account-links}','manage-account-links','org4','afb054ad-f4ed-460c-b66e-346c1a5f0969',NULL),('c6528721-23c5-4c2e-95a7-5f9265d3ad4c','a0940068-fbaf-4ef7-a62c-c38b71f55474',1,NULL,'_og-upd','org4','a0940068-fbaf-4ef7-a62c-c38b71f55474',NULL),('c6e29561-7e01-44e2-b316-c8c6f08537b1','6007d68b-d40c-4036-8801-e86b0fdb84ac',1,'${role_view-users}','view-users','9643073e-80de-4254-9166-5c75e800fbb5','6007d68b-d40c-4036-8801-e86b0fdb84ac',NULL),('c767a8d9-a88e-45b2-b9e8-5f3be6431ad8','e7fa7a04-142a-43d8-8758-603c821478df',1,'${role_view-events}','view-events','9643073e-80de-4254-9166-5c75e800fbb5','e7fa7a04-142a-43d8-8758-603c821478df',NULL),('c875a7c9-26fb-4195-96f0-3f689a4f5819','65f6db45-0ad5-4094-92a4-606ec7018502',1,NULL,'_ws1-admin','org5','65f6db45-0ad5-4094-92a4-606ec7018502',NULL),('c99b8965-1c0d-4253-90c4-2fa88fd0b777','fc17abd5-4aba-48b9-a5e2-1a070c96267d',1,NULL,'_ws3-oase-agent','org1','fc17abd5-4aba-48b9-a5e2-1a070c96267d',NULL),('ca1225e0-c0f4-42a0-a4b2-f872d13c25fe','6007d68b-d40c-4036-8801-e86b0fdb84ac',1,'${role_manage-realm}','manage-realm','9643073e-80de-4254-9166-5c75e800fbb5','6007d68b-d40c-4036-8801-e86b0fdb84ac',NULL),('ca1ac41f-cbd1-43ed-af5f-ae041e0436a1','e7fa7a04-142a-43d8-8758-603c821478df',1,'${role_view-users}','view-users','9643073e-80de-4254-9166-5c75e800fbb5','e7fa7a04-142a-43d8-8758-603c821478df',NULL),('ca877a4e-b403-442c-8faf-12baf7099d61','61d92538-9a22-412e-b7a4-661fb81930ee',1,NULL,'_ws2-oase-agent','org4','61d92538-9a22-412e-b7a4-661fb81930ee',NULL),('ca8ddf58-4372-436d-8a30-aa203b078563','723aa6e9-796b-40e8-8506-5ab2d8013a4f',1,'${role_manage-consent}','manage-consent','9643073e-80de-4254-9166-5c75e800fbb5','723aa6e9-796b-40e8-8506-5ab2d8013a4f',NULL),('cb6bd5a5-692e-41ba-934c-4443460e1d2e','318e9877-e404-46cd-82a4-e2787db90b65',1,'${role_impersonation}','impersonation','org4','318e9877-e404-46cd-82a4-e2787db90b65',NULL),('cbe54869-d9e4-45cf-a9ac-36c97968715d','8fc726dc-fdaf-4ade-b55e-f33c7111bf95',1,NULL,'_og-ws-role-mt','org5','8fc726dc-fdaf-4ade-b55e-f33c7111bf95',NULL),('cc2f9468-d529-447f-8383-6328434e058e','afb054ad-f4ed-460c-b66e-346c1a5f0969',1,'${role_view-consent}','view-consent','org4','afb054ad-f4ed-460c-b66e-346c1a5f0969',NULL),('ccf8f12e-a8b1-49dc-a328-039ff4632b70','e7fa7a04-142a-43d8-8758-603c821478df',1,'${role_impersonation}','impersonation','9643073e-80de-4254-9166-5c75e800fbb5','e7fa7a04-142a-43d8-8758-603c821478df',NULL),('cd181c39-ef0a-4aae-9262-79c1d5d5dda3','3f50a502-35ff-41a2-8166-3b8afa0fdd66',1,'${role_create-client}','create-client','org5','3f50a502-35ff-41a2-8166-3b8afa0fdd66',NULL),('ce2805ec-1c55-4678-87d1-8a6981dcdc61','fc17abd5-4aba-48b9-a5e2-1a070c96267d',1,NULL,'_organization-manager','org1','fc17abd5-4aba-48b9-a5e2-1a070c96267d',NULL),('cf2b1444-5e34-419f-be90-33d604ac1d68','a0940068-fbaf-4ef7-a62c-c38b71f55474',1,NULL,'_ws2-admin','org4','a0940068-fbaf-4ef7-a62c-c38b71f55474',NULL),('cf71b596-9395-48b4-bd41-40dea580f3ea','318e9877-e404-46cd-82a4-e2787db90b65',1,'${role_view-events}','view-events','org4','318e9877-e404-46cd-82a4-e2787db90b65',NULL),('cfaf094f-a73a-4b9d-8e92-2d22916edb98','60018920-d721-4b3b-8366-e1b2e4292601',1,'${role_manage-authorization}','manage-authorization','9643073e-80de-4254-9166-5c75e800fbb5','60018920-d721-4b3b-8366-e1b2e4292601',NULL),('d1c30e8b-4d71-4d97-9c45-1da8f318c2aa','91dc2268-6b73-482b-b0d1-7756adb51d46',1,NULL,'_organization-user-role-manager','org3','91dc2268-6b73-482b-b0d1-7756adb51d46',NULL),('d1dc780e-4b81-4f73-96da-c9579299e532','25395b94-d108-4733-bde2-275d838f2ad2',1,NULL,'ws2','org2','25395b94-d108-4733-bde2-275d838f2ad2',NULL),('d285209e-8a7e-4afe-8efb-7bc939fd2791','25395b94-d108-4733-bde2-275d838f2ad2',1,NULL,'_og-ws-role-usr','org2','25395b94-d108-4733-bde2-275d838f2ad2',NULL),('d28d4588-1f7c-4c27-93dd-cc5a3714c9c0','d137d744-bd8f-4564-a08a-42c321fcd1ef',1,NULL,'_og-audit-log','org3','d137d744-bd8f-4564-a08a-42c321fcd1ef',NULL),('d2dad045-c6d7-4c29-af76-f4e86fabbfe1','fc17abd5-4aba-48b9-a5e2-1a070c96267d',1,NULL,'_ws1-oase-agent','org1','fc17abd5-4aba-48b9-a5e2-1a070c96267d',NULL),('d40f0289-2b4a-4302-bb1b-661c3dc9702c','00d4d030-dda0-4f38-b364-9ba06c1469e9',1,'${role_delete-account}','delete-account','org3','00d4d030-dda0-4f38-b364-9ba06c1469e9',NULL),('d67e0755-a1ed-4d6b-b5f1-accf35407a35','91dc2268-6b73-482b-b0d1-7756adb51d46',1,NULL,'_ws2-ansible-execution-agent','org3','91dc2268-6b73-482b-b0d1-7756adb51d46',NULL),('d685b8e3-3abb-4470-974a-15e32c0993f7','6007d68b-d40c-4036-8801-e86b0fdb84ac',1,'${role_create-client}','create-client','9643073e-80de-4254-9166-5c75e800fbb5','6007d68b-d40c-4036-8801-e86b0fdb84ac',NULL),('d7752a11-a60f-4b4b-bbfd-2bb6cc4840a3','17eebc4b-5b49-4784-a6f1-e98d788d48dd',1,'${role_view-authorization}','view-authorization','9643073e-80de-4254-9166-5c75e800fbb5','17eebc4b-5b49-4784-a6f1-e98d788d48dd',NULL),('d84abd82-c726-4d0b-8388-ed63f1dab628','6d55a46e-ddd0-4e3b-8827-c944ca695317',1,'${role_view-consent}','view-consent','org5','6d55a46e-ddd0-4e3b-8827-c944ca695317',NULL),('d85d9e48-a2fe-488b-89f7-6ede3189de10','44961bdd-6c85-4958-a299-04e1ae46c08f',1,'${role_manage-authorization}','manage-authorization','org3','44961bdd-6c85-4958-a299-04e1ae46c08f',NULL),('d8d01d7f-3e5a-4a99-87a7-00a9228aeaf8','65f6db45-0ad5-4094-92a4-606ec7018502',1,NULL,'_ws3-admin','org5','65f6db45-0ad5-4094-92a4-606ec7018502',NULL),('d9d40d55-1204-44e2-9dc4-4bc3bdfa42cc','2e4723a1-d81b-4639-bb6b-9f411f27d91d',1,NULL,'_ws1-admin','org2','2e4723a1-d81b-4639-bb6b-9f411f27d91d',NULL),('db2abe4d-98c0-47c2-984a-dd51b434f3cf','723aa6e9-796b-40e8-8506-5ab2d8013a4f',1,'${role_manage-account-links}','manage-account-links','9643073e-80de-4254-9166-5c75e800fbb5','723aa6e9-796b-40e8-8506-5ab2d8013a4f',NULL),('dbd65774-7fa1-44ea-86a3-cb585b2ab7a6','fc8b0e94-f0ab-49e6-84b3-2f528917a96d',1,'${role_manage-events}','manage-events','9643073e-80de-4254-9166-5c75e800fbb5','fc8b0e94-f0ab-49e6-84b3-2f528917a96d',NULL),('dbe7b89a-c2f2-42f7-a872-19d5229d6053','9643073e-80de-4254-9166-5c75e800fbb5',0,'${role_admin}','admin','9643073e-80de-4254-9166-5c75e800fbb5',NULL,NULL),('dc4a74fa-b158-4207-9b99-db31ceda9989','318e9877-e404-46cd-82a4-e2787db90b65',1,'${role_view-clients}','view-clients','org4','318e9877-e404-46cd-82a4-e2787db90b65',NULL),('dc635b10-2207-4fef-a5ed-fa6b2ebf1117','d137d744-bd8f-4564-a08a-42c321fcd1ef',1,NULL,'_og-usage','org3','d137d744-bd8f-4564-a08a-42c321fcd1ef',NULL),('dcac98d8-f7f2-45bb-8fd5-c05eeac3d40d','65f6db45-0ad5-4094-92a4-606ec7018502',1,NULL,'_ws1-ansible-execution-agent','org5','65f6db45-0ad5-4094-92a4-606ec7018502',NULL),('dcfe83b3-4eb4-49e5-b176-11eec02a0615','60018920-d721-4b3b-8366-e1b2e4292601',1,'${role_query-clients}','query-clients','9643073e-80de-4254-9166-5c75e800fbb5','60018920-d721-4b3b-8366-e1b2e4292601',NULL),('dd35383f-c20c-40de-97cf-205d57896b29','fc17abd5-4aba-48b9-a5e2-1a070c96267d',1,NULL,'_organization-user-role-manager','org1','fc17abd5-4aba-48b9-a5e2-1a070c96267d',NULL),('dded3dc6-2586-466a-a86e-ec09d8bf7ce0','318e9877-e404-46cd-82a4-e2787db90b65',1,'${role_manage-users}','manage-users','org4','318e9877-e404-46cd-82a4-e2787db90b65',NULL),('de39b741-6fb7-4814-9aba-8611c9cdb5bb','75d96194-d217-4f3b-a78b-539477dc2615',1,'${role_view-authorization}','view-authorization','org2','75d96194-d217-4f3b-a78b-539477dc2615',NULL),('dee2aa88-030a-4fb5-aa10-faec7cab6b59','fc8b0e94-f0ab-49e6-84b3-2f528917a96d',1,'${role_create-client}','create-client','9643073e-80de-4254-9166-5c75e800fbb5','fc8b0e94-f0ab-49e6-84b3-2f528917a96d',NULL),('e0062728-bd29-4496-a250-9043254a7116','61d92538-9a22-412e-b7a4-661fb81930ee',1,NULL,'_ws2-ansible-execution-agent','org4','61d92538-9a22-412e-b7a4-661fb81930ee',NULL),('e079f518-1fa5-4d88-82c4-6c9252107f69','3e5528d0-4651-41dd-8b09-eab39bf2a102',1,'${role_view-authorization}','view-authorization','org1','3e5528d0-4651-41dd-8b09-eab39bf2a102',NULL),('e0d18af3-62f5-4fd7-9da8-cbdeaaf3aec2','fc17abd5-4aba-48b9-a5e2-1a070c96267d',1,NULL,'_ws2-admin','org1','fc17abd5-4aba-48b9-a5e2-1a070c96267d',NULL),('e0d3c9e6-70d1-41f0-a255-ca1ca127fca6','fc8b0e94-f0ab-49e6-84b3-2f528917a96d',1,'${role_manage-users}','manage-users','9643073e-80de-4254-9166-5c75e800fbb5','fc8b0e94-f0ab-49e6-84b3-2f528917a96d',NULL),('e106f051-816c-4bbf-9a96-460ac763059b','c9fb0f4c-f597-4c9f-bc8a-da80a1a8898a',1,'${role_manage-authorization}','manage-authorization','9643073e-80de-4254-9166-5c75e800fbb5','c9fb0f4c-f597-4c9f-bc8a-da80a1a8898a',NULL),('e215219d-ebb0-4fd3-8301-0d1f01617938','65f6db45-0ad5-4094-92a4-606ec7018502',1,NULL,'_ws2-admin','org5','65f6db45-0ad5-4094-92a4-606ec7018502',NULL),('e2833b06-a0ca-45c2-8883-888e5c0c1e2b','60018920-d721-4b3b-8366-e1b2e4292601',1,'${role_manage-identity-providers}','manage-identity-providers','9643073e-80de-4254-9166-5c75e800fbb5','60018920-d721-4b3b-8366-e1b2e4292601',NULL),('e2c4ad12-9149-4502-9839-140ffaf7a6d2','d137d744-bd8f-4564-a08a-42c321fcd1ef',1,NULL,'_og-ws-role-usr','org3','d137d744-bd8f-4564-a08a-42c321fcd1ef',NULL),('e2e8e7ad-7c96-4a1a-bf26-9fa5dd3368d7','3f50a502-35ff-41a2-8166-3b8afa0fdd66',1,'${role_query-clients}','query-clients','org5','3f50a502-35ff-41a2-8166-3b8afa0fdd66',NULL),('e314c58f-8258-4295-a281-a3453784098a','d137d744-bd8f-4564-a08a-42c321fcd1ef',1,NULL,'_og-role-usr','org3','d137d744-bd8f-4564-a08a-42c321fcd1ef',NULL),('e3e06823-92e0-47a3-b2b8-36da3648ba67','318e9877-e404-46cd-82a4-e2787db90b65',1,'${role_query-clients}','query-clients','org4','318e9877-e404-46cd-82a4-e2787db90b65',NULL),('e4b4e9b1-2dde-4d00-92e1-bd5932a99ff1','742e6a45-dd6c-42b9-8bac-676ee77ef264',1,NULL,'_ws1-admin','org1','742e6a45-dd6c-42b9-8bac-676ee77ef264',NULL),('e4c17f1b-b90e-441b-93a5-b5c224f31c46','91dc2268-6b73-482b-b0d1-7756adb51d46',1,NULL,'_organization-user-manager','org3','91dc2268-6b73-482b-b0d1-7756adb51d46',NULL),('e4d9b5dd-7add-4a99-b5d9-2a36429c70b8','adb42477-6c27-4fac-a442-2b998eac3281',1,'${role_delete-account}','delete-account','org2','adb42477-6c27-4fac-a442-2b998eac3281',NULL),('e5b00e1c-2e64-429b-a054-98bb9fddd4ab','61d92538-9a22-412e-b7a4-661fb81930ee',1,NULL,'_ws3-admin','org4','61d92538-9a22-412e-b7a4-661fb81930ee',NULL),('e64d6af9-89e0-4324-b5f3-ee16c91824f3','8fc726dc-fdaf-4ade-b55e-f33c7111bf95',1,NULL,'ws3','org5','8fc726dc-fdaf-4ade-b55e-f33c7111bf95',NULL),('e6e29961-b207-4c4c-a65b-a86dc3804e69','77d622a8-7f41-4a81-8754-a9c777e11ee5',1,'${role_read-token}','read-token','org1','77d622a8-7f41-4a81-8754-a9c777e11ee5',NULL),('e740d66d-fea5-4cd8-9349-346861a861ea','3f50a502-35ff-41a2-8166-3b8afa0fdd66',1,'${role_view-events}','view-events','org5','3f50a502-35ff-41a2-8166-3b8afa0fdd66',NULL),('e8a9dbf5-9791-4bae-ab3b-504b904288fc','25395b94-d108-4733-bde2-275d838f2ad2',1,NULL,'_og-own-mt','org2','25395b94-d108-4733-bde2-275d838f2ad2',NULL),('e8fdf9b2-1d62-465f-8555-8eba05d814e1','75d96194-d217-4f3b-a78b-539477dc2615',1,'${role_query-realms}','query-realms','org2','75d96194-d217-4f3b-a78b-539477dc2615',NULL),('ea103037-cad1-4cdb-9846-3fe974be19de','742e6a45-dd6c-42b9-8bac-676ee77ef264',1,NULL,'_og-audit-log','org1','742e6a45-dd6c-42b9-8bac-676ee77ef264',NULL),('ea4f4b85-eca8-425e-bbf1-657c5ba619dd','6007d68b-d40c-4036-8801-e86b0fdb84ac',1,'${role_query-users}','query-users','9643073e-80de-4254-9166-5c75e800fbb5','6007d68b-d40c-4036-8801-e86b0fdb84ac',NULL),('ea7f79a8-f9e3-40f2-bd1e-d0213ead58de','fc17abd5-4aba-48b9-a5e2-1a070c96267d',1,NULL,'_ws1-admin','org1','fc17abd5-4aba-48b9-a5e2-1a070c96267d',NULL),('ea975d3b-eb56-4630-b61e-f389be1b20e8','44961bdd-6c85-4958-a299-04e1ae46c08f',1,'${role_impersonation}','impersonation','org3','44961bdd-6c85-4958-a299-04e1ae46c08f',NULL),('eb87ecc9-ad8f-45d4-9fa0-b26d6df75558','d137d744-bd8f-4564-a08a-42c321fcd1ef',1,NULL,'_og-ws-role-mt','org3','d137d744-bd8f-4564-a08a-42c321fcd1ef',NULL),('ebb77633-fb56-45c6-b1c6-7175e41c77c0','61d92538-9a22-412e-b7a4-661fb81930ee',1,NULL,'_organization-user-manager','org4','61d92538-9a22-412e-b7a4-661fb81930ee',NULL),('ec27d0ec-fdef-4492-97e4-2aa911dfb9e5','61d92538-9a22-412e-b7a4-661fb81930ee',1,NULL,'_ws1-oase-agent','org4','61d92538-9a22-412e-b7a4-661fb81930ee',NULL),('ec28c6cd-2951-4d2f-be8e-0d7dbd3a4c06','fc8b0e94-f0ab-49e6-84b3-2f528917a96d',1,'${role_manage-authorization}','manage-authorization','9643073e-80de-4254-9166-5c75e800fbb5','fc8b0e94-f0ab-49e6-84b3-2f528917a96d',NULL),('ec42044e-1857-4780-a49f-c2e211892783','2e4723a1-d81b-4639-bb6b-9f411f27d91d',1,NULL,'_ws2-ansible-execution-agent','org2','2e4723a1-d81b-4639-bb6b-9f411f27d91d',NULL),('ed8d9449-9273-4cd8-98c3-84cb5b87fc8f','65f6db45-0ad5-4094-92a4-606ec7018502',1,NULL,'_organization-manager','org5','65f6db45-0ad5-4094-92a4-606ec7018502',NULL),('ee3f5f3c-c052-4810-aa1c-690a9c0f08bb','afb054ad-f4ed-460c-b66e-346c1a5f0969',1,'${role_manage-consent}','manage-consent','org4','afb054ad-f4ed-460c-b66e-346c1a5f0969',NULL),('ee45f4eb-9984-42e1-b0dc-72f0b4c8594d','afb054ad-f4ed-460c-b66e-346c1a5f0969',1,'${role_manage-account}','manage-account','org4','afb054ad-f4ed-460c-b66e-346c1a5f0969',NULL),('eebd89c1-277f-4b08-a4d7-dae9eab47cf0','adb42477-6c27-4fac-a442-2b998eac3281',1,'${role_manage-account}','manage-account','org2','adb42477-6c27-4fac-a442-2b998eac3281',NULL),('ef61c5b8-e817-4853-955f-f8d4ad1cb48e','3e5528d0-4651-41dd-8b09-eab39bf2a102',1,'${role_query-realms}','query-realms','org1','3e5528d0-4651-41dd-8b09-eab39bf2a102',NULL),('ef857485-9a31-44e8-a26d-82e56d05a36b','8fc726dc-fdaf-4ade-b55e-f33c7111bf95',1,NULL,'ws1','org5','8fc726dc-fdaf-4ade-b55e-f33c7111bf95',NULL),('f1723cdf-3358-4701-949e-e2fb54cfa68a','fc8b0e94-f0ab-49e6-84b3-2f528917a96d',1,'${role_query-clients}','query-clients','9643073e-80de-4254-9166-5c75e800fbb5','fc8b0e94-f0ab-49e6-84b3-2f528917a96d',NULL),('f1e9ad9f-4d66-4c94-942a-abbdd9dafe57','60018920-d721-4b3b-8366-e1b2e4292601',1,'${role_view-users}','view-users','9643073e-80de-4254-9166-5c75e800fbb5','60018920-d721-4b3b-8366-e1b2e4292601',NULL),('f1fc9102-924d-4d62-87a3-702910df1b4c','60018920-d721-4b3b-8366-e1b2e4292601',1,'${role_query-groups}','query-groups','9643073e-80de-4254-9166-5c75e800fbb5','60018920-d721-4b3b-8366-e1b2e4292601',NULL),('f25cd164-77a0-4e13-ae3a-2fac193f91b1','fc8b0e94-f0ab-49e6-84b3-2f528917a96d',1,'${role_view-events}','view-events','9643073e-80de-4254-9166-5c75e800fbb5','fc8b0e94-f0ab-49e6-84b3-2f528917a96d',NULL),('f30a8514-a5ad-48e8-b599-6f8b258894d3','44961bdd-6c85-4958-a299-04e1ae46c08f',1,'${role_view-users}','view-users','org3','44961bdd-6c85-4958-a299-04e1ae46c08f',NULL),('f3885d17-eb34-4518-84de-59f73aa7b631','17eebc4b-5b49-4784-a6f1-e98d788d48dd',1,'${role_manage-events}','manage-events','9643073e-80de-4254-9166-5c75e800fbb5','17eebc4b-5b49-4784-a6f1-e98d788d48dd',NULL),('f3cc0cb8-408e-40f9-8d6d-371a957d5102','17eebc4b-5b49-4784-a6f1-e98d788d48dd',1,'${role_query-groups}','query-groups','9643073e-80de-4254-9166-5c75e800fbb5','17eebc4b-5b49-4784-a6f1-e98d788d48dd',NULL),('f4688fb6-3e43-4cff-9a8f-f0abe20d97cd','60018920-d721-4b3b-8366-e1b2e4292601',1,'${role_manage-clients}','manage-clients','9643073e-80de-4254-9166-5c75e800fbb5','60018920-d721-4b3b-8366-e1b2e4292601',NULL),('f4a88e00-d34c-4b37-816f-d73b3254da1a','3e5528d0-4651-41dd-8b09-eab39bf2a102',1,'${role_view-identity-providers}','view-identity-providers','org1','3e5528d0-4651-41dd-8b09-eab39bf2a102',NULL),('f4ea6322-a172-4298-9867-389546ee6a54','c9fb0f4c-f597-4c9f-bc8a-da80a1a8898a',1,'${role_manage-clients}','manage-clients','9643073e-80de-4254-9166-5c75e800fbb5','c9fb0f4c-f597-4c9f-bc8a-da80a1a8898a',NULL),('f5a667a7-6e62-4214-83c2-fcd74aa5a0ef','25395b94-d108-4733-bde2-275d838f2ad2',1,NULL,'ws1','org2','25395b94-d108-4733-bde2-275d838f2ad2',NULL),('f7f7c692-1f83-4901-89ed-e880eb4b810a','e7fa7a04-142a-43d8-8758-603c821478df',1,'${role_manage-authorization}','manage-authorization','9643073e-80de-4254-9166-5c75e800fbb5','e7fa7a04-142a-43d8-8758-603c821478df',NULL),('f90059f8-7a5a-43c3-bbc2-f50f65e686df','org1',0,'${role_uma_authorization}','uma_authorization','org1',NULL,NULL),('f9ba9047-a839-4e25-bf3b-67ef5a5f6b92','3e5528d0-4651-41dd-8b09-eab39bf2a102',1,'${role_manage-realm}','manage-realm','org1','3e5528d0-4651-41dd-8b09-eab39bf2a102',NULL),('f9f46b68-3d18-4b8e-b4c8-e61092f86bfa','91dc2268-6b73-482b-b0d1-7756adb51d46',1,NULL,'_ws1-ansible-execution-agent','org3','91dc2268-6b73-482b-b0d1-7756adb51d46',NULL),('fac00ba2-0360-4ad0-8d95-9fa132d29e7a','3e5528d0-4651-41dd-8b09-eab39bf2a102',1,'${role_manage-identity-providers}','manage-identity-providers','org1','3e5528d0-4651-41dd-8b09-eab39bf2a102',NULL),('fc54d871-1aaf-4038-9051-ee7b3f34f689','d137d744-bd8f-4564-a08a-42c321fcd1ef',1,NULL,'_ws1-admin','org3','d137d744-bd8f-4564-a08a-42c321fcd1ef',NULL),('fe78a95a-5aa0-47b6-a640-fdfc4afcd256','17eebc4b-5b49-4784-a6f1-e98d788d48dd',1,'${role_view-clients}','view-clients','9643073e-80de-4254-9166-5c75e800fbb5','17eebc4b-5b49-4784-a6f1-e98d788d48dd',NULL),('fee578c6-cae8-4918-90ad-5cb1cdbd7ee6','9643073e-80de-4254-9166-5c75e800fbb5',0,'${role_default-roles}','default-roles-master','9643073e-80de-4254-9166-5c75e800fbb5',NULL,NULL),('ff24344c-6aca-45d1-b8ae-5419a37ad441','3e5528d0-4651-41dd-8b09-eab39bf2a102',1,'${role_manage-events}','manage-events','org1','3e5528d0-4651-41dd-8b09-eab39bf2a102',NULL),('ff77549f-c959-47f0-b701-4433902a34fc','3f50a502-35ff-41a2-8166-3b8afa0fdd66',1,'${role_manage-clients}','manage-clients','org5','3f50a502-35ff-41a2-8166-3b8afa0fdd66',NULL),('ff976da0-7d61-4279-8ac8-56b21c2d1cf6','742e6a45-dd6c-42b9-8bac-676ee77ef264',1,NULL,'_og-own-mt','org1','742e6a45-dd6c-42b9-8bac-676ee77ef264',NULL);
UNLOCK TABLES;

--
-- Dumping data for table `MIGRATION_MODEL`
--

LOCK TABLES `MIGRATION_MODEL` WRITE;
INSERT INTO `MIGRATION_MODEL` VALUES ('yp4xf','24.0.5',1755590815);
UNLOCK TABLES;

--
-- Dumping data for table `OFFLINE_CLIENT_SESSION`
--

LOCK TABLES `OFFLINE_CLIENT_SESSION` WRITE;
UNLOCK TABLES;

--
-- Dumping data for table `OFFLINE_USER_SESSION`
--

LOCK TABLES `OFFLINE_USER_SESSION` WRITE;
UNLOCK TABLES;

--
-- Dumping data for table `POLICY_CONFIG`
--

LOCK TABLES `POLICY_CONFIG` WRITE;
UNLOCK TABLES;

--
-- Dumping data for table `PROTOCOL_MAPPER`
--

LOCK TABLES `PROTOCOL_MAPPER` WRITE;
INSERT INTO `PROTOCOL_MAPPER` VALUES ('002f2a73-c903-4843-a6ff-2e839e0f9fa4','groups','openid-connect','oidc-usermodel-realm-role-mapper',NULL,'6cc67f25-fc1e-4f06-920a-f487542809a1'),('0092c0df-6d7a-4e89-bf5f-478e602aa4ea','upn','openid-connect','oidc-usermodel-attribute-mapper',NULL,'1e5f11bd-0eae-4517-9ab5-df3aa56ca512'),('00c91b07-f988-49fa-a0c7-90ad3635ab7b','allowed web origins','openid-connect','oidc-allowed-origins-mapper',NULL,'0f7f168d-dfe1-43ac-85c0-ea05409d4d1d'),('00e12c4b-1a7b-4c30-9f6f-85ebcb3c997f','nickname','openid-connect','oidc-usermodel-attribute-mapper',NULL,'8d11acf5-5bc2-4d3e-97f7-8754e183c70f'),('01c92e80-133e-4fa0-9873-232558bd31c2','updated at','openid-connect','oidc-usermodel-attribute-mapper',NULL,'8d11acf5-5bc2-4d3e-97f7-8754e183c70f'),('02c42304-b8d9-4f09-a1f1-ae15aedc38f0','role list','saml','saml-role-list-mapper',NULL,'d711e49f-d94f-4280-ad9d-05ba387c022a'),('06590538-a088-4ea9-9de5-71e55b21c0ab','Client Host','openid-connect','oidc-usersessionmodel-note-mapper','25395b94-d108-4733-bde2-275d838f2ad2',NULL),('066366e2-056d-49d9-966d-0b086f46e865','Client IP Address','openid-connect','oidc-usersessionmodel-note-mapper','8fc726dc-fdaf-4ade-b55e-f33c7111bf95',NULL),('0a086803-5ca8-4b14-8f65-37b3ca7024c4','middle name','openid-connect','oidc-usermodel-attribute-mapper',NULL,'8d11acf5-5bc2-4d3e-97f7-8754e183c70f'),('0b7475c5-0538-4eba-9d10-25baa8c18371','picture','openid-connect','oidc-usermodel-attribute-mapper',NULL,'299d56ee-527f-4a5a-8035-1b0875de663b'),('0fb5e9e4-fb5a-4fee-ac6f-079d51115620','zoneinfo','openid-connect','oidc-usermodel-attribute-mapper',NULL,'98a2a454-1d6e-4951-b0b2-28b6f0a752fa'),('10d625fe-455b-4e93-8471-eaff5da9d2de','upn','openid-connect','oidc-usermodel-attribute-mapper',NULL,'4b0f95da-6803-4398-a408-75e55074b4c8'),('13a0e1ec-e351-45ea-a45c-29c969fcb355','phone number','openid-connect','oidc-usermodel-attribute-mapper',NULL,'8cfc29d0-3d25-4bf7-ac1d-6e5884bf13e7'),('13cc3188-7182-4e20-b638-78f862e74935','allowed web origins','openid-connect','oidc-allowed-origins-mapper',NULL,'0a81c55a-a395-4584-a1b0-3895762b44a7'),('188b6126-31fb-4b2a-932b-556b0d01c269','given name','openid-connect','oidc-usermodel-attribute-mapper',NULL,'d2e2c88c-03cc-48ee-bbef-4e49e31d5b30'),('1b0218a0-e68c-4ac4-a988-3b6e1476e71e','middle name','openid-connect','oidc-usermodel-attribute-mapper',NULL,'299d56ee-527f-4a5a-8035-1b0875de663b'),('1b802b74-cc53-42c3-968c-a4ec2e5952ef','Client Host','openid-connect','oidc-usersessionmodel-note-mapper','742e6a45-dd6c-42b9-8bac-676ee77ef264',NULL),('1c592f88-51a9-4322-918d-5e38b8d47fdc','address','openid-connect','oidc-address-mapper',NULL,'84a60e5e-2a65-4c8a-a366-1da0dbd33126'),('1d0961d1-d3e6-467f-9402-a9986f76f2cb','role list','saml','saml-role-list-mapper',NULL,'4594371d-d817-4fd4-8ebb-ba72f5a09514'),('1d23161c-5009-4124-b58f-bf4a96194a60','phone number','openid-connect','oidc-usermodel-attribute-mapper',NULL,'45493f39-8756-4949-9798-72063eb29f30'),('231b1145-805a-4862-8931-1a3be6821962','Client ID','openid-connect','oidc-usersessionmodel-note-mapper','8fc726dc-fdaf-4ade-b55e-f33c7111bf95',NULL),('244c39c7-a8a7-4e5e-8fd3-0e62ae10e7cb','address','openid-connect','oidc-address-mapper',NULL,'43a54d9c-8b39-4138-84a1-20511fef856c'),('27a690aa-1f24-4bb4-a838-cecf48039069','acr loa level','openid-connect','oidc-acr-mapper',NULL,'e9c86c6b-0a37-48e7-8247-2ac8c18f774d'),('281674f2-a7fa-40f8-80e2-b1d558983f18','family name','openid-connect','oidc-usermodel-attribute-mapper',NULL,'e4d70ad3-077f-4330-9725-b437d2733033'),('28c05dbf-f6ec-4ded-a019-696974a0e883','username','openid-connect','oidc-usermodel-attribute-mapper',NULL,'d2e2c88c-03cc-48ee-bbef-4e49e31d5b30'),('28fbc546-ce8c-4cd9-a281-f5d666f9be3b','acr loa level','openid-connect','oidc-acr-mapper',NULL,'52599e3e-5076-423e-89ed-9adc152dcbd4'),('29f795c9-fce1-4393-aaf1-dc26eb345625','nickname','openid-connect','oidc-usermodel-attribute-mapper',NULL,'e4d70ad3-077f-4330-9725-b437d2733033'),('2a5d709f-f71c-4dce-866c-3ff06fefc075','Client IP Address','openid-connect','oidc-usersessionmodel-note-mapper','1bb141eb-f6ea-4e73-a5c5-9902dd89cd08',NULL),('2aa52d83-1d99-4fca-a4ae-891750978166','acr loa level','openid-connect','oidc-acr-mapper',NULL,'5931c276-59d1-419f-88ef-600bf1d010ce'),('2c08beb9-58bc-48e9-8cca-bb24693342cf','allowed web origins','openid-connect','oidc-allowed-origins-mapper',NULL,'49d8598d-755d-4085-8aab-d139951af3bb'),('32e7b3de-3083-4407-b39b-779d016bdd48','picture','openid-connect','oidc-usermodel-attribute-mapper',NULL,'8d11acf5-5bc2-4d3e-97f7-8754e183c70f'),('354b7075-829a-4272-a85d-962282f193fb','audience resolve','openid-connect','oidc-audience-resolve-mapper',NULL,'6ff24da9-5ec6-4c80-8251-e9cb28ec4467'),('355aec66-7ab4-4b11-8ae8-22232d6aff6d','locale','openid-connect','oidc-usermodel-attribute-mapper',NULL,'98a2a454-1d6e-4951-b0b2-28b6f0a752fa'),('36176ed0-f861-4f5d-87d4-8c7fa26b8b42','realm roles','openid-connect','oidc-usermodel-realm-role-mapper',NULL,'0f26863b-4ccc-4aec-a9d9-cee85f76b64c'),('369b3338-4c2f-4e23-a19a-8b5d2c6cb553','client roles','openid-connect','oidc-usermodel-client-role-mapper',NULL,'6ff24da9-5ec6-4c80-8251-e9cb28ec4467'),('37b1bd78-ef6d-4fde-815e-cd897836c920','family name','openid-connect','oidc-usermodel-attribute-mapper',NULL,'d2e2c88c-03cc-48ee-bbef-4e49e31d5b30'),('383ba9c0-5014-413d-8d49-2bb4c86b243f','upn','openid-connect','oidc-usermodel-attribute-mapper',NULL,'82b7737b-0926-41d4-9d26-a1abdb255851'),('39f7ff3c-a335-4a51-8fb9-a96f41159fab','audience resolve','openid-connect','oidc-audience-resolve-mapper','8ce5f029-5409-47af-a57a-2a8e2d8c8683',NULL),('3ad94e4f-eea1-4685-a201-cb2686371830','Client IP Address','openid-connect','oidc-usersessionmodel-note-mapper','742e6a45-dd6c-42b9-8bac-676ee77ef264',NULL),('3c4ddc25-327d-4780-8a91-4f6b12f18c60','Client IP Address','openid-connect','oidc-usersessionmodel-note-mapper','a0940068-fbaf-4ef7-a62c-c38b71f55474',NULL),('3e18d975-142f-4d55-aea4-c0b446ff9a98','profile','openid-connect','oidc-usermodel-attribute-mapper',NULL,'e4d70ad3-077f-4330-9725-b437d2733033'),('3fcd9127-05f2-4e40-9b1b-a3da84d4045e','locale','openid-connect','oidc-usermodel-attribute-mapper','ec02446c-1f1e-45b1-9ad2-ab86e0cd1111',NULL),('43241447-91b0-4621-b2d2-85bf938ffb71','phone number verified','openid-connect','oidc-usermodel-attribute-mapper',NULL,'2a293eaa-b435-4ad0-b9d6-634b0a2cc596'),('43aad132-e47e-4dda-acb8-226479703996','address','openid-connect','oidc-address-mapper',NULL,'7fc94975-7b58-47be-8e1c-f411aad0206f'),('4468fdee-7e07-4370-a66d-3622ed3046d3','email verified','openid-connect','oidc-usermodel-property-mapper',NULL,'b5c75df2-4f2f-4774-804f-b2b1f908dd4e'),('44c7b21c-4b37-4cdf-9255-4a8737bcce1a','address','openid-connect','oidc-address-mapper',NULL,'5e0f782c-85eb-49b3-b028-3edf03513704'),('45545ba7-cf83-43d3-b8ba-7bb37422658d','updated at','openid-connect','oidc-usermodel-attribute-mapper',NULL,'d2e2c88c-03cc-48ee-bbef-4e49e31d5b30'),('45b87f60-9423-423c-8835-43026ba12524','birthdate','openid-connect','oidc-usermodel-attribute-mapper',NULL,'299d56ee-527f-4a5a-8035-1b0875de663b'),('45f3b3e2-fed3-433f-bd47-b1bd15e22a00','given name','openid-connect','oidc-usermodel-attribute-mapper',NULL,'98a2a454-1d6e-4951-b0b2-28b6f0a752fa'),('4aca10ca-2359-4885-adb3-31751a9a3f81','given name','openid-connect','oidc-usermodel-attribute-mapper',NULL,'8d11acf5-5bc2-4d3e-97f7-8754e183c70f'),('4b031cc1-c556-49ec-b8af-9165ecece8d3','gender','openid-connect','oidc-usermodel-attribute-mapper',NULL,'8d11acf5-5bc2-4d3e-97f7-8754e183c70f'),('4c8f7e75-a519-4776-b844-94660722e8a2','gender','openid-connect','oidc-usermodel-attribute-mapper',NULL,'e4d70ad3-077f-4330-9725-b437d2733033'),('4df96df3-0490-4829-a34d-de976d42e1c4','zoneinfo','openid-connect','oidc-usermodel-attribute-mapper',NULL,'ff913149-72d2-40d1-b75b-d333934ad4dd'),('4f511e60-b096-4d2b-9a6c-2151b4acb3da','birthdate','openid-connect','oidc-usermodel-attribute-mapper',NULL,'d2e2c88c-03cc-48ee-bbef-4e49e31d5b30'),('51a0a54c-d6f8-4781-bc67-be8f7b118eb8','birthdate','openid-connect','oidc-usermodel-attribute-mapper',NULL,'98a2a454-1d6e-4951-b0b2-28b6f0a752fa'),('5637945a-e4f9-4d33-882b-6754100b8175','audience resolve','openid-connect','oidc-audience-resolve-mapper',NULL,'608171dd-1676-4d5d-bb0f-3d584761355b'),('58a89ec6-f74f-4aa8-b2c4-260b65ab6a47','acr loa level','openid-connect','oidc-acr-mapper',NULL,'573104cc-af95-409d-a178-170e5cc1fb50'),('59c80b18-4ecb-49dc-ab65-252cdd1efbe4','allowed web origins','openid-connect','oidc-allowed-origins-mapper',NULL,'9e8422de-598b-4f7d-85a1-12b3849f2662'),('59d74253-22a5-4275-a0d4-4ef826f18837','email','openid-connect','oidc-usermodel-attribute-mapper',NULL,'75f0a9dc-3111-43ba-8725-6512c5aaae92'),('5b22a0e5-64d4-4703-a471-82aea4886ac1','website','openid-connect','oidc-usermodel-attribute-mapper',NULL,'299d56ee-527f-4a5a-8035-1b0875de663b'),('5b3b9527-bf39-4164-9583-d9ac47b0acc9','username','openid-connect','oidc-usermodel-attribute-mapper',NULL,'299d56ee-527f-4a5a-8035-1b0875de663b'),('5c7a3e5b-40ac-4c1a-9ad5-f60a5471557a','nickname','openid-connect','oidc-usermodel-attribute-mapper',NULL,'ff913149-72d2-40d1-b75b-d333934ad4dd'),('5d3ad17d-b643-42b0-bcec-693ac4cf0e4a','client roles','openid-connect','oidc-usermodel-client-role-mapper',NULL,'0f26863b-4ccc-4aec-a9d9-cee85f76b64c'),('5db7ffc5-1ca8-4a10-acdf-1936246d7a35','groups','openid-connect','oidc-usermodel-realm-role-mapper',NULL,'1e5f11bd-0eae-4517-9ab5-df3aa56ca512'),('5eba579a-a21b-4e58-95a1-e0abeb68ede6','zoneinfo','openid-connect','oidc-usermodel-attribute-mapper',NULL,'8d11acf5-5bc2-4d3e-97f7-8754e183c70f'),('5fc3c1a0-4d47-4db3-b765-015fa0b9a721','realm roles','openid-connect','oidc-usermodel-realm-role-mapper',NULL,'608171dd-1676-4d5d-bb0f-3d584761355b'),('6038c4e6-ee18-42b1-93c6-6b2c3c0b7924','username','openid-connect','oidc-usermodel-attribute-mapper',NULL,'98a2a454-1d6e-4951-b0b2-28b6f0a752fa'),('60ab284e-4ad6-47e4-828c-d6c528620db1','client roles','openid-connect','oidc-usermodel-client-role-mapper',NULL,'0f78473f-2b95-4d83-bc15-50a9bba04c9b'),('61701133-fbe7-43a6-b8b1-281a35f67142','role list','saml','saml-role-list-mapper',NULL,'c5847705-a87f-4f0b-883c-e63029c290c6'),('61ad52f8-5e60-4f5a-a8df-64d9234841ca','locale','openid-connect','oidc-usermodel-attribute-mapper','555435bb-3607-4027-89ec-ccdd8baae872',NULL),('635af403-1f69-442a-85f3-f1a3b77a312e','groups','openid-connect','oidc-usermodel-realm-role-mapper',NULL,'446dfffb-28c5-49c1-9387-e231085d92f9'),('642ea4f1-5319-417d-876f-d07dcc7d7713','Client Host','openid-connect','oidc-usersessionmodel-note-mapper','d137d744-bd8f-4564-a08a-42c321fcd1ef',NULL),('6513605a-b5fb-4cc8-829a-04be2e8187ef','profile','openid-connect','oidc-usermodel-attribute-mapper',NULL,'299d56ee-527f-4a5a-8035-1b0875de663b'),('665fc74a-5c88-47ab-aee8-e67e4367afb9','given name','openid-connect','oidc-usermodel-attribute-mapper',NULL,'e4d70ad3-077f-4330-9725-b437d2733033'),('6774d12e-bba1-4dde-b927-71028d7c046b','username','openid-connect','oidc-usermodel-attribute-mapper',NULL,'8d11acf5-5bc2-4d3e-97f7-8754e183c70f'),('684d9cf1-c5b8-43fe-927e-08c898aaed19','middle name','openid-connect','oidc-usermodel-attribute-mapper',NULL,'d2e2c88c-03cc-48ee-bbef-4e49e31d5b30'),('6a2eb057-8a44-47c5-a73e-9bd6021c5efa','family name','openid-connect','oidc-usermodel-attribute-mapper',NULL,'8d11acf5-5bc2-4d3e-97f7-8754e183c70f'),('6b391e11-107c-4028-9453-a679f8c49d25','full name','openid-connect','oidc-full-name-mapper',NULL,'e4d70ad3-077f-4330-9725-b437d2733033'),('6c7c3115-c372-4b93-bc0e-dd07945767c2','email','openid-connect','oidc-usermodel-attribute-mapper',NULL,'5eeca38b-d063-4896-9a6b-5d255ad15860'),('6de8ead6-b1e1-4d7e-bb27-b5dded694a72','website','openid-connect','oidc-usermodel-attribute-mapper',NULL,'98a2a454-1d6e-4951-b0b2-28b6f0a752fa'),('70d42ed9-ba4f-4452-a474-194e7dd3c221','email','openid-connect','oidc-usermodel-attribute-mapper',NULL,'b5c75df2-4f2f-4774-804f-b2b1f908dd4e'),('71448a4a-315c-43bb-99f7-4071f6fbe9b2','email verified','openid-connect','oidc-usermodel-property-mapper',NULL,'5eeca38b-d063-4896-9a6b-5d255ad15860'),('729ec200-e110-4e89-9365-f7c9b737eda9','audience resolve','openid-connect','oidc-audience-resolve-mapper','4550d099-3f1d-4168-bc8d-659081fd9a17',NULL),('7317e5d2-2493-4825-bd31-2265455d603e','allowed web origins','openid-connect','oidc-allowed-origins-mapper',NULL,'e87633d1-eed7-4889-a338-3f79240f287d'),('73ad48d1-50f7-4d4b-9991-82e32f13555f','profile','openid-connect','oidc-usermodel-attribute-mapper',NULL,'ff913149-72d2-40d1-b75b-d333934ad4dd'),('7483567e-8cb3-4ce9-90a0-1cad625a693d','allowed web origins','openid-connect','oidc-allowed-origins-mapper',NULL,'8c9642d4-d3db-4578-ace7-141a59b085c5'),('752fc26a-0fc5-4035-808f-d8b82109f4e2','gender','openid-connect','oidc-usermodel-attribute-mapper',NULL,'d2e2c88c-03cc-48ee-bbef-4e49e31d5b30'),('7534e30a-1b60-4b5e-a123-da8679e8a332','audience resolve','openid-connect','oidc-audience-resolve-mapper',NULL,'60645b32-1af3-40c3-b9b5-c3742616cbab'),('759ba2ed-fe23-4552-9bda-be8f0e7138af','role list','saml','saml-role-list-mapper',NULL,'4077ae0f-56bc-4d10-b4ba-37a5a6101cf8'),('779c865a-9b31-4df2-9ea1-4a521ff66490','Client ID','openid-connect','oidc-usersessionmodel-note-mapper','742e6a45-dd6c-42b9-8bac-676ee77ef264',NULL),('7815b914-f83e-427c-91bf-8c36a337b0d7','Client Host','openid-connect','oidc-usersessionmodel-note-mapper','1bb141eb-f6ea-4e73-a5c5-9902dd89cd08',NULL),('79255f5f-a0d2-43c4-ae85-5f805863db39','Client ID','openid-connect','oidc-usersessionmodel-note-mapper','1bb141eb-f6ea-4e73-a5c5-9902dd89cd08',NULL),('7929f089-b79a-4f68-a47c-dba42dce072e','gender','openid-connect','oidc-usermodel-attribute-mapper',NULL,'98a2a454-1d6e-4951-b0b2-28b6f0a752fa'),('7b6577d7-1aac-4c84-ad5c-d039542eeb35','gender','openid-connect','oidc-usermodel-attribute-mapper',NULL,'ff913149-72d2-40d1-b75b-d333934ad4dd'),('7bb97671-d8b3-40f5-b605-9b1770ebc14d','acr loa level','openid-connect','oidc-acr-mapper',NULL,'41479ade-7ac3-4771-8841-412d53a1bee0'),('7d729533-d6f9-4e2b-abb6-8710a0ccad73','Client IP Address','openid-connect','oidc-usersessionmodel-note-mapper','d137d744-bd8f-4564-a08a-42c321fcd1ef',NULL),('82477ed8-8adf-4c91-aded-4386aadfc046','address','openid-connect','oidc-address-mapper',NULL,'9ffd0b44-4a05-4b8a-85a3-87b848956e61'),('8364df2d-e451-43e8-8aad-8e50aaa519c5','address','openid-connect','oidc-address-mapper',NULL,'827f7fa1-2617-40d4-8f1c-dac987742000'),('841e556c-65ea-421c-a8ec-0c04485e817b','upn','openid-connect','oidc-usermodel-attribute-mapper',NULL,'524561d7-160d-418e-b56c-1c94b2b77389'),('85b16db2-0613-4808-8b27-31a03abedcbc','birthdate','openid-connect','oidc-usermodel-attribute-mapper',NULL,'ff913149-72d2-40d1-b75b-d333934ad4dd'),('8874b548-32ee-42bc-917f-6063410f98b0','upn','openid-connect','oidc-usermodel-attribute-mapper',NULL,'446dfffb-28c5-49c1-9387-e231085d92f9'),('8985b3c3-4b1f-4dc6-91e4-48e6e803362d','realm roles','openid-connect','oidc-usermodel-realm-role-mapper',NULL,'3c6d42a0-c0c1-4528-8b61-6f0535acbc11'),('8b0e5959-f686-4743-ba49-818c2f8af4e0','birthdate','openid-connect','oidc-usermodel-attribute-mapper',NULL,'e4d70ad3-077f-4330-9725-b437d2733033'),('8b713d35-e9b9-465a-ace4-821dc34ba5c5','locale','openid-connect','oidc-usermodel-attribute-mapper',NULL,'e4d70ad3-077f-4330-9725-b437d2733033'),('8b71ff75-40d8-451a-ae90-7ed9b282640b','client roles','openid-connect','oidc-usermodel-client-role-mapper',NULL,'608171dd-1676-4d5d-bb0f-3d584761355b'),('8ccc19b6-546e-4721-91cb-180811bcf2d2','phone number verified','openid-connect','oidc-usermodel-attribute-mapper',NULL,'8f2fb485-9532-4988-a8aa-099f0f499cc6'),('8d3a54be-559d-4a81-9e89-97cbf927521e','audience resolve','openid-connect','oidc-audience-resolve-mapper',NULL,'3c6d42a0-c0c1-4528-8b61-6f0535acbc11'),('8dc03bd0-af93-4274-b488-9de8244602d3','locale','openid-connect','oidc-usermodel-attribute-mapper',NULL,'ff913149-72d2-40d1-b75b-d333934ad4dd'),('8e3c497d-4aa1-4bc7-a851-9a4ea61f6643','website','openid-connect','oidc-usermodel-attribute-mapper',NULL,'8d11acf5-5bc2-4d3e-97f7-8754e183c70f'),('915a845f-9625-49b1-a5c8-4ad0cf9f3586','picture','openid-connect','oidc-usermodel-attribute-mapper',NULL,'ff913149-72d2-40d1-b75b-d333934ad4dd'),('91da8ec8-d4cd-4dd1-828f-943d914bed1c','role list','saml','saml-role-list-mapper',NULL,'68b418c0-b774-46b5-bd66-2e222ff5c534'),('9342d03f-f68a-4874-8de5-bfd49ac55166','phone number verified','openid-connect','oidc-usermodel-attribute-mapper',NULL,'8cfc29d0-3d25-4bf7-ac1d-6e5884bf13e7'),('934ac287-f48a-40b4-ba7a-272dcf2621a6','Client Host','openid-connect','oidc-usersessionmodel-note-mapper','a0940068-fbaf-4ef7-a62c-c38b71f55474',NULL),('946a10e9-0bf3-44f5-b5e9-2efd8ac4eba1','full name','openid-connect','oidc-full-name-mapper',NULL,'d2e2c88c-03cc-48ee-bbef-4e49e31d5b30'),('94a30983-b0c9-408a-8bda-77327cbabdb7','audience resolve','openid-connect','oidc-audience-resolve-mapper',NULL,'0f78473f-2b95-4d83-bc15-50a9bba04c9b'),('95bd6c54-2b08-4538-b377-3434f2d451aa','username','openid-connect','oidc-usermodel-attribute-mapper',NULL,'e4d70ad3-077f-4330-9725-b437d2733033'),('9735dd68-926b-4622-9d96-11c5f4dc37d5','phone number verified','openid-connect','oidc-usermodel-attribute-mapper',NULL,'acbae21d-887d-4201-9a4e-692587a940d2'),('974be134-5d83-4c66-84b9-f24760c78006','username','openid-connect','oidc-usermodel-attribute-mapper',NULL,'ff913149-72d2-40d1-b75b-d333934ad4dd'),('9805d875-00b1-44d3-b661-078cd494e242','Client ID','openid-connect','oidc-usersessionmodel-note-mapper','25395b94-d108-4733-bde2-275d838f2ad2',NULL),('99d19f84-2253-4846-9218-7cdc9b5f93b6','audience resolve','openid-connect','oidc-audience-resolve-mapper','9da3f36e-34a3-42a3-99ae-52f172a21ecf',NULL),('9a63b0a3-40fe-49ff-aa7d-7e99d233d057','website','openid-connect','oidc-usermodel-attribute-mapper',NULL,'ff913149-72d2-40d1-b75b-d333934ad4dd'),('9b6842b6-5fd4-47ac-b8c7-e116f50db27a','locale','openid-connect','oidc-usermodel-attribute-mapper',NULL,'8d11acf5-5bc2-4d3e-97f7-8754e183c70f'),('9ca01a30-bd1c-4de2-b984-a815c2a3dfa1','profile','openid-connect','oidc-usermodel-attribute-mapper',NULL,'d2e2c88c-03cc-48ee-bbef-4e49e31d5b30'),('9d6f5d7c-4415-46cc-9a86-9754de5952ba','client roles','openid-connect','oidc-usermodel-client-role-mapper',NULL,'60645b32-1af3-40c3-b9b5-c3742616cbab'),('9e40a60d-388b-45b9-8d26-34aec98339e9','zoneinfo','openid-connect','oidc-usermodel-attribute-mapper',NULL,'d2e2c88c-03cc-48ee-bbef-4e49e31d5b30'),('9e7fbfe1-3476-4db2-80a8-91fd87590a89','Client IP Address','openid-connect','oidc-usersessionmodel-note-mapper','25395b94-d108-4733-bde2-275d838f2ad2',NULL),('9f1d5351-7c21-4f9c-bc47-16a12f0aee6f','profile','openid-connect','oidc-usermodel-attribute-mapper',NULL,'8d11acf5-5bc2-4d3e-97f7-8754e183c70f'),('9f3fc6dc-2f0d-4545-b2f5-c3feeef02e56','phone number','openid-connect','oidc-usermodel-attribute-mapper',NULL,'8f2fb485-9532-4988-a8aa-099f0f499cc6'),('a030b75c-253e-4951-ad44-cabf5e90cfd3','role list','saml','saml-role-list-mapper',NULL,'e5288b8a-be59-4a88-99a8-d389d76836fe'),('a24ba434-ca7c-4e06-8be5-f5d0f54345b6','Client ID','openid-connect','oidc-usersessionmodel-note-mapper','a0940068-fbaf-4ef7-a62c-c38b71f55474',NULL),('a322619e-dd7a-408e-8ccd-d0db8c7c5a0d','realm roles','openid-connect','oidc-usermodel-realm-role-mapper',NULL,'0f78473f-2b95-4d83-bc15-50a9bba04c9b'),('a447a4b1-50ee-4411-abe4-7474a296f15c','Client Host','openid-connect','oidc-usersessionmodel-note-mapper','8fc726dc-fdaf-4ade-b55e-f33c7111bf95',NULL),('a4f8ee84-5d5f-4260-8d7e-294025b3065e','Client ID','openid-connect','oidc-usersessionmodel-note-mapper','d137d744-bd8f-4564-a08a-42c321fcd1ef',NULL),('a79d6be4-e01c-470f-bbc6-2897516c42b8','family name','openid-connect','oidc-usermodel-attribute-mapper',NULL,'ff913149-72d2-40d1-b75b-d333934ad4dd'),('aa277862-d3c4-4901-96d1-170bb745d12e','zoneinfo','openid-connect','oidc-usermodel-attribute-mapper',NULL,'e4d70ad3-077f-4330-9725-b437d2733033'),('abe89817-3891-43aa-b6ed-131c812bf8f9','website','openid-connect','oidc-usermodel-attribute-mapper',NULL,'e4d70ad3-077f-4330-9725-b437d2733033'),('af5be5b5-88eb-459c-a37b-df1895da8fa2','updated at','openid-connect','oidc-usermodel-attribute-mapper',NULL,'e4d70ad3-077f-4330-9725-b437d2733033'),('b09e3b00-3ad6-4b57-b3e8-b8a9d67035af','locale','openid-connect','oidc-usermodel-attribute-mapper','fe87db9e-e678-498e-abec-9691a522d1af',NULL),('b2e30bee-86fa-4218-8f0c-b1a52cebc4f4','updated at','openid-connect','oidc-usermodel-attribute-mapper',NULL,'ff913149-72d2-40d1-b75b-d333934ad4dd'),('b33a9031-6159-4f77-af71-c2afe8a2c836','audience resolve','openid-connect','oidc-audience-resolve-mapper','fa3c114b-67b5-4c44-a52c-380b50d58da3',NULL),('b4461353-bb1b-4b54-a50b-8078315ca1d0','realm roles','openid-connect','oidc-usermodel-realm-role-mapper',NULL,'6ff24da9-5ec6-4c80-8251-e9cb28ec4467'),('b579d417-1eff-4752-802b-7f739e5e27e1','email verified','openid-connect','oidc-usermodel-property-mapper',NULL,'4120ba61-1916-4331-8cfc-9d0eaca3bf9e'),('be13adfd-741e-4707-aa31-6c904c9f21e0','groups','openid-connect','oidc-usermodel-realm-role-mapper',NULL,'524561d7-160d-418e-b56c-1c94b2b77389'),('bf1186c2-4c2b-4245-949d-420ae9e1871c','zoneinfo','openid-connect','oidc-usermodel-attribute-mapper',NULL,'299d56ee-527f-4a5a-8035-1b0875de663b'),('c44f5e10-37d1-4c37-ba53-a9f05504880a','locale','openid-connect','oidc-usermodel-attribute-mapper',NULL,'299d56ee-527f-4a5a-8035-1b0875de663b'),('c57df8cb-38a6-4e5d-aa6c-ab90ae0c0d95','nickname','openid-connect','oidc-usermodel-attribute-mapper',NULL,'d2e2c88c-03cc-48ee-bbef-4e49e31d5b30'),('c63e8f3e-f190-4b55-8e5f-128061eae9c8','given name','openid-connect','oidc-usermodel-attribute-mapper',NULL,'ff913149-72d2-40d1-b75b-d333934ad4dd'),('c67e1f6b-350a-4a18-ba33-755fb537203d','locale','openid-connect','oidc-usermodel-attribute-mapper','2d05db90-7bfd-4f43-8f74-4cdbbb9a4a40',NULL),('c7e9441c-5032-4f2e-9e21-6b40f2dd9517','birthdate','openid-connect','oidc-usermodel-attribute-mapper',NULL,'8d11acf5-5bc2-4d3e-97f7-8754e183c70f'),('c8302401-844c-4bd0-95ba-58ba58520ea8','updated at','openid-connect','oidc-usermodel-attribute-mapper',NULL,'299d56ee-527f-4a5a-8035-1b0875de663b'),('c8749975-6e9c-4113-a2e0-7f8b8f83b8c6','nickname','openid-connect','oidc-usermodel-attribute-mapper',NULL,'98a2a454-1d6e-4951-b0b2-28b6f0a752fa'),('c8f610e6-1802-41a3-8669-2d5b7d706da0','picture','openid-connect','oidc-usermodel-attribute-mapper',NULL,'98a2a454-1d6e-4951-b0b2-28b6f0a752fa'),('cac5e064-f73c-4d8f-91ab-f0978f83cb2d','locale','openid-connect','oidc-usermodel-attribute-mapper','60a7afae-7d70-4839-bcde-254fdf03b6e6',NULL),('cb5b1b5f-7e42-4a9d-9e6f-fecdc3386319','full name','openid-connect','oidc-full-name-mapper',NULL,'8d11acf5-5bc2-4d3e-97f7-8754e183c70f'),('ccd1db4d-b435-4fbb-aeb5-6be6740f80a1','groups','openid-connect','oidc-usermodel-realm-role-mapper',NULL,'4b0f95da-6803-4398-a408-75e55074b4c8'),('ce2571aa-b3e8-401b-aa75-d111cb8990aa','email verified','openid-connect','oidc-usermodel-property-mapper',NULL,'262d39a3-90b9-4867-80b9-47ab2aba2604'),('d09b7c3a-55c6-4d0c-948a-f84a7d85c59e','realm roles','openid-connect','oidc-usermodel-realm-role-mapper',NULL,'60645b32-1af3-40c3-b9b5-c3742616cbab'),('d19d0c43-d5d5-41d6-bee8-c690a3144537','full name','openid-connect','oidc-full-name-mapper',NULL,'ff913149-72d2-40d1-b75b-d333934ad4dd'),('d4844edb-20b1-466c-97ad-ed41b895dc62','picture','openid-connect','oidc-usermodel-attribute-mapper',NULL,'e4d70ad3-077f-4330-9725-b437d2733033'),('d7052cb1-0c49-4497-82e7-50eb90fa9fc0','client roles','openid-connect','oidc-usermodel-client-role-mapper',NULL,'3c6d42a0-c0c1-4528-8b61-6f0535acbc11'),('d7e38cad-0b80-4dcc-9c99-3f670c614401','phone number verified','openid-connect','oidc-usermodel-attribute-mapper',NULL,'3dfcfdb4-5df8-4183-80d5-f0f6ee5b9b85'),('d87deff4-d8d5-4259-9b36-501aeb200868','family name','openid-connect','oidc-usermodel-attribute-mapper',NULL,'98a2a454-1d6e-4951-b0b2-28b6f0a752fa'),('d8dba8f6-eb40-42c7-acfd-cfee903693d5','middle name','openid-connect','oidc-usermodel-attribute-mapper',NULL,'98a2a454-1d6e-4951-b0b2-28b6f0a752fa'),('d9283e34-4b63-46da-b735-eb6f296b4225','middle name','openid-connect','oidc-usermodel-attribute-mapper',NULL,'ff913149-72d2-40d1-b75b-d333934ad4dd'),('d9580003-87c1-4db6-8bdb-013421dc61bb','updated at','openid-connect','oidc-usermodel-attribute-mapper',NULL,'98a2a454-1d6e-4951-b0b2-28b6f0a752fa'),('da48b168-4e04-48b5-8ac9-b4078caa76de','locale','openid-connect','oidc-usermodel-attribute-mapper','9e18243f-0082-4430-ad63-ae8ea2df0d3f',NULL),('dc062081-05c0-41b7-b40c-47da609246bf','picture','openid-connect','oidc-usermodel-attribute-mapper',NULL,'d2e2c88c-03cc-48ee-bbef-4e49e31d5b30'),('de043718-b683-4582-9929-0808891078c2','email','openid-connect','oidc-usermodel-attribute-mapper',NULL,'c7d0f025-9561-46ae-baec-eeca2d56419d'),('e3a5b320-f219-4248-b42b-4b570627fa5f','upn','openid-connect','oidc-usermodel-attribute-mapper',NULL,'6cc67f25-fc1e-4f06-920a-f487542809a1'),('e73ba3b4-4d74-4135-9b07-5db58837c6fc','phone number','openid-connect','oidc-usermodel-attribute-mapper',NULL,'acbae21d-887d-4201-9a4e-692587a940d2'),('eb3682f4-8139-4f94-b8b5-4e48f3843221','full name','openid-connect','oidc-full-name-mapper',NULL,'299d56ee-527f-4a5a-8035-1b0875de663b'),('ebdb3dfa-4c75-40f1-9be6-9036c2391c17','gender','openid-connect','oidc-usermodel-attribute-mapper',NULL,'299d56ee-527f-4a5a-8035-1b0875de663b'),('ec361692-ea69-437d-90f8-4dd6cb983979','email','openid-connect','oidc-usermodel-attribute-mapper',NULL,'262d39a3-90b9-4867-80b9-47ab2aba2604'),('ec3c23f3-6224-43e4-a73d-cbe2ade44574','email','openid-connect','oidc-usermodel-attribute-mapper',NULL,'4120ba61-1916-4331-8cfc-9d0eaca3bf9e'),('ef8cd680-ccc1-434b-a0b6-1e8f9692ae7a','acr loa level','openid-connect','oidc-acr-mapper',NULL,'d6b7c627-f466-4567-b0c7-bf4d5e5acef7'),('f17d6760-cebd-4087-8aff-06e684214254','given name','openid-connect','oidc-usermodel-attribute-mapper',NULL,'299d56ee-527f-4a5a-8035-1b0875de663b'),('f192e13b-7e02-4a1c-9faa-4118211f90a4','audience resolve','openid-connect','oidc-audience-resolve-mapper','58af73be-1124-4f34-a9a7-3742f8a57086',NULL),('f2193fef-6af0-4ded-83bd-ca057a2f6703','middle name','openid-connect','oidc-usermodel-attribute-mapper',NULL,'e4d70ad3-077f-4330-9725-b437d2733033'),('f37a8d7d-3d51-40ea-9e8a-7fe4e6fd98a0','email verified','openid-connect','oidc-usermodel-property-mapper',NULL,'75f0a9dc-3111-43ba-8725-6512c5aaae92'),('f5d14783-b24a-499f-a6cc-4723aed9b1e2','audience resolve','openid-connect','oidc-audience-resolve-mapper',NULL,'0f26863b-4ccc-4aec-a9d9-cee85f76b64c'),('f5e73e8f-f4cd-4004-bdc1-d12f0d6ab0cf','audience resolve','openid-connect','oidc-audience-resolve-mapper','d7cfc645-824c-4ea7-b991-76f1f5a3ee36',NULL),('f7c5bf83-03ac-47b6-8938-5c26a4d4fa97','groups','openid-connect','oidc-usermodel-realm-role-mapper',NULL,'82b7737b-0926-41d4-9d26-a1abdb255851'),('f818bf71-f4b1-480f-907a-2e09ad24d5f6','phone number verified','openid-connect','oidc-usermodel-attribute-mapper',NULL,'45493f39-8756-4949-9798-72063eb29f30'),('f899bff8-f8fd-4b4d-9b96-627db73f0fcd','profile','openid-connect','oidc-usermodel-attribute-mapper',NULL,'98a2a454-1d6e-4951-b0b2-28b6f0a752fa'),('f8c0534c-baf6-4657-b636-e809a665301a','family name','openid-connect','oidc-usermodel-attribute-mapper',NULL,'299d56ee-527f-4a5a-8035-1b0875de663b'),('fa24ee32-1e34-4984-985a-d1de13bfcb3b','phone number','openid-connect','oidc-usermodel-attribute-mapper',NULL,'2a293eaa-b435-4ad0-b9d6-634b0a2cc596'),('faba82a2-628c-4e55-9150-4c5a02f1ada0','nickname','openid-connect','oidc-usermodel-attribute-mapper',NULL,'299d56ee-527f-4a5a-8035-1b0875de663b'),('fb5e6f27-2ff7-44ca-81ec-872249215fbe','full name','openid-connect','oidc-full-name-mapper',NULL,'98a2a454-1d6e-4951-b0b2-28b6f0a752fa'),('fbaa939b-aaac-4541-a243-da01de23fddb','locale','openid-connect','oidc-usermodel-attribute-mapper',NULL,'d2e2c88c-03cc-48ee-bbef-4e49e31d5b30'),('fd31a20f-b616-4379-aa0a-70f8bd4a9254','phone number','openid-connect','oidc-usermodel-attribute-mapper',NULL,'3dfcfdb4-5df8-4183-80d5-f0f6ee5b9b85'),('fd92e22f-8d41-43fb-9ba2-b176250264c6','email verified','openid-connect','oidc-usermodel-property-mapper',NULL,'c7d0f025-9561-46ae-baec-eeca2d56419d'),('fe77cbeb-c74f-4927-a102-c68a47e0b0b5','website','openid-connect','oidc-usermodel-attribute-mapper',NULL,'d2e2c88c-03cc-48ee-bbef-4e49e31d5b30');
UNLOCK TABLES;

--
-- Dumping data for table `PROTOCOL_MAPPER_CONFIG`
--

LOCK TABLES `PROTOCOL_MAPPER_CONFIG` WRITE;
INSERT INTO `PROTOCOL_MAPPER_CONFIG` VALUES ('002f2a73-c903-4843-a6ff-2e839e0f9fa4','true','access.token.claim'),('002f2a73-c903-4843-a6ff-2e839e0f9fa4','groups','claim.name'),('002f2a73-c903-4843-a6ff-2e839e0f9fa4','true','id.token.claim'),('002f2a73-c903-4843-a6ff-2e839e0f9fa4','true','introspection.token.claim'),('002f2a73-c903-4843-a6ff-2e839e0f9fa4','String','jsonType.label'),('002f2a73-c903-4843-a6ff-2e839e0f9fa4','true','multivalued'),('002f2a73-c903-4843-a6ff-2e839e0f9fa4','foo','user.attribute'),('0092c0df-6d7a-4e89-bf5f-478e602aa4ea','true','access.token.claim'),('0092c0df-6d7a-4e89-bf5f-478e602aa4ea','upn','claim.name'),('0092c0df-6d7a-4e89-bf5f-478e602aa4ea','true','id.token.claim'),('0092c0df-6d7a-4e89-bf5f-478e602aa4ea','true','introspection.token.claim'),('0092c0df-6d7a-4e89-bf5f-478e602aa4ea','String','jsonType.label'),('0092c0df-6d7a-4e89-bf5f-478e602aa4ea','username','user.attribute'),('0092c0df-6d7a-4e89-bf5f-478e602aa4ea','true','userinfo.token.claim'),('00c91b07-f988-49fa-a0c7-90ad3635ab7b','true','access.token.claim'),('00c91b07-f988-49fa-a0c7-90ad3635ab7b','true','introspection.token.claim'),('00e12c4b-1a7b-4c30-9f6f-85ebcb3c997f','true','access.token.claim'),('00e12c4b-1a7b-4c30-9f6f-85ebcb3c997f','nickname','claim.name'),('00e12c4b-1a7b-4c30-9f6f-85ebcb3c997f','true','id.token.claim'),('00e12c4b-1a7b-4c30-9f6f-85ebcb3c997f','true','introspection.token.claim'),('00e12c4b-1a7b-4c30-9f6f-85ebcb3c997f','String','jsonType.label'),('00e12c4b-1a7b-4c30-9f6f-85ebcb3c997f','nickname','user.attribute'),('00e12c4b-1a7b-4c30-9f6f-85ebcb3c997f','true','userinfo.token.claim'),('01c92e80-133e-4fa0-9873-232558bd31c2','true','access.token.claim'),('01c92e80-133e-4fa0-9873-232558bd31c2','updated_at','claim.name'),('01c92e80-133e-4fa0-9873-232558bd31c2','true','id.token.claim'),('01c92e80-133e-4fa0-9873-232558bd31c2','true','introspection.token.claim'),('01c92e80-133e-4fa0-9873-232558bd31c2','long','jsonType.label'),('01c92e80-133e-4fa0-9873-232558bd31c2','updatedAt','user.attribute'),('01c92e80-133e-4fa0-9873-232558bd31c2','true','userinfo.token.claim'),('02c42304-b8d9-4f09-a1f1-ae15aedc38f0','Role','attribute.name'),('02c42304-b8d9-4f09-a1f1-ae15aedc38f0','Basic','attribute.nameformat'),('02c42304-b8d9-4f09-a1f1-ae15aedc38f0','false','single'),('06590538-a088-4ea9-9de5-71e55b21c0ab','true','access.token.claim'),('06590538-a088-4ea9-9de5-71e55b21c0ab','clientHost','claim.name'),('06590538-a088-4ea9-9de5-71e55b21c0ab','true','id.token.claim'),('06590538-a088-4ea9-9de5-71e55b21c0ab','String','jsonType.label'),('06590538-a088-4ea9-9de5-71e55b21c0ab','clientHost','user.session.note'),('06590538-a088-4ea9-9de5-71e55b21c0ab','true','userinfo.token.claim'),('066366e2-056d-49d9-966d-0b086f46e865','true','access.token.claim'),('066366e2-056d-49d9-966d-0b086f46e865','clientAddress','claim.name'),('066366e2-056d-49d9-966d-0b086f46e865','true','id.token.claim'),('066366e2-056d-49d9-966d-0b086f46e865','String','jsonType.label'),('066366e2-056d-49d9-966d-0b086f46e865','clientAddress','user.session.note'),('066366e2-056d-49d9-966d-0b086f46e865','true','userinfo.token.claim'),('0a086803-5ca8-4b14-8f65-37b3ca7024c4','true','access.token.claim'),('0a086803-5ca8-4b14-8f65-37b3ca7024c4','middle_name','claim.name'),('0a086803-5ca8-4b14-8f65-37b3ca7024c4','true','id.token.claim'),('0a086803-5ca8-4b14-8f65-37b3ca7024c4','true','introspection.token.claim'),('0a086803-5ca8-4b14-8f65-37b3ca7024c4','String','jsonType.label'),('0a086803-5ca8-4b14-8f65-37b3ca7024c4','middleName','user.attribute'),('0a086803-5ca8-4b14-8f65-37b3ca7024c4','true','userinfo.token.claim'),('0b7475c5-0538-4eba-9d10-25baa8c18371','true','access.token.claim'),('0b7475c5-0538-4eba-9d10-25baa8c18371','picture','claim.name'),('0b7475c5-0538-4eba-9d10-25baa8c18371','true','id.token.claim'),('0b7475c5-0538-4eba-9d10-25baa8c18371','true','introspection.token.claim'),('0b7475c5-0538-4eba-9d10-25baa8c18371','String','jsonType.label'),('0b7475c5-0538-4eba-9d10-25baa8c18371','picture','user.attribute'),('0b7475c5-0538-4eba-9d10-25baa8c18371','true','userinfo.token.claim'),('0fb5e9e4-fb5a-4fee-ac6f-079d51115620','true','access.token.claim'),('0fb5e9e4-fb5a-4fee-ac6f-079d51115620','zoneinfo','claim.name'),('0fb5e9e4-fb5a-4fee-ac6f-079d51115620','true','id.token.claim'),('0fb5e9e4-fb5a-4fee-ac6f-079d51115620','true','introspection.token.claim'),('0fb5e9e4-fb5a-4fee-ac6f-079d51115620','String','jsonType.label'),('0fb5e9e4-fb5a-4fee-ac6f-079d51115620','zoneinfo','user.attribute'),('0fb5e9e4-fb5a-4fee-ac6f-079d51115620','true','userinfo.token.claim'),('10d625fe-455b-4e93-8471-eaff5da9d2de','true','access.token.claim'),('10d625fe-455b-4e93-8471-eaff5da9d2de','upn','claim.name'),('10d625fe-455b-4e93-8471-eaff5da9d2de','true','id.token.claim'),('10d625fe-455b-4e93-8471-eaff5da9d2de','true','introspection.token.claim'),('10d625fe-455b-4e93-8471-eaff5da9d2de','String','jsonType.label'),('10d625fe-455b-4e93-8471-eaff5da9d2de','username','user.attribute'),('10d625fe-455b-4e93-8471-eaff5da9d2de','true','userinfo.token.claim'),('13a0e1ec-e351-45ea-a45c-29c969fcb355','true','access.token.claim'),('13a0e1ec-e351-45ea-a45c-29c969fcb355','phone_number','claim.name'),('13a0e1ec-e351-45ea-a45c-29c969fcb355','true','id.token.claim'),('13a0e1ec-e351-45ea-a45c-29c969fcb355','true','introspection.token.claim'),('13a0e1ec-e351-45ea-a45c-29c969fcb355','String','jsonType.label'),('13a0e1ec-e351-45ea-a45c-29c969fcb355','phoneNumber','user.attribute'),('13a0e1ec-e351-45ea-a45c-29c969fcb355','true','userinfo.token.claim'),('13cc3188-7182-4e20-b638-78f862e74935','true','access.token.claim'),('13cc3188-7182-4e20-b638-78f862e74935','true','introspection.token.claim'),('188b6126-31fb-4b2a-932b-556b0d01c269','true','access.token.claim'),('188b6126-31fb-4b2a-932b-556b0d01c269','given_name','claim.name'),('188b6126-31fb-4b2a-932b-556b0d01c269','true','id.token.claim'),('188b6126-31fb-4b2a-932b-556b0d01c269','true','introspection.token.claim'),('188b6126-31fb-4b2a-932b-556b0d01c269','String','jsonType.label'),('188b6126-31fb-4b2a-932b-556b0d01c269','firstName','user.attribute'),('188b6126-31fb-4b2a-932b-556b0d01c269','true','userinfo.token.claim'),('1b0218a0-e68c-4ac4-a988-3b6e1476e71e','true','access.token.claim'),('1b0218a0-e68c-4ac4-a988-3b6e1476e71e','middle_name','claim.name'),('1b0218a0-e68c-4ac4-a988-3b6e1476e71e','true','id.token.claim'),('1b0218a0-e68c-4ac4-a988-3b6e1476e71e','true','introspection.token.claim'),('1b0218a0-e68c-4ac4-a988-3b6e1476e71e','String','jsonType.label'),('1b0218a0-e68c-4ac4-a988-3b6e1476e71e','middleName','user.attribute'),('1b0218a0-e68c-4ac4-a988-3b6e1476e71e','true','userinfo.token.claim'),('1b802b74-cc53-42c3-968c-a4ec2e5952ef','true','access.token.claim'),('1b802b74-cc53-42c3-968c-a4ec2e5952ef','clientHost','claim.name'),('1b802b74-cc53-42c3-968c-a4ec2e5952ef','true','id.token.claim'),('1b802b74-cc53-42c3-968c-a4ec2e5952ef','String','jsonType.label'),('1b802b74-cc53-42c3-968c-a4ec2e5952ef','clientHost','user.session.note'),('1b802b74-cc53-42c3-968c-a4ec2e5952ef','true','userinfo.token.claim'),('1c592f88-51a9-4322-918d-5e38b8d47fdc','true','access.token.claim'),('1c592f88-51a9-4322-918d-5e38b8d47fdc','true','id.token.claim'),('1c592f88-51a9-4322-918d-5e38b8d47fdc','true','introspection.token.claim'),('1c592f88-51a9-4322-918d-5e38b8d47fdc','country','user.attribute.country'),('1c592f88-51a9-4322-918d-5e38b8d47fdc','formatted','user.attribute.formatted'),('1c592f88-51a9-4322-918d-5e38b8d47fdc','locality','user.attribute.locality'),('1c592f88-51a9-4322-918d-5e38b8d47fdc','postal_code','user.attribute.postal_code'),('1c592f88-51a9-4322-918d-5e38b8d47fdc','region','user.attribute.region'),('1c592f88-51a9-4322-918d-5e38b8d47fdc','street','user.attribute.street'),('1c592f88-51a9-4322-918d-5e38b8d47fdc','true','userinfo.token.claim'),('1d0961d1-d3e6-467f-9402-a9986f76f2cb','Role','attribute.name'),('1d0961d1-d3e6-467f-9402-a9986f76f2cb','Basic','attribute.nameformat'),('1d0961d1-d3e6-467f-9402-a9986f76f2cb','false','single'),('1d23161c-5009-4124-b58f-bf4a96194a60','true','access.token.claim'),('1d23161c-5009-4124-b58f-bf4a96194a60','phone_number','claim.name'),('1d23161c-5009-4124-b58f-bf4a96194a60','true','id.token.claim'),('1d23161c-5009-4124-b58f-bf4a96194a60','true','introspection.token.claim'),('1d23161c-5009-4124-b58f-bf4a96194a60','String','jsonType.label'),('1d23161c-5009-4124-b58f-bf4a96194a60','phoneNumber','user.attribute'),('1d23161c-5009-4124-b58f-bf4a96194a60','true','userinfo.token.claim'),('231b1145-805a-4862-8931-1a3be6821962','true','access.token.claim'),('231b1145-805a-4862-8931-1a3be6821962','clientId','claim.name'),('231b1145-805a-4862-8931-1a3be6821962','true','id.token.claim'),('231b1145-805a-4862-8931-1a3be6821962','String','jsonType.label'),('231b1145-805a-4862-8931-1a3be6821962','clientId','user.session.note'),('231b1145-805a-4862-8931-1a3be6821962','true','userinfo.token.claim'),('244c39c7-a8a7-4e5e-8fd3-0e62ae10e7cb','true','access.token.claim'),('244c39c7-a8a7-4e5e-8fd3-0e62ae10e7cb','true','id.token.claim'),('244c39c7-a8a7-4e5e-8fd3-0e62ae10e7cb','true','introspection.token.claim'),('244c39c7-a8a7-4e5e-8fd3-0e62ae10e7cb','country','user.attribute.country'),('244c39c7-a8a7-4e5e-8fd3-0e62ae10e7cb','formatted','user.attribute.formatted'),('244c39c7-a8a7-4e5e-8fd3-0e62ae10e7cb','locality','user.attribute.locality'),('244c39c7-a8a7-4e5e-8fd3-0e62ae10e7cb','postal_code','user.attribute.postal_code'),('244c39c7-a8a7-4e5e-8fd3-0e62ae10e7cb','region','user.attribute.region'),('244c39c7-a8a7-4e5e-8fd3-0e62ae10e7cb','street','user.attribute.street'),('244c39c7-a8a7-4e5e-8fd3-0e62ae10e7cb','true','userinfo.token.claim'),('27a690aa-1f24-4bb4-a838-cecf48039069','true','access.token.claim'),('27a690aa-1f24-4bb4-a838-cecf48039069','true','id.token.claim'),('27a690aa-1f24-4bb4-a838-cecf48039069','true','introspection.token.claim'),('281674f2-a7fa-40f8-80e2-b1d558983f18','true','access.token.claim'),('281674f2-a7fa-40f8-80e2-b1d558983f18','family_name','claim.name'),('281674f2-a7fa-40f8-80e2-b1d558983f18','true','id.token.claim'),('281674f2-a7fa-40f8-80e2-b1d558983f18','true','introspection.token.claim'),('281674f2-a7fa-40f8-80e2-b1d558983f18','String','jsonType.label'),('281674f2-a7fa-40f8-80e2-b1d558983f18','lastName','user.attribute'),('281674f2-a7fa-40f8-80e2-b1d558983f18','true','userinfo.token.claim'),('28c05dbf-f6ec-4ded-a019-696974a0e883','true','access.token.claim'),('28c05dbf-f6ec-4ded-a019-696974a0e883','preferred_username','claim.name'),('28c05dbf-f6ec-4ded-a019-696974a0e883','true','id.token.claim'),('28c05dbf-f6ec-4ded-a019-696974a0e883','true','introspection.token.claim'),('28c05dbf-f6ec-4ded-a019-696974a0e883','String','jsonType.label'),('28c05dbf-f6ec-4ded-a019-696974a0e883','username','user.attribute'),('28c05dbf-f6ec-4ded-a019-696974a0e883','true','userinfo.token.claim'),('28fbc546-ce8c-4cd9-a281-f5d666f9be3b','true','access.token.claim'),('28fbc546-ce8c-4cd9-a281-f5d666f9be3b','true','id.token.claim'),('28fbc546-ce8c-4cd9-a281-f5d666f9be3b','true','introspection.token.claim'),('29f795c9-fce1-4393-aaf1-dc26eb345625','true','access.token.claim'),('29f795c9-fce1-4393-aaf1-dc26eb345625','nickname','claim.name'),('29f795c9-fce1-4393-aaf1-dc26eb345625','true','id.token.claim'),('29f795c9-fce1-4393-aaf1-dc26eb345625','true','introspection.token.claim'),('29f795c9-fce1-4393-aaf1-dc26eb345625','String','jsonType.label'),('29f795c9-fce1-4393-aaf1-dc26eb345625','nickname','user.attribute'),('29f795c9-fce1-4393-aaf1-dc26eb345625','true','userinfo.token.claim'),('2a5d709f-f71c-4dce-866c-3ff06fefc075','true','access.token.claim'),('2a5d709f-f71c-4dce-866c-3ff06fefc075','clientAddress','claim.name'),('2a5d709f-f71c-4dce-866c-3ff06fefc075','true','id.token.claim'),('2a5d709f-f71c-4dce-866c-3ff06fefc075','String','jsonType.label'),('2a5d709f-f71c-4dce-866c-3ff06fefc075','clientAddress','user.session.note'),('2a5d709f-f71c-4dce-866c-3ff06fefc075','true','userinfo.token.claim'),('2aa52d83-1d99-4fca-a4ae-891750978166','true','access.token.claim'),('2aa52d83-1d99-4fca-a4ae-891750978166','true','id.token.claim'),('2aa52d83-1d99-4fca-a4ae-891750978166','true','introspection.token.claim'),('2c08beb9-58bc-48e9-8cca-bb24693342cf','true','access.token.claim'),('2c08beb9-58bc-48e9-8cca-bb24693342cf','true','introspection.token.claim'),('32e7b3de-3083-4407-b39b-779d016bdd48','true','access.token.claim'),('32e7b3de-3083-4407-b39b-779d016bdd48','picture','claim.name'),('32e7b3de-3083-4407-b39b-779d016bdd48','true','id.token.claim'),('32e7b3de-3083-4407-b39b-779d016bdd48','true','introspection.token.claim'),('32e7b3de-3083-4407-b39b-779d016bdd48','String','jsonType.label'),('32e7b3de-3083-4407-b39b-779d016bdd48','picture','user.attribute'),('32e7b3de-3083-4407-b39b-779d016bdd48','true','userinfo.token.claim'),('354b7075-829a-4272-a85d-962282f193fb','true','access.token.claim'),('354b7075-829a-4272-a85d-962282f193fb','true','introspection.token.claim'),('355aec66-7ab4-4b11-8ae8-22232d6aff6d','true','access.token.claim'),('355aec66-7ab4-4b11-8ae8-22232d6aff6d','locale','claim.name'),('355aec66-7ab4-4b11-8ae8-22232d6aff6d','true','id.token.claim'),('355aec66-7ab4-4b11-8ae8-22232d6aff6d','true','introspection.token.claim'),('355aec66-7ab4-4b11-8ae8-22232d6aff6d','String','jsonType.label'),('355aec66-7ab4-4b11-8ae8-22232d6aff6d','locale','user.attribute'),('355aec66-7ab4-4b11-8ae8-22232d6aff6d','true','userinfo.token.claim'),('36176ed0-f861-4f5d-87d4-8c7fa26b8b42','true','access.token.claim'),('36176ed0-f861-4f5d-87d4-8c7fa26b8b42','realm_access.roles','claim.name'),('36176ed0-f861-4f5d-87d4-8c7fa26b8b42','true','introspection.token.claim'),('36176ed0-f861-4f5d-87d4-8c7fa26b8b42','String','jsonType.label'),('36176ed0-f861-4f5d-87d4-8c7fa26b8b42','true','multivalued'),('36176ed0-f861-4f5d-87d4-8c7fa26b8b42','foo','user.attribute'),('369b3338-4c2f-4e23-a19a-8b5d2c6cb553','true','access.token.claim'),('369b3338-4c2f-4e23-a19a-8b5d2c6cb553','resource_access.${client_id}.roles','claim.name'),('369b3338-4c2f-4e23-a19a-8b5d2c6cb553','true','introspection.token.claim'),('369b3338-4c2f-4e23-a19a-8b5d2c6cb553','String','jsonType.label'),('369b3338-4c2f-4e23-a19a-8b5d2c6cb553','true','multivalued'),('369b3338-4c2f-4e23-a19a-8b5d2c6cb553','foo','user.attribute'),('37b1bd78-ef6d-4fde-815e-cd897836c920','true','access.token.claim'),('37b1bd78-ef6d-4fde-815e-cd897836c920','family_name','claim.name'),('37b1bd78-ef6d-4fde-815e-cd897836c920','true','id.token.claim'),('37b1bd78-ef6d-4fde-815e-cd897836c920','true','introspection.token.claim'),('37b1bd78-ef6d-4fde-815e-cd897836c920','String','jsonType.label'),('37b1bd78-ef6d-4fde-815e-cd897836c920','lastName','user.attribute'),('37b1bd78-ef6d-4fde-815e-cd897836c920','true','userinfo.token.claim'),('383ba9c0-5014-413d-8d49-2bb4c86b243f','true','access.token.claim'),('383ba9c0-5014-413d-8d49-2bb4c86b243f','upn','claim.name'),('383ba9c0-5014-413d-8d49-2bb4c86b243f','true','id.token.claim'),('383ba9c0-5014-413d-8d49-2bb4c86b243f','true','introspection.token.claim'),('383ba9c0-5014-413d-8d49-2bb4c86b243f','String','jsonType.label'),('383ba9c0-5014-413d-8d49-2bb4c86b243f','username','user.attribute'),('383ba9c0-5014-413d-8d49-2bb4c86b243f','true','userinfo.token.claim'),('3ad94e4f-eea1-4685-a201-cb2686371830','true','access.token.claim'),('3ad94e4f-eea1-4685-a201-cb2686371830','clientAddress','claim.name'),('3ad94e4f-eea1-4685-a201-cb2686371830','true','id.token.claim'),('3ad94e4f-eea1-4685-a201-cb2686371830','String','jsonType.label'),('3ad94e4f-eea1-4685-a201-cb2686371830','clientAddress','user.session.note'),('3ad94e4f-eea1-4685-a201-cb2686371830','true','userinfo.token.claim'),('3c4ddc25-327d-4780-8a91-4f6b12f18c60','true','access.token.claim'),('3c4ddc25-327d-4780-8a91-4f6b12f18c60','clientAddress','claim.name'),('3c4ddc25-327d-4780-8a91-4f6b12f18c60','true','id.token.claim'),('3c4ddc25-327d-4780-8a91-4f6b12f18c60','String','jsonType.label'),('3c4ddc25-327d-4780-8a91-4f6b12f18c60','clientAddress','user.session.note'),('3c4ddc25-327d-4780-8a91-4f6b12f18c60','true','userinfo.token.claim'),('3e18d975-142f-4d55-aea4-c0b446ff9a98','true','access.token.claim'),('3e18d975-142f-4d55-aea4-c0b446ff9a98','profile','claim.name'),('3e18d975-142f-4d55-aea4-c0b446ff9a98','true','id.token.claim'),('3e18d975-142f-4d55-aea4-c0b446ff9a98','true','introspection.token.claim'),('3e18d975-142f-4d55-aea4-c0b446ff9a98','String','jsonType.label'),('3e18d975-142f-4d55-aea4-c0b446ff9a98','profile','user.attribute'),('3e18d975-142f-4d55-aea4-c0b446ff9a98','true','userinfo.token.claim'),('3fcd9127-05f2-4e40-9b1b-a3da84d4045e','true','access.token.claim'),('3fcd9127-05f2-4e40-9b1b-a3da84d4045e','locale','claim.name'),('3fcd9127-05f2-4e40-9b1b-a3da84d4045e','true','id.token.claim'),('3fcd9127-05f2-4e40-9b1b-a3da84d4045e','true','introspection.token.claim'),('3fcd9127-05f2-4e40-9b1b-a3da84d4045e','String','jsonType.label'),('3fcd9127-05f2-4e40-9b1b-a3da84d4045e','locale','user.attribute'),('3fcd9127-05f2-4e40-9b1b-a3da84d4045e','true','userinfo.token.claim'),('43241447-91b0-4621-b2d2-85bf938ffb71','true','access.token.claim'),('43241447-91b0-4621-b2d2-85bf938ffb71','phone_number_verified','claim.name'),('43241447-91b0-4621-b2d2-85bf938ffb71','true','id.token.claim'),('43241447-91b0-4621-b2d2-85bf938ffb71','true','introspection.token.claim'),('43241447-91b0-4621-b2d2-85bf938ffb71','boolean','jsonType.label'),('43241447-91b0-4621-b2d2-85bf938ffb71','phoneNumberVerified','user.attribute'),('43241447-91b0-4621-b2d2-85bf938ffb71','true','userinfo.token.claim'),('43aad132-e47e-4dda-acb8-226479703996','true','access.token.claim'),('43aad132-e47e-4dda-acb8-226479703996','true','id.token.claim'),('43aad132-e47e-4dda-acb8-226479703996','true','introspection.token.claim'),('43aad132-e47e-4dda-acb8-226479703996','country','user.attribute.country'),('43aad132-e47e-4dda-acb8-226479703996','formatted','user.attribute.formatted'),('43aad132-e47e-4dda-acb8-226479703996','locality','user.attribute.locality'),('43aad132-e47e-4dda-acb8-226479703996','postal_code','user.attribute.postal_code'),('43aad132-e47e-4dda-acb8-226479703996','region','user.attribute.region'),('43aad132-e47e-4dda-acb8-226479703996','street','user.attribute.street'),('43aad132-e47e-4dda-acb8-226479703996','true','userinfo.token.claim'),('4468fdee-7e07-4370-a66d-3622ed3046d3','true','access.token.claim'),('4468fdee-7e07-4370-a66d-3622ed3046d3','email_verified','claim.name'),('4468fdee-7e07-4370-a66d-3622ed3046d3','true','id.token.claim'),('4468fdee-7e07-4370-a66d-3622ed3046d3','true','introspection.token.claim'),('4468fdee-7e07-4370-a66d-3622ed3046d3','boolean','jsonType.label'),('4468fdee-7e07-4370-a66d-3622ed3046d3','emailVerified','user.attribute'),('4468fdee-7e07-4370-a66d-3622ed3046d3','true','userinfo.token.claim'),('44c7b21c-4b37-4cdf-9255-4a8737bcce1a','true','access.token.claim'),('44c7b21c-4b37-4cdf-9255-4a8737bcce1a','true','id.token.claim'),('44c7b21c-4b37-4cdf-9255-4a8737bcce1a','true','introspection.token.claim'),('44c7b21c-4b37-4cdf-9255-4a8737bcce1a','country','user.attribute.country'),('44c7b21c-4b37-4cdf-9255-4a8737bcce1a','formatted','user.attribute.formatted'),('44c7b21c-4b37-4cdf-9255-4a8737bcce1a','locality','user.attribute.locality'),('44c7b21c-4b37-4cdf-9255-4a8737bcce1a','postal_code','user.attribute.postal_code'),('44c7b21c-4b37-4cdf-9255-4a8737bcce1a','region','user.attribute.region'),('44c7b21c-4b37-4cdf-9255-4a8737bcce1a','street','user.attribute.street'),('44c7b21c-4b37-4cdf-9255-4a8737bcce1a','true','userinfo.token.claim'),('45545ba7-cf83-43d3-b8ba-7bb37422658d','true','access.token.claim'),('45545ba7-cf83-43d3-b8ba-7bb37422658d','updated_at','claim.name'),('45545ba7-cf83-43d3-b8ba-7bb37422658d','true','id.token.claim'),('45545ba7-cf83-43d3-b8ba-7bb37422658d','true','introspection.token.claim'),('45545ba7-cf83-43d3-b8ba-7bb37422658d','long','jsonType.label'),('45545ba7-cf83-43d3-b8ba-7bb37422658d','updatedAt','user.attribute'),('45545ba7-cf83-43d3-b8ba-7bb37422658d','true','userinfo.token.claim'),('45b87f60-9423-423c-8835-43026ba12524','true','access.token.claim'),('45b87f60-9423-423c-8835-43026ba12524','birthdate','claim.name'),('45b87f60-9423-423c-8835-43026ba12524','true','id.token.claim'),('45b87f60-9423-423c-8835-43026ba12524','true','introspection.token.claim'),('45b87f60-9423-423c-8835-43026ba12524','String','jsonType.label'),('45b87f60-9423-423c-8835-43026ba12524','birthdate','user.attribute'),('45b87f60-9423-423c-8835-43026ba12524','true','userinfo.token.claim'),('45f3b3e2-fed3-433f-bd47-b1bd15e22a00','true','access.token.claim'),('45f3b3e2-fed3-433f-bd47-b1bd15e22a00','given_name','claim.name'),('45f3b3e2-fed3-433f-bd47-b1bd15e22a00','true','id.token.claim'),('45f3b3e2-fed3-433f-bd47-b1bd15e22a00','true','introspection.token.claim'),('45f3b3e2-fed3-433f-bd47-b1bd15e22a00','String','jsonType.label'),('45f3b3e2-fed3-433f-bd47-b1bd15e22a00','firstName','user.attribute'),('45f3b3e2-fed3-433f-bd47-b1bd15e22a00','true','userinfo.token.claim'),('4aca10ca-2359-4885-adb3-31751a9a3f81','true','access.token.claim'),('4aca10ca-2359-4885-adb3-31751a9a3f81','given_name','claim.name'),('4aca10ca-2359-4885-adb3-31751a9a3f81','true','id.token.claim'),('4aca10ca-2359-4885-adb3-31751a9a3f81','true','introspection.token.claim'),('4aca10ca-2359-4885-adb3-31751a9a3f81','String','jsonType.label'),('4aca10ca-2359-4885-adb3-31751a9a3f81','firstName','user.attribute'),('4aca10ca-2359-4885-adb3-31751a9a3f81','true','userinfo.token.claim'),('4b031cc1-c556-49ec-b8af-9165ecece8d3','true','access.token.claim'),('4b031cc1-c556-49ec-b8af-9165ecece8d3','gender','claim.name'),('4b031cc1-c556-49ec-b8af-9165ecece8d3','true','id.token.claim'),('4b031cc1-c556-49ec-b8af-9165ecece8d3','true','introspection.token.claim'),('4b031cc1-c556-49ec-b8af-9165ecece8d3','String','jsonType.label'),('4b031cc1-c556-49ec-b8af-9165ecece8d3','gender','user.attribute'),('4b031cc1-c556-49ec-b8af-9165ecece8d3','true','userinfo.token.claim'),('4c8f7e75-a519-4776-b844-94660722e8a2','true','access.token.claim'),('4c8f7e75-a519-4776-b844-94660722e8a2','gender','claim.name'),('4c8f7e75-a519-4776-b844-94660722e8a2','true','id.token.claim'),('4c8f7e75-a519-4776-b844-94660722e8a2','true','introspection.token.claim'),('4c8f7e75-a519-4776-b844-94660722e8a2','String','jsonType.label'),('4c8f7e75-a519-4776-b844-94660722e8a2','gender','user.attribute'),('4c8f7e75-a519-4776-b844-94660722e8a2','true','userinfo.token.claim'),('4df96df3-0490-4829-a34d-de976d42e1c4','true','access.token.claim'),('4df96df3-0490-4829-a34d-de976d42e1c4','zoneinfo','claim.name'),('4df96df3-0490-4829-a34d-de976d42e1c4','true','id.token.claim'),('4df96df3-0490-4829-a34d-de976d42e1c4','true','introspection.token.claim'),('4df96df3-0490-4829-a34d-de976d42e1c4','String','jsonType.label'),('4df96df3-0490-4829-a34d-de976d42e1c4','zoneinfo','user.attribute'),('4df96df3-0490-4829-a34d-de976d42e1c4','true','userinfo.token.claim'),('4f511e60-b096-4d2b-9a6c-2151b4acb3da','true','access.token.claim'),('4f511e60-b096-4d2b-9a6c-2151b4acb3da','birthdate','claim.name'),('4f511e60-b096-4d2b-9a6c-2151b4acb3da','true','id.token.claim'),('4f511e60-b096-4d2b-9a6c-2151b4acb3da','true','introspection.token.claim'),('4f511e60-b096-4d2b-9a6c-2151b4acb3da','String','jsonType.label'),('4f511e60-b096-4d2b-9a6c-2151b4acb3da','birthdate','user.attribute'),('4f511e60-b096-4d2b-9a6c-2151b4acb3da','true','userinfo.token.claim'),('51a0a54c-d6f8-4781-bc67-be8f7b118eb8','true','access.token.claim'),('51a0a54c-d6f8-4781-bc67-be8f7b118eb8','birthdate','claim.name'),('51a0a54c-d6f8-4781-bc67-be8f7b118eb8','true','id.token.claim'),('51a0a54c-d6f8-4781-bc67-be8f7b118eb8','true','introspection.token.claim'),('51a0a54c-d6f8-4781-bc67-be8f7b118eb8','String','jsonType.label'),('51a0a54c-d6f8-4781-bc67-be8f7b118eb8','birthdate','user.attribute'),('51a0a54c-d6f8-4781-bc67-be8f7b118eb8','true','userinfo.token.claim'),('5637945a-e4f9-4d33-882b-6754100b8175','true','access.token.claim'),('5637945a-e4f9-4d33-882b-6754100b8175','true','introspection.token.claim'),('58a89ec6-f74f-4aa8-b2c4-260b65ab6a47','true','access.token.claim'),('58a89ec6-f74f-4aa8-b2c4-260b65ab6a47','true','id.token.claim'),('58a89ec6-f74f-4aa8-b2c4-260b65ab6a47','true','introspection.token.claim'),('59c80b18-4ecb-49dc-ab65-252cdd1efbe4','true','access.token.claim'),('59c80b18-4ecb-49dc-ab65-252cdd1efbe4','true','introspection.token.claim'),('59d74253-22a5-4275-a0d4-4ef826f18837','true','access.token.claim'),('59d74253-22a5-4275-a0d4-4ef826f18837','email','claim.name'),('59d74253-22a5-4275-a0d4-4ef826f18837','true','id.token.claim'),('59d74253-22a5-4275-a0d4-4ef826f18837','true','introspection.token.claim'),('59d74253-22a5-4275-a0d4-4ef826f18837','String','jsonType.label'),('59d74253-22a5-4275-a0d4-4ef826f18837','email','user.attribute'),('59d74253-22a5-4275-a0d4-4ef826f18837','true','userinfo.token.claim'),('5b22a0e5-64d4-4703-a471-82aea4886ac1','true','access.token.claim'),('5b22a0e5-64d4-4703-a471-82aea4886ac1','website','claim.name'),('5b22a0e5-64d4-4703-a471-82aea4886ac1','true','id.token.claim'),('5b22a0e5-64d4-4703-a471-82aea4886ac1','true','introspection.token.claim'),('5b22a0e5-64d4-4703-a471-82aea4886ac1','String','jsonType.label'),('5b22a0e5-64d4-4703-a471-82aea4886ac1','website','user.attribute'),('5b22a0e5-64d4-4703-a471-82aea4886ac1','true','userinfo.token.claim'),('5b3b9527-bf39-4164-9583-d9ac47b0acc9','true','access.token.claim'),('5b3b9527-bf39-4164-9583-d9ac47b0acc9','preferred_username','claim.name'),('5b3b9527-bf39-4164-9583-d9ac47b0acc9','true','id.token.claim'),('5b3b9527-bf39-4164-9583-d9ac47b0acc9','true','introspection.token.claim'),('5b3b9527-bf39-4164-9583-d9ac47b0acc9','String','jsonType.label'),('5b3b9527-bf39-4164-9583-d9ac47b0acc9','username','user.attribute'),('5b3b9527-bf39-4164-9583-d9ac47b0acc9','true','userinfo.token.claim'),('5c7a3e5b-40ac-4c1a-9ad5-f60a5471557a','true','access.token.claim'),('5c7a3e5b-40ac-4c1a-9ad5-f60a5471557a','nickname','claim.name'),('5c7a3e5b-40ac-4c1a-9ad5-f60a5471557a','true','id.token.claim'),('5c7a3e5b-40ac-4c1a-9ad5-f60a5471557a','true','introspection.token.claim'),('5c7a3e5b-40ac-4c1a-9ad5-f60a5471557a','String','jsonType.label'),('5c7a3e5b-40ac-4c1a-9ad5-f60a5471557a','nickname','user.attribute'),('5c7a3e5b-40ac-4c1a-9ad5-f60a5471557a','true','userinfo.token.claim'),('5d3ad17d-b643-42b0-bcec-693ac4cf0e4a','true','access.token.claim'),('5d3ad17d-b643-42b0-bcec-693ac4cf0e4a','resource_access.${client_id}.roles','claim.name'),('5d3ad17d-b643-42b0-bcec-693ac4cf0e4a','true','introspection.token.claim'),('5d3ad17d-b643-42b0-bcec-693ac4cf0e4a','String','jsonType.label'),('5d3ad17d-b643-42b0-bcec-693ac4cf0e4a','true','multivalued'),('5d3ad17d-b643-42b0-bcec-693ac4cf0e4a','foo','user.attribute'),('5db7ffc5-1ca8-4a10-acdf-1936246d7a35','true','access.token.claim'),('5db7ffc5-1ca8-4a10-acdf-1936246d7a35','groups','claim.name'),('5db7ffc5-1ca8-4a10-acdf-1936246d7a35','true','id.token.claim'),('5db7ffc5-1ca8-4a10-acdf-1936246d7a35','true','introspection.token.claim'),('5db7ffc5-1ca8-4a10-acdf-1936246d7a35','String','jsonType.label'),('5db7ffc5-1ca8-4a10-acdf-1936246d7a35','true','multivalued'),('5db7ffc5-1ca8-4a10-acdf-1936246d7a35','foo','user.attribute'),('5eba579a-a21b-4e58-95a1-e0abeb68ede6','true','access.token.claim'),('5eba579a-a21b-4e58-95a1-e0abeb68ede6','zoneinfo','claim.name'),('5eba579a-a21b-4e58-95a1-e0abeb68ede6','true','id.token.claim'),('5eba579a-a21b-4e58-95a1-e0abeb68ede6','true','introspection.token.claim'),('5eba579a-a21b-4e58-95a1-e0abeb68ede6','String','jsonType.label'),('5eba579a-a21b-4e58-95a1-e0abeb68ede6','zoneinfo','user.attribute'),('5eba579a-a21b-4e58-95a1-e0abeb68ede6','true','userinfo.token.claim'),('5fc3c1a0-4d47-4db3-b765-015fa0b9a721','true','access.token.claim'),('5fc3c1a0-4d47-4db3-b765-015fa0b9a721','realm_access.roles','claim.name'),('5fc3c1a0-4d47-4db3-b765-015fa0b9a721','true','introspection.token.claim'),('5fc3c1a0-4d47-4db3-b765-015fa0b9a721','String','jsonType.label'),('5fc3c1a0-4d47-4db3-b765-015fa0b9a721','true','multivalued'),('5fc3c1a0-4d47-4db3-b765-015fa0b9a721','foo','user.attribute'),('6038c4e6-ee18-42b1-93c6-6b2c3c0b7924','true','access.token.claim'),('6038c4e6-ee18-42b1-93c6-6b2c3c0b7924','preferred_username','claim.name'),('6038c4e6-ee18-42b1-93c6-6b2c3c0b7924','true','id.token.claim'),('6038c4e6-ee18-42b1-93c6-6b2c3c0b7924','true','introspection.token.claim'),('6038c4e6-ee18-42b1-93c6-6b2c3c0b7924','String','jsonType.label'),('6038c4e6-ee18-42b1-93c6-6b2c3c0b7924','username','user.attribute'),('6038c4e6-ee18-42b1-93c6-6b2c3c0b7924','true','userinfo.token.claim'),('60ab284e-4ad6-47e4-828c-d6c528620db1','true','access.token.claim'),('60ab284e-4ad6-47e4-828c-d6c528620db1','resource_access.${client_id}.roles','claim.name'),('60ab284e-4ad6-47e4-828c-d6c528620db1','true','introspection.token.claim'),('60ab284e-4ad6-47e4-828c-d6c528620db1','String','jsonType.label'),('60ab284e-4ad6-47e4-828c-d6c528620db1','true','multivalued'),('60ab284e-4ad6-47e4-828c-d6c528620db1','foo','user.attribute'),('61701133-fbe7-43a6-b8b1-281a35f67142','Role','attribute.name'),('61701133-fbe7-43a6-b8b1-281a35f67142','Basic','attribute.nameformat'),('61701133-fbe7-43a6-b8b1-281a35f67142','false','single'),('61ad52f8-5e60-4f5a-a8df-64d9234841ca','true','access.token.claim'),('61ad52f8-5e60-4f5a-a8df-64d9234841ca','locale','claim.name'),('61ad52f8-5e60-4f5a-a8df-64d9234841ca','true','id.token.claim'),('61ad52f8-5e60-4f5a-a8df-64d9234841ca','true','introspection.token.claim'),('61ad52f8-5e60-4f5a-a8df-64d9234841ca','String','jsonType.label'),('61ad52f8-5e60-4f5a-a8df-64d9234841ca','locale','user.attribute'),('61ad52f8-5e60-4f5a-a8df-64d9234841ca','true','userinfo.token.claim'),('635af403-1f69-442a-85f3-f1a3b77a312e','true','access.token.claim'),('635af403-1f69-442a-85f3-f1a3b77a312e','groups','claim.name'),('635af403-1f69-442a-85f3-f1a3b77a312e','true','id.token.claim'),('635af403-1f69-442a-85f3-f1a3b77a312e','true','introspection.token.claim'),('635af403-1f69-442a-85f3-f1a3b77a312e','String','jsonType.label'),('635af403-1f69-442a-85f3-f1a3b77a312e','true','multivalued'),('635af403-1f69-442a-85f3-f1a3b77a312e','foo','user.attribute'),('642ea4f1-5319-417d-876f-d07dcc7d7713','true','access.token.claim'),('642ea4f1-5319-417d-876f-d07dcc7d7713','clientHost','claim.name'),('642ea4f1-5319-417d-876f-d07dcc7d7713','true','id.token.claim'),('642ea4f1-5319-417d-876f-d07dcc7d7713','String','jsonType.label'),('642ea4f1-5319-417d-876f-d07dcc7d7713','clientHost','user.session.note'),('642ea4f1-5319-417d-876f-d07dcc7d7713','true','userinfo.token.claim'),('6513605a-b5fb-4cc8-829a-04be2e8187ef','true','access.token.claim'),('6513605a-b5fb-4cc8-829a-04be2e8187ef','profile','claim.name'),('6513605a-b5fb-4cc8-829a-04be2e8187ef','true','id.token.claim'),('6513605a-b5fb-4cc8-829a-04be2e8187ef','true','introspection.token.claim'),('6513605a-b5fb-4cc8-829a-04be2e8187ef','String','jsonType.label'),('6513605a-b5fb-4cc8-829a-04be2e8187ef','profile','user.attribute'),('6513605a-b5fb-4cc8-829a-04be2e8187ef','true','userinfo.token.claim'),('665fc74a-5c88-47ab-aee8-e67e4367afb9','true','access.token.claim'),('665fc74a-5c88-47ab-aee8-e67e4367afb9','given_name','claim.name'),('665fc74a-5c88-47ab-aee8-e67e4367afb9','true','id.token.claim'),('665fc74a-5c88-47ab-aee8-e67e4367afb9','true','introspection.token.claim'),('665fc74a-5c88-47ab-aee8-e67e4367afb9','String','jsonType.label'),('665fc74a-5c88-47ab-aee8-e67e4367afb9','firstName','user.attribute'),('665fc74a-5c88-47ab-aee8-e67e4367afb9','true','userinfo.token.claim'),('6774d12e-bba1-4dde-b927-71028d7c046b','true','access.token.claim'),('6774d12e-bba1-4dde-b927-71028d7c046b','preferred_username','claim.name'),('6774d12e-bba1-4dde-b927-71028d7c046b','true','id.token.claim'),('6774d12e-bba1-4dde-b927-71028d7c046b','true','introspection.token.claim'),('6774d12e-bba1-4dde-b927-71028d7c046b','String','jsonType.label'),('6774d12e-bba1-4dde-b927-71028d7c046b','username','user.attribute'),('6774d12e-bba1-4dde-b927-71028d7c046b','true','userinfo.token.claim'),('684d9cf1-c5b8-43fe-927e-08c898aaed19','true','access.token.claim'),('684d9cf1-c5b8-43fe-927e-08c898aaed19','middle_name','claim.name'),('684d9cf1-c5b8-43fe-927e-08c898aaed19','true','id.token.claim'),('684d9cf1-c5b8-43fe-927e-08c898aaed19','true','introspection.token.claim'),('684d9cf1-c5b8-43fe-927e-08c898aaed19','String','jsonType.label'),('684d9cf1-c5b8-43fe-927e-08c898aaed19','middleName','user.attribute'),('684d9cf1-c5b8-43fe-927e-08c898aaed19','true','userinfo.token.claim'),('6a2eb057-8a44-47c5-a73e-9bd6021c5efa','true','access.token.claim'),('6a2eb057-8a44-47c5-a73e-9bd6021c5efa','family_name','claim.name'),('6a2eb057-8a44-47c5-a73e-9bd6021c5efa','true','id.token.claim'),('6a2eb057-8a44-47c5-a73e-9bd6021c5efa','true','introspection.token.claim'),('6a2eb057-8a44-47c5-a73e-9bd6021c5efa','String','jsonType.label'),('6a2eb057-8a44-47c5-a73e-9bd6021c5efa','lastName','user.attribute'),('6a2eb057-8a44-47c5-a73e-9bd6021c5efa','true','userinfo.token.claim'),('6b391e11-107c-4028-9453-a679f8c49d25','true','access.token.claim'),('6b391e11-107c-4028-9453-a679f8c49d25','true','id.token.claim'),('6b391e11-107c-4028-9453-a679f8c49d25','true','introspection.token.claim'),('6b391e11-107c-4028-9453-a679f8c49d25','true','userinfo.token.claim'),('6c7c3115-c372-4b93-bc0e-dd07945767c2','true','access.token.claim'),('6c7c3115-c372-4b93-bc0e-dd07945767c2','email','claim.name'),('6c7c3115-c372-4b93-bc0e-dd07945767c2','true','id.token.claim'),('6c7c3115-c372-4b93-bc0e-dd07945767c2','true','introspection.token.claim'),('6c7c3115-c372-4b93-bc0e-dd07945767c2','String','jsonType.label'),('6c7c3115-c372-4b93-bc0e-dd07945767c2','email','user.attribute'),('6c7c3115-c372-4b93-bc0e-dd07945767c2','true','userinfo.token.claim'),('6de8ead6-b1e1-4d7e-bb27-b5dded694a72','true','access.token.claim'),('6de8ead6-b1e1-4d7e-bb27-b5dded694a72','website','claim.name'),('6de8ead6-b1e1-4d7e-bb27-b5dded694a72','true','id.token.claim'),('6de8ead6-b1e1-4d7e-bb27-b5dded694a72','true','introspection.token.claim'),('6de8ead6-b1e1-4d7e-bb27-b5dded694a72','String','jsonType.label'),('6de8ead6-b1e1-4d7e-bb27-b5dded694a72','website','user.attribute'),('6de8ead6-b1e1-4d7e-bb27-b5dded694a72','true','userinfo.token.claim'),('70d42ed9-ba4f-4452-a474-194e7dd3c221','true','access.token.claim'),('70d42ed9-ba4f-4452-a474-194e7dd3c221','email','claim.name'),('70d42ed9-ba4f-4452-a474-194e7dd3c221','true','id.token.claim'),('70d42ed9-ba4f-4452-a474-194e7dd3c221','true','introspection.token.claim'),('70d42ed9-ba4f-4452-a474-194e7dd3c221','String','jsonType.label'),('70d42ed9-ba4f-4452-a474-194e7dd3c221','email','user.attribute'),('70d42ed9-ba4f-4452-a474-194e7dd3c221','true','userinfo.token.claim'),('71448a4a-315c-43bb-99f7-4071f6fbe9b2','true','access.token.claim'),('71448a4a-315c-43bb-99f7-4071f6fbe9b2','email_verified','claim.name'),('71448a4a-315c-43bb-99f7-4071f6fbe9b2','true','id.token.claim'),('71448a4a-315c-43bb-99f7-4071f6fbe9b2','true','introspection.token.claim'),('71448a4a-315c-43bb-99f7-4071f6fbe9b2','boolean','jsonType.label'),('71448a4a-315c-43bb-99f7-4071f6fbe9b2','emailVerified','user.attribute'),('71448a4a-315c-43bb-99f7-4071f6fbe9b2','true','userinfo.token.claim'),('7317e5d2-2493-4825-bd31-2265455d603e','true','access.token.claim'),('7317e5d2-2493-4825-bd31-2265455d603e','true','introspection.token.claim'),('73ad48d1-50f7-4d4b-9991-82e32f13555f','true','access.token.claim'),('73ad48d1-50f7-4d4b-9991-82e32f13555f','profile','claim.name'),('73ad48d1-50f7-4d4b-9991-82e32f13555f','true','id.token.claim'),('73ad48d1-50f7-4d4b-9991-82e32f13555f','true','introspection.token.claim'),('73ad48d1-50f7-4d4b-9991-82e32f13555f','String','jsonType.label'),('73ad48d1-50f7-4d4b-9991-82e32f13555f','profile','user.attribute'),('73ad48d1-50f7-4d4b-9991-82e32f13555f','true','userinfo.token.claim'),('7483567e-8cb3-4ce9-90a0-1cad625a693d','true','access.token.claim'),('7483567e-8cb3-4ce9-90a0-1cad625a693d','true','introspection.token.claim'),('752fc26a-0fc5-4035-808f-d8b82109f4e2','true','access.token.claim'),('752fc26a-0fc5-4035-808f-d8b82109f4e2','gender','claim.name'),('752fc26a-0fc5-4035-808f-d8b82109f4e2','true','id.token.claim'),('752fc26a-0fc5-4035-808f-d8b82109f4e2','true','introspection.token.claim'),('752fc26a-0fc5-4035-808f-d8b82109f4e2','String','jsonType.label'),('752fc26a-0fc5-4035-808f-d8b82109f4e2','gender','user.attribute'),('752fc26a-0fc5-4035-808f-d8b82109f4e2','true','userinfo.token.claim'),('7534e30a-1b60-4b5e-a123-da8679e8a332','true','access.token.claim'),('7534e30a-1b60-4b5e-a123-da8679e8a332','true','introspection.token.claim'),('759ba2ed-fe23-4552-9bda-be8f0e7138af','Role','attribute.name'),('759ba2ed-fe23-4552-9bda-be8f0e7138af','Basic','attribute.nameformat'),('759ba2ed-fe23-4552-9bda-be8f0e7138af','false','single'),('779c865a-9b31-4df2-9ea1-4a521ff66490','true','access.token.claim'),('779c865a-9b31-4df2-9ea1-4a521ff66490','clientId','claim.name'),('779c865a-9b31-4df2-9ea1-4a521ff66490','true','id.token.claim'),('779c865a-9b31-4df2-9ea1-4a521ff66490','String','jsonType.label'),('779c865a-9b31-4df2-9ea1-4a521ff66490','clientId','user.session.note'),('779c865a-9b31-4df2-9ea1-4a521ff66490','true','userinfo.token.claim'),('7815b914-f83e-427c-91bf-8c36a337b0d7','true','access.token.claim'),('7815b914-f83e-427c-91bf-8c36a337b0d7','clientHost','claim.name'),('7815b914-f83e-427c-91bf-8c36a337b0d7','true','id.token.claim'),('7815b914-f83e-427c-91bf-8c36a337b0d7','String','jsonType.label'),('7815b914-f83e-427c-91bf-8c36a337b0d7','clientHost','user.session.note'),('7815b914-f83e-427c-91bf-8c36a337b0d7','true','userinfo.token.claim'),('79255f5f-a0d2-43c4-ae85-5f805863db39','true','access.token.claim'),('79255f5f-a0d2-43c4-ae85-5f805863db39','clientId','claim.name'),('79255f5f-a0d2-43c4-ae85-5f805863db39','true','id.token.claim'),('79255f5f-a0d2-43c4-ae85-5f805863db39','String','jsonType.label'),('79255f5f-a0d2-43c4-ae85-5f805863db39','clientId','user.session.note'),('79255f5f-a0d2-43c4-ae85-5f805863db39','true','userinfo.token.claim'),('7929f089-b79a-4f68-a47c-dba42dce072e','true','access.token.claim'),('7929f089-b79a-4f68-a47c-dba42dce072e','gender','claim.name'),('7929f089-b79a-4f68-a47c-dba42dce072e','true','id.token.claim'),('7929f089-b79a-4f68-a47c-dba42dce072e','true','introspection.token.claim'),('7929f089-b79a-4f68-a47c-dba42dce072e','String','jsonType.label'),('7929f089-b79a-4f68-a47c-dba42dce072e','gender','user.attribute'),('7929f089-b79a-4f68-a47c-dba42dce072e','true','userinfo.token.claim'),('7b6577d7-1aac-4c84-ad5c-d039542eeb35','true','access.token.claim'),('7b6577d7-1aac-4c84-ad5c-d039542eeb35','gender','claim.name'),('7b6577d7-1aac-4c84-ad5c-d039542eeb35','true','id.token.claim'),('7b6577d7-1aac-4c84-ad5c-d039542eeb35','true','introspection.token.claim'),('7b6577d7-1aac-4c84-ad5c-d039542eeb35','String','jsonType.label'),('7b6577d7-1aac-4c84-ad5c-d039542eeb35','gender','user.attribute'),('7b6577d7-1aac-4c84-ad5c-d039542eeb35','true','userinfo.token.claim'),('7bb97671-d8b3-40f5-b605-9b1770ebc14d','true','access.token.claim'),('7bb97671-d8b3-40f5-b605-9b1770ebc14d','true','id.token.claim'),('7bb97671-d8b3-40f5-b605-9b1770ebc14d','true','introspection.token.claim'),('7d729533-d6f9-4e2b-abb6-8710a0ccad73','true','access.token.claim'),('7d729533-d6f9-4e2b-abb6-8710a0ccad73','clientAddress','claim.name'),('7d729533-d6f9-4e2b-abb6-8710a0ccad73','true','id.token.claim'),('7d729533-d6f9-4e2b-abb6-8710a0ccad73','String','jsonType.label'),('7d729533-d6f9-4e2b-abb6-8710a0ccad73','clientAddress','user.session.note'),('7d729533-d6f9-4e2b-abb6-8710a0ccad73','true','userinfo.token.claim'),('82477ed8-8adf-4c91-aded-4386aadfc046','true','access.token.claim'),('82477ed8-8adf-4c91-aded-4386aadfc046','true','id.token.claim'),('82477ed8-8adf-4c91-aded-4386aadfc046','true','introspection.token.claim'),('82477ed8-8adf-4c91-aded-4386aadfc046','country','user.attribute.country'),('82477ed8-8adf-4c91-aded-4386aadfc046','formatted','user.attribute.formatted'),('82477ed8-8adf-4c91-aded-4386aadfc046','locality','user.attribute.locality'),('82477ed8-8adf-4c91-aded-4386aadfc046','postal_code','user.attribute.postal_code'),('82477ed8-8adf-4c91-aded-4386aadfc046','region','user.attribute.region'),('82477ed8-8adf-4c91-aded-4386aadfc046','street','user.attribute.street'),('82477ed8-8adf-4c91-aded-4386aadfc046','true','userinfo.token.claim'),('8364df2d-e451-43e8-8aad-8e50aaa519c5','true','access.token.claim'),('8364df2d-e451-43e8-8aad-8e50aaa519c5','true','id.token.claim'),('8364df2d-e451-43e8-8aad-8e50aaa519c5','true','introspection.token.claim'),('8364df2d-e451-43e8-8aad-8e50aaa519c5','country','user.attribute.country'),('8364df2d-e451-43e8-8aad-8e50aaa519c5','formatted','user.attribute.formatted'),('8364df2d-e451-43e8-8aad-8e50aaa519c5','locality','user.attribute.locality'),('8364df2d-e451-43e8-8aad-8e50aaa519c5','postal_code','user.attribute.postal_code'),('8364df2d-e451-43e8-8aad-8e50aaa519c5','region','user.attribute.region'),('8364df2d-e451-43e8-8aad-8e50aaa519c5','street','user.attribute.street'),('8364df2d-e451-43e8-8aad-8e50aaa519c5','true','userinfo.token.claim'),('841e556c-65ea-421c-a8ec-0c04485e817b','true','access.token.claim'),('841e556c-65ea-421c-a8ec-0c04485e817b','upn','claim.name'),('841e556c-65ea-421c-a8ec-0c04485e817b','true','id.token.claim'),('841e556c-65ea-421c-a8ec-0c04485e817b','true','introspection.token.claim'),('841e556c-65ea-421c-a8ec-0c04485e817b','String','jsonType.label'),('841e556c-65ea-421c-a8ec-0c04485e817b','username','user.attribute'),('841e556c-65ea-421c-a8ec-0c04485e817b','true','userinfo.token.claim'),('85b16db2-0613-4808-8b27-31a03abedcbc','true','access.token.claim'),('85b16db2-0613-4808-8b27-31a03abedcbc','birthdate','claim.name'),('85b16db2-0613-4808-8b27-31a03abedcbc','true','id.token.claim'),('85b16db2-0613-4808-8b27-31a03abedcbc','true','introspection.token.claim'),('85b16db2-0613-4808-8b27-31a03abedcbc','String','jsonType.label'),('85b16db2-0613-4808-8b27-31a03abedcbc','birthdate','user.attribute'),('85b16db2-0613-4808-8b27-31a03abedcbc','true','userinfo.token.claim'),('8874b548-32ee-42bc-917f-6063410f98b0','true','access.token.claim'),('8874b548-32ee-42bc-917f-6063410f98b0','upn','claim.name'),('8874b548-32ee-42bc-917f-6063410f98b0','true','id.token.claim'),('8874b548-32ee-42bc-917f-6063410f98b0','true','introspection.token.claim'),('8874b548-32ee-42bc-917f-6063410f98b0','String','jsonType.label'),('8874b548-32ee-42bc-917f-6063410f98b0','username','user.attribute'),('8874b548-32ee-42bc-917f-6063410f98b0','true','userinfo.token.claim'),('8985b3c3-4b1f-4dc6-91e4-48e6e803362d','true','access.token.claim'),('8985b3c3-4b1f-4dc6-91e4-48e6e803362d','realm_access.roles','claim.name'),('8985b3c3-4b1f-4dc6-91e4-48e6e803362d','true','introspection.token.claim'),('8985b3c3-4b1f-4dc6-91e4-48e6e803362d','String','jsonType.label'),('8985b3c3-4b1f-4dc6-91e4-48e6e803362d','true','multivalued'),('8985b3c3-4b1f-4dc6-91e4-48e6e803362d','foo','user.attribute'),('8b0e5959-f686-4743-ba49-818c2f8af4e0','true','access.token.claim'),('8b0e5959-f686-4743-ba49-818c2f8af4e0','birthdate','claim.name'),('8b0e5959-f686-4743-ba49-818c2f8af4e0','true','id.token.claim'),('8b0e5959-f686-4743-ba49-818c2f8af4e0','true','introspection.token.claim'),('8b0e5959-f686-4743-ba49-818c2f8af4e0','String','jsonType.label'),('8b0e5959-f686-4743-ba49-818c2f8af4e0','birthdate','user.attribute'),('8b0e5959-f686-4743-ba49-818c2f8af4e0','true','userinfo.token.claim'),('8b713d35-e9b9-465a-ace4-821dc34ba5c5','true','access.token.claim'),('8b713d35-e9b9-465a-ace4-821dc34ba5c5','locale','claim.name'),('8b713d35-e9b9-465a-ace4-821dc34ba5c5','true','id.token.claim'),('8b713d35-e9b9-465a-ace4-821dc34ba5c5','true','introspection.token.claim'),('8b713d35-e9b9-465a-ace4-821dc34ba5c5','String','jsonType.label'),('8b713d35-e9b9-465a-ace4-821dc34ba5c5','locale','user.attribute'),('8b713d35-e9b9-465a-ace4-821dc34ba5c5','true','userinfo.token.claim'),('8b71ff75-40d8-451a-ae90-7ed9b282640b','true','access.token.claim'),('8b71ff75-40d8-451a-ae90-7ed9b282640b','resource_access.${client_id}.roles','claim.name'),('8b71ff75-40d8-451a-ae90-7ed9b282640b','true','introspection.token.claim'),('8b71ff75-40d8-451a-ae90-7ed9b282640b','String','jsonType.label'),('8b71ff75-40d8-451a-ae90-7ed9b282640b','true','multivalued'),('8b71ff75-40d8-451a-ae90-7ed9b282640b','foo','user.attribute'),('8ccc19b6-546e-4721-91cb-180811bcf2d2','true','access.token.claim'),('8ccc19b6-546e-4721-91cb-180811bcf2d2','phone_number_verified','claim.name'),('8ccc19b6-546e-4721-91cb-180811bcf2d2','true','id.token.claim'),('8ccc19b6-546e-4721-91cb-180811bcf2d2','true','introspection.token.claim'),('8ccc19b6-546e-4721-91cb-180811bcf2d2','boolean','jsonType.label'),('8ccc19b6-546e-4721-91cb-180811bcf2d2','phoneNumberVerified','user.attribute'),('8ccc19b6-546e-4721-91cb-180811bcf2d2','true','userinfo.token.claim'),('8d3a54be-559d-4a81-9e89-97cbf927521e','true','access.token.claim'),('8d3a54be-559d-4a81-9e89-97cbf927521e','true','introspection.token.claim'),('8dc03bd0-af93-4274-b488-9de8244602d3','true','access.token.claim'),('8dc03bd0-af93-4274-b488-9de8244602d3','locale','claim.name'),('8dc03bd0-af93-4274-b488-9de8244602d3','true','id.token.claim'),('8dc03bd0-af93-4274-b488-9de8244602d3','true','introspection.token.claim'),('8dc03bd0-af93-4274-b488-9de8244602d3','String','jsonType.label'),('8dc03bd0-af93-4274-b488-9de8244602d3','locale','user.attribute'),('8dc03bd0-af93-4274-b488-9de8244602d3','true','userinfo.token.claim'),('8e3c497d-4aa1-4bc7-a851-9a4ea61f6643','true','access.token.claim'),('8e3c497d-4aa1-4bc7-a851-9a4ea61f6643','website','claim.name'),('8e3c497d-4aa1-4bc7-a851-9a4ea61f6643','true','id.token.claim'),('8e3c497d-4aa1-4bc7-a851-9a4ea61f6643','true','introspection.token.claim'),('8e3c497d-4aa1-4bc7-a851-9a4ea61f6643','String','jsonType.label'),('8e3c497d-4aa1-4bc7-a851-9a4ea61f6643','website','user.attribute'),('8e3c497d-4aa1-4bc7-a851-9a4ea61f6643','true','userinfo.token.claim'),('915a845f-9625-49b1-a5c8-4ad0cf9f3586','true','access.token.claim'),('915a845f-9625-49b1-a5c8-4ad0cf9f3586','picture','claim.name'),('915a845f-9625-49b1-a5c8-4ad0cf9f3586','true','id.token.claim'),('915a845f-9625-49b1-a5c8-4ad0cf9f3586','true','introspection.token.claim'),('915a845f-9625-49b1-a5c8-4ad0cf9f3586','String','jsonType.label'),('915a845f-9625-49b1-a5c8-4ad0cf9f3586','picture','user.attribute'),('915a845f-9625-49b1-a5c8-4ad0cf9f3586','true','userinfo.token.claim'),('91da8ec8-d4cd-4dd1-828f-943d914bed1c','Role','attribute.name'),('91da8ec8-d4cd-4dd1-828f-943d914bed1c','Basic','attribute.nameformat'),('91da8ec8-d4cd-4dd1-828f-943d914bed1c','false','single'),('9342d03f-f68a-4874-8de5-bfd49ac55166','true','access.token.claim'),('9342d03f-f68a-4874-8de5-bfd49ac55166','phone_number_verified','claim.name'),('9342d03f-f68a-4874-8de5-bfd49ac55166','true','id.token.claim'),('9342d03f-f68a-4874-8de5-bfd49ac55166','true','introspection.token.claim'),('9342d03f-f68a-4874-8de5-bfd49ac55166','boolean','jsonType.label'),('9342d03f-f68a-4874-8de5-bfd49ac55166','phoneNumberVerified','user.attribute'),('9342d03f-f68a-4874-8de5-bfd49ac55166','true','userinfo.token.claim'),('934ac287-f48a-40b4-ba7a-272dcf2621a6','true','access.token.claim'),('934ac287-f48a-40b4-ba7a-272dcf2621a6','clientHost','claim.name'),('934ac287-f48a-40b4-ba7a-272dcf2621a6','true','id.token.claim'),('934ac287-f48a-40b4-ba7a-272dcf2621a6','String','jsonType.label'),('934ac287-f48a-40b4-ba7a-272dcf2621a6','clientHost','user.session.note'),('934ac287-f48a-40b4-ba7a-272dcf2621a6','true','userinfo.token.claim'),('946a10e9-0bf3-44f5-b5e9-2efd8ac4eba1','true','access.token.claim'),('946a10e9-0bf3-44f5-b5e9-2efd8ac4eba1','true','id.token.claim'),('946a10e9-0bf3-44f5-b5e9-2efd8ac4eba1','true','introspection.token.claim'),('946a10e9-0bf3-44f5-b5e9-2efd8ac4eba1','true','userinfo.token.claim'),('94a30983-b0c9-408a-8bda-77327cbabdb7','true','access.token.claim'),('94a30983-b0c9-408a-8bda-77327cbabdb7','true','introspection.token.claim'),('95bd6c54-2b08-4538-b377-3434f2d451aa','true','access.token.claim'),('95bd6c54-2b08-4538-b377-3434f2d451aa','preferred_username','claim.name'),('95bd6c54-2b08-4538-b377-3434f2d451aa','true','id.token.claim'),('95bd6c54-2b08-4538-b377-3434f2d451aa','true','introspection.token.claim'),('95bd6c54-2b08-4538-b377-3434f2d451aa','String','jsonType.label'),('95bd6c54-2b08-4538-b377-3434f2d451aa','username','user.attribute'),('95bd6c54-2b08-4538-b377-3434f2d451aa','true','userinfo.token.claim'),('9735dd68-926b-4622-9d96-11c5f4dc37d5','true','access.token.claim'),('9735dd68-926b-4622-9d96-11c5f4dc37d5','phone_number_verified','claim.name'),('9735dd68-926b-4622-9d96-11c5f4dc37d5','true','id.token.claim'),('9735dd68-926b-4622-9d96-11c5f4dc37d5','true','introspection.token.claim'),('9735dd68-926b-4622-9d96-11c5f4dc37d5','boolean','jsonType.label'),('9735dd68-926b-4622-9d96-11c5f4dc37d5','phoneNumberVerified','user.attribute'),('9735dd68-926b-4622-9d96-11c5f4dc37d5','true','userinfo.token.claim'),('974be134-5d83-4c66-84b9-f24760c78006','true','access.token.claim'),('974be134-5d83-4c66-84b9-f24760c78006','preferred_username','claim.name'),('974be134-5d83-4c66-84b9-f24760c78006','true','id.token.claim'),('974be134-5d83-4c66-84b9-f24760c78006','true','introspection.token.claim'),('974be134-5d83-4c66-84b9-f24760c78006','String','jsonType.label'),('974be134-5d83-4c66-84b9-f24760c78006','username','user.attribute'),('974be134-5d83-4c66-84b9-f24760c78006','true','userinfo.token.claim'),('9805d875-00b1-44d3-b661-078cd494e242','true','access.token.claim'),('9805d875-00b1-44d3-b661-078cd494e242','clientId','claim.name'),('9805d875-00b1-44d3-b661-078cd494e242','true','id.token.claim'),('9805d875-00b1-44d3-b661-078cd494e242','String','jsonType.label'),('9805d875-00b1-44d3-b661-078cd494e242','clientId','user.session.note'),('9805d875-00b1-44d3-b661-078cd494e242','true','userinfo.token.claim'),('9a63b0a3-40fe-49ff-aa7d-7e99d233d057','true','access.token.claim'),('9a63b0a3-40fe-49ff-aa7d-7e99d233d057','website','claim.name'),('9a63b0a3-40fe-49ff-aa7d-7e99d233d057','true','id.token.claim'),('9a63b0a3-40fe-49ff-aa7d-7e99d233d057','true','introspection.token.claim'),('9a63b0a3-40fe-49ff-aa7d-7e99d233d057','String','jsonType.label'),('9a63b0a3-40fe-49ff-aa7d-7e99d233d057','website','user.attribute'),('9a63b0a3-40fe-49ff-aa7d-7e99d233d057','true','userinfo.token.claim'),('9b6842b6-5fd4-47ac-b8c7-e116f50db27a','true','access.token.claim'),('9b6842b6-5fd4-47ac-b8c7-e116f50db27a','locale','claim.name'),('9b6842b6-5fd4-47ac-b8c7-e116f50db27a','true','id.token.claim'),('9b6842b6-5fd4-47ac-b8c7-e116f50db27a','true','introspection.token.claim'),('9b6842b6-5fd4-47ac-b8c7-e116f50db27a','String','jsonType.label'),('9b6842b6-5fd4-47ac-b8c7-e116f50db27a','locale','user.attribute'),('9b6842b6-5fd4-47ac-b8c7-e116f50db27a','true','userinfo.token.claim'),('9ca01a30-bd1c-4de2-b984-a815c2a3dfa1','true','access.token.claim'),('9ca01a30-bd1c-4de2-b984-a815c2a3dfa1','profile','claim.name'),('9ca01a30-bd1c-4de2-b984-a815c2a3dfa1','true','id.token.claim'),('9ca01a30-bd1c-4de2-b984-a815c2a3dfa1','true','introspection.token.claim'),('9ca01a30-bd1c-4de2-b984-a815c2a3dfa1','String','jsonType.label'),('9ca01a30-bd1c-4de2-b984-a815c2a3dfa1','profile','user.attribute'),('9ca01a30-bd1c-4de2-b984-a815c2a3dfa1','true','userinfo.token.claim'),('9d6f5d7c-4415-46cc-9a86-9754de5952ba','true','access.token.claim'),('9d6f5d7c-4415-46cc-9a86-9754de5952ba','resource_access.${client_id}.roles','claim.name'),('9d6f5d7c-4415-46cc-9a86-9754de5952ba','true','introspection.token.claim'),('9d6f5d7c-4415-46cc-9a86-9754de5952ba','String','jsonType.label'),('9d6f5d7c-4415-46cc-9a86-9754de5952ba','true','multivalued'),('9d6f5d7c-4415-46cc-9a86-9754de5952ba','foo','user.attribute'),('9e40a60d-388b-45b9-8d26-34aec98339e9','true','access.token.claim'),('9e40a60d-388b-45b9-8d26-34aec98339e9','zoneinfo','claim.name'),('9e40a60d-388b-45b9-8d26-34aec98339e9','true','id.token.claim'),('9e40a60d-388b-45b9-8d26-34aec98339e9','true','introspection.token.claim'),('9e40a60d-388b-45b9-8d26-34aec98339e9','String','jsonType.label'),('9e40a60d-388b-45b9-8d26-34aec98339e9','zoneinfo','user.attribute'),('9e40a60d-388b-45b9-8d26-34aec98339e9','true','userinfo.token.claim'),('9e7fbfe1-3476-4db2-80a8-91fd87590a89','true','access.token.claim'),('9e7fbfe1-3476-4db2-80a8-91fd87590a89','clientAddress','claim.name'),('9e7fbfe1-3476-4db2-80a8-91fd87590a89','true','id.token.claim'),('9e7fbfe1-3476-4db2-80a8-91fd87590a89','String','jsonType.label'),('9e7fbfe1-3476-4db2-80a8-91fd87590a89','clientAddress','user.session.note'),('9e7fbfe1-3476-4db2-80a8-91fd87590a89','true','userinfo.token.claim'),('9f1d5351-7c21-4f9c-bc47-16a12f0aee6f','true','access.token.claim'),('9f1d5351-7c21-4f9c-bc47-16a12f0aee6f','profile','claim.name'),('9f1d5351-7c21-4f9c-bc47-16a12f0aee6f','true','id.token.claim'),('9f1d5351-7c21-4f9c-bc47-16a12f0aee6f','true','introspection.token.claim'),('9f1d5351-7c21-4f9c-bc47-16a12f0aee6f','String','jsonType.label'),('9f1d5351-7c21-4f9c-bc47-16a12f0aee6f','profile','user.attribute'),('9f1d5351-7c21-4f9c-bc47-16a12f0aee6f','true','userinfo.token.claim'),('9f3fc6dc-2f0d-4545-b2f5-c3feeef02e56','true','access.token.claim'),('9f3fc6dc-2f0d-4545-b2f5-c3feeef02e56','phone_number','claim.name'),('9f3fc6dc-2f0d-4545-b2f5-c3feeef02e56','true','id.token.claim'),('9f3fc6dc-2f0d-4545-b2f5-c3feeef02e56','true','introspection.token.claim'),('9f3fc6dc-2f0d-4545-b2f5-c3feeef02e56','String','jsonType.label'),('9f3fc6dc-2f0d-4545-b2f5-c3feeef02e56','phoneNumber','user.attribute'),('9f3fc6dc-2f0d-4545-b2f5-c3feeef02e56','true','userinfo.token.claim'),('a030b75c-253e-4951-ad44-cabf5e90cfd3','Role','attribute.name'),('a030b75c-253e-4951-ad44-cabf5e90cfd3','Basic','attribute.nameformat'),('a030b75c-253e-4951-ad44-cabf5e90cfd3','false','single'),('a24ba434-ca7c-4e06-8be5-f5d0f54345b6','true','access.token.claim'),('a24ba434-ca7c-4e06-8be5-f5d0f54345b6','clientId','claim.name'),('a24ba434-ca7c-4e06-8be5-f5d0f54345b6','true','id.token.claim'),('a24ba434-ca7c-4e06-8be5-f5d0f54345b6','String','jsonType.label'),('a24ba434-ca7c-4e06-8be5-f5d0f54345b6','clientId','user.session.note'),('a24ba434-ca7c-4e06-8be5-f5d0f54345b6','true','userinfo.token.claim'),('a322619e-dd7a-408e-8ccd-d0db8c7c5a0d','true','access.token.claim'),('a322619e-dd7a-408e-8ccd-d0db8c7c5a0d','realm_access.roles','claim.name'),('a322619e-dd7a-408e-8ccd-d0db8c7c5a0d','true','introspection.token.claim'),('a322619e-dd7a-408e-8ccd-d0db8c7c5a0d','String','jsonType.label'),('a322619e-dd7a-408e-8ccd-d0db8c7c5a0d','true','multivalued'),('a322619e-dd7a-408e-8ccd-d0db8c7c5a0d','foo','user.attribute'),('a447a4b1-50ee-4411-abe4-7474a296f15c','true','access.token.claim'),('a447a4b1-50ee-4411-abe4-7474a296f15c','clientHost','claim.name'),('a447a4b1-50ee-4411-abe4-7474a296f15c','true','id.token.claim'),('a447a4b1-50ee-4411-abe4-7474a296f15c','String','jsonType.label'),('a447a4b1-50ee-4411-abe4-7474a296f15c','clientHost','user.session.note'),('a447a4b1-50ee-4411-abe4-7474a296f15c','true','userinfo.token.claim'),('a4f8ee84-5d5f-4260-8d7e-294025b3065e','true','access.token.claim'),('a4f8ee84-5d5f-4260-8d7e-294025b3065e','clientId','claim.name'),('a4f8ee84-5d5f-4260-8d7e-294025b3065e','true','id.token.claim'),('a4f8ee84-5d5f-4260-8d7e-294025b3065e','String','jsonType.label'),('a4f8ee84-5d5f-4260-8d7e-294025b3065e','clientId','user.session.note'),('a4f8ee84-5d5f-4260-8d7e-294025b3065e','true','userinfo.token.claim'),('a79d6be4-e01c-470f-bbc6-2897516c42b8','true','access.token.claim'),('a79d6be4-e01c-470f-bbc6-2897516c42b8','family_name','claim.name'),('a79d6be4-e01c-470f-bbc6-2897516c42b8','true','id.token.claim'),('a79d6be4-e01c-470f-bbc6-2897516c42b8','true','introspection.token.claim'),('a79d6be4-e01c-470f-bbc6-2897516c42b8','String','jsonType.label'),('a79d6be4-e01c-470f-bbc6-2897516c42b8','lastName','user.attribute'),('a79d6be4-e01c-470f-bbc6-2897516c42b8','true','userinfo.token.claim'),('aa277862-d3c4-4901-96d1-170bb745d12e','true','access.token.claim'),('aa277862-d3c4-4901-96d1-170bb745d12e','zoneinfo','claim.name'),('aa277862-d3c4-4901-96d1-170bb745d12e','true','id.token.claim'),('aa277862-d3c4-4901-96d1-170bb745d12e','true','introspection.token.claim'),('aa277862-d3c4-4901-96d1-170bb745d12e','String','jsonType.label'),('aa277862-d3c4-4901-96d1-170bb745d12e','zoneinfo','user.attribute'),('aa277862-d3c4-4901-96d1-170bb745d12e','true','userinfo.token.claim'),('abe89817-3891-43aa-b6ed-131c812bf8f9','true','access.token.claim'),('abe89817-3891-43aa-b6ed-131c812bf8f9','website','claim.name'),('abe89817-3891-43aa-b6ed-131c812bf8f9','true','id.token.claim'),('abe89817-3891-43aa-b6ed-131c812bf8f9','true','introspection.token.claim'),('abe89817-3891-43aa-b6ed-131c812bf8f9','String','jsonType.label'),('abe89817-3891-43aa-b6ed-131c812bf8f9','website','user.attribute'),('abe89817-3891-43aa-b6ed-131c812bf8f9','true','userinfo.token.claim'),('af5be5b5-88eb-459c-a37b-df1895da8fa2','true','access.token.claim'),('af5be5b5-88eb-459c-a37b-df1895da8fa2','updated_at','claim.name'),('af5be5b5-88eb-459c-a37b-df1895da8fa2','true','id.token.claim'),('af5be5b5-88eb-459c-a37b-df1895da8fa2','true','introspection.token.claim'),('af5be5b5-88eb-459c-a37b-df1895da8fa2','long','jsonType.label'),('af5be5b5-88eb-459c-a37b-df1895da8fa2','updatedAt','user.attribute'),('af5be5b5-88eb-459c-a37b-df1895da8fa2','true','userinfo.token.claim'),('b09e3b00-3ad6-4b57-b3e8-b8a9d67035af','true','access.token.claim'),('b09e3b00-3ad6-4b57-b3e8-b8a9d67035af','locale','claim.name'),('b09e3b00-3ad6-4b57-b3e8-b8a9d67035af','true','id.token.claim'),('b09e3b00-3ad6-4b57-b3e8-b8a9d67035af','true','introspection.token.claim'),('b09e3b00-3ad6-4b57-b3e8-b8a9d67035af','String','jsonType.label'),('b09e3b00-3ad6-4b57-b3e8-b8a9d67035af','locale','user.attribute'),('b09e3b00-3ad6-4b57-b3e8-b8a9d67035af','true','userinfo.token.claim'),('b2e30bee-86fa-4218-8f0c-b1a52cebc4f4','true','access.token.claim'),('b2e30bee-86fa-4218-8f0c-b1a52cebc4f4','updated_at','claim.name'),('b2e30bee-86fa-4218-8f0c-b1a52cebc4f4','true','id.token.claim'),('b2e30bee-86fa-4218-8f0c-b1a52cebc4f4','true','introspection.token.claim'),('b2e30bee-86fa-4218-8f0c-b1a52cebc4f4','long','jsonType.label'),('b2e30bee-86fa-4218-8f0c-b1a52cebc4f4','updatedAt','user.attribute'),('b2e30bee-86fa-4218-8f0c-b1a52cebc4f4','true','userinfo.token.claim'),('b4461353-bb1b-4b54-a50b-8078315ca1d0','true','access.token.claim'),('b4461353-bb1b-4b54-a50b-8078315ca1d0','realm_access.roles','claim.name'),('b4461353-bb1b-4b54-a50b-8078315ca1d0','true','introspection.token.claim'),('b4461353-bb1b-4b54-a50b-8078315ca1d0','String','jsonType.label'),('b4461353-bb1b-4b54-a50b-8078315ca1d0','true','multivalued'),('b4461353-bb1b-4b54-a50b-8078315ca1d0','foo','user.attribute'),('b579d417-1eff-4752-802b-7f739e5e27e1','true','access.token.claim'),('b579d417-1eff-4752-802b-7f739e5e27e1','email_verified','claim.name'),('b579d417-1eff-4752-802b-7f739e5e27e1','true','id.token.claim'),('b579d417-1eff-4752-802b-7f739e5e27e1','true','introspection.token.claim'),('b579d417-1eff-4752-802b-7f739e5e27e1','boolean','jsonType.label'),('b579d417-1eff-4752-802b-7f739e5e27e1','emailVerified','user.attribute'),('b579d417-1eff-4752-802b-7f739e5e27e1','true','userinfo.token.claim'),('be13adfd-741e-4707-aa31-6c904c9f21e0','true','access.token.claim'),('be13adfd-741e-4707-aa31-6c904c9f21e0','groups','claim.name'),('be13adfd-741e-4707-aa31-6c904c9f21e0','true','id.token.claim'),('be13adfd-741e-4707-aa31-6c904c9f21e0','true','introspection.token.claim'),('be13adfd-741e-4707-aa31-6c904c9f21e0','String','jsonType.label'),('be13adfd-741e-4707-aa31-6c904c9f21e0','true','multivalued'),('be13adfd-741e-4707-aa31-6c904c9f21e0','foo','user.attribute'),('bf1186c2-4c2b-4245-949d-420ae9e1871c','true','access.token.claim'),('bf1186c2-4c2b-4245-949d-420ae9e1871c','zoneinfo','claim.name'),('bf1186c2-4c2b-4245-949d-420ae9e1871c','true','id.token.claim'),('bf1186c2-4c2b-4245-949d-420ae9e1871c','true','introspection.token.claim'),('bf1186c2-4c2b-4245-949d-420ae9e1871c','String','jsonType.label'),('bf1186c2-4c2b-4245-949d-420ae9e1871c','zoneinfo','user.attribute'),('bf1186c2-4c2b-4245-949d-420ae9e1871c','true','userinfo.token.claim'),('c44f5e10-37d1-4c37-ba53-a9f05504880a','true','access.token.claim'),('c44f5e10-37d1-4c37-ba53-a9f05504880a','locale','claim.name'),('c44f5e10-37d1-4c37-ba53-a9f05504880a','true','id.token.claim'),('c44f5e10-37d1-4c37-ba53-a9f05504880a','true','introspection.token.claim'),('c44f5e10-37d1-4c37-ba53-a9f05504880a','String','jsonType.label'),('c44f5e10-37d1-4c37-ba53-a9f05504880a','locale','user.attribute'),('c44f5e10-37d1-4c37-ba53-a9f05504880a','true','userinfo.token.claim'),('c57df8cb-38a6-4e5d-aa6c-ab90ae0c0d95','true','access.token.claim'),('c57df8cb-38a6-4e5d-aa6c-ab90ae0c0d95','nickname','claim.name'),('c57df8cb-38a6-4e5d-aa6c-ab90ae0c0d95','true','id.token.claim'),('c57df8cb-38a6-4e5d-aa6c-ab90ae0c0d95','true','introspection.token.claim'),('c57df8cb-38a6-4e5d-aa6c-ab90ae0c0d95','String','jsonType.label'),('c57df8cb-38a6-4e5d-aa6c-ab90ae0c0d95','nickname','user.attribute'),('c57df8cb-38a6-4e5d-aa6c-ab90ae0c0d95','true','userinfo.token.claim'),('c63e8f3e-f190-4b55-8e5f-128061eae9c8','true','access.token.claim'),('c63e8f3e-f190-4b55-8e5f-128061eae9c8','given_name','claim.name'),('c63e8f3e-f190-4b55-8e5f-128061eae9c8','true','id.token.claim'),('c63e8f3e-f190-4b55-8e5f-128061eae9c8','true','introspection.token.claim'),('c63e8f3e-f190-4b55-8e5f-128061eae9c8','String','jsonType.label'),('c63e8f3e-f190-4b55-8e5f-128061eae9c8','firstName','user.attribute'),('c63e8f3e-f190-4b55-8e5f-128061eae9c8','true','userinfo.token.claim'),('c67e1f6b-350a-4a18-ba33-755fb537203d','true','access.token.claim'),('c67e1f6b-350a-4a18-ba33-755fb537203d','locale','claim.name'),('c67e1f6b-350a-4a18-ba33-755fb537203d','true','id.token.claim'),('c67e1f6b-350a-4a18-ba33-755fb537203d','true','introspection.token.claim'),('c67e1f6b-350a-4a18-ba33-755fb537203d','String','jsonType.label'),('c67e1f6b-350a-4a18-ba33-755fb537203d','locale','user.attribute'),('c67e1f6b-350a-4a18-ba33-755fb537203d','true','userinfo.token.claim'),('c7e9441c-5032-4f2e-9e21-6b40f2dd9517','true','access.token.claim'),('c7e9441c-5032-4f2e-9e21-6b40f2dd9517','birthdate','claim.name'),('c7e9441c-5032-4f2e-9e21-6b40f2dd9517','true','id.token.claim'),('c7e9441c-5032-4f2e-9e21-6b40f2dd9517','true','introspection.token.claim'),('c7e9441c-5032-4f2e-9e21-6b40f2dd9517','String','jsonType.label'),('c7e9441c-5032-4f2e-9e21-6b40f2dd9517','birthdate','user.attribute'),('c7e9441c-5032-4f2e-9e21-6b40f2dd9517','true','userinfo.token.claim'),('c8302401-844c-4bd0-95ba-58ba58520ea8','true','access.token.claim'),('c8302401-844c-4bd0-95ba-58ba58520ea8','updated_at','claim.name'),('c8302401-844c-4bd0-95ba-58ba58520ea8','true','id.token.claim'),('c8302401-844c-4bd0-95ba-58ba58520ea8','true','introspection.token.claim'),('c8302401-844c-4bd0-95ba-58ba58520ea8','long','jsonType.label'),('c8302401-844c-4bd0-95ba-58ba58520ea8','updatedAt','user.attribute'),('c8302401-844c-4bd0-95ba-58ba58520ea8','true','userinfo.token.claim'),('c8749975-6e9c-4113-a2e0-7f8b8f83b8c6','true','access.token.claim'),('c8749975-6e9c-4113-a2e0-7f8b8f83b8c6','nickname','claim.name'),('c8749975-6e9c-4113-a2e0-7f8b8f83b8c6','true','id.token.claim'),('c8749975-6e9c-4113-a2e0-7f8b8f83b8c6','true','introspection.token.claim'),('c8749975-6e9c-4113-a2e0-7f8b8f83b8c6','String','jsonType.label'),('c8749975-6e9c-4113-a2e0-7f8b8f83b8c6','nickname','user.attribute'),('c8749975-6e9c-4113-a2e0-7f8b8f83b8c6','true','userinfo.token.claim'),('c8f610e6-1802-41a3-8669-2d5b7d706da0','true','access.token.claim'),('c8f610e6-1802-41a3-8669-2d5b7d706da0','picture','claim.name'),('c8f610e6-1802-41a3-8669-2d5b7d706da0','true','id.token.claim'),('c8f610e6-1802-41a3-8669-2d5b7d706da0','true','introspection.token.claim'),('c8f610e6-1802-41a3-8669-2d5b7d706da0','String','jsonType.label'),('c8f610e6-1802-41a3-8669-2d5b7d706da0','picture','user.attribute'),('c8f610e6-1802-41a3-8669-2d5b7d706da0','true','userinfo.token.claim'),('cac5e064-f73c-4d8f-91ab-f0978f83cb2d','true','access.token.claim'),('cac5e064-f73c-4d8f-91ab-f0978f83cb2d','locale','claim.name'),('cac5e064-f73c-4d8f-91ab-f0978f83cb2d','true','id.token.claim'),('cac5e064-f73c-4d8f-91ab-f0978f83cb2d','true','introspection.token.claim'),('cac5e064-f73c-4d8f-91ab-f0978f83cb2d','String','jsonType.label'),('cac5e064-f73c-4d8f-91ab-f0978f83cb2d','locale','user.attribute'),('cac5e064-f73c-4d8f-91ab-f0978f83cb2d','true','userinfo.token.claim'),('cb5b1b5f-7e42-4a9d-9e6f-fecdc3386319','true','access.token.claim'),('cb5b1b5f-7e42-4a9d-9e6f-fecdc3386319','true','id.token.claim'),('cb5b1b5f-7e42-4a9d-9e6f-fecdc3386319','true','introspection.token.claim'),('cb5b1b5f-7e42-4a9d-9e6f-fecdc3386319','true','userinfo.token.claim'),('ccd1db4d-b435-4fbb-aeb5-6be6740f80a1','true','access.token.claim'),('ccd1db4d-b435-4fbb-aeb5-6be6740f80a1','groups','claim.name'),('ccd1db4d-b435-4fbb-aeb5-6be6740f80a1','true','id.token.claim'),('ccd1db4d-b435-4fbb-aeb5-6be6740f80a1','true','introspection.token.claim'),('ccd1db4d-b435-4fbb-aeb5-6be6740f80a1','String','jsonType.label'),('ccd1db4d-b435-4fbb-aeb5-6be6740f80a1','true','multivalued'),('ccd1db4d-b435-4fbb-aeb5-6be6740f80a1','foo','user.attribute'),('ce2571aa-b3e8-401b-aa75-d111cb8990aa','true','access.token.claim'),('ce2571aa-b3e8-401b-aa75-d111cb8990aa','email_verified','claim.name'),('ce2571aa-b3e8-401b-aa75-d111cb8990aa','true','id.token.claim'),('ce2571aa-b3e8-401b-aa75-d111cb8990aa','true','introspection.token.claim'),('ce2571aa-b3e8-401b-aa75-d111cb8990aa','boolean','jsonType.label'),('ce2571aa-b3e8-401b-aa75-d111cb8990aa','emailVerified','user.attribute'),('ce2571aa-b3e8-401b-aa75-d111cb8990aa','true','userinfo.token.claim'),('d09b7c3a-55c6-4d0c-948a-f84a7d85c59e','true','access.token.claim'),('d09b7c3a-55c6-4d0c-948a-f84a7d85c59e','realm_access.roles','claim.name'),('d09b7c3a-55c6-4d0c-948a-f84a7d85c59e','true','introspection.token.claim'),('d09b7c3a-55c6-4d0c-948a-f84a7d85c59e','String','jsonType.label'),('d09b7c3a-55c6-4d0c-948a-f84a7d85c59e','true','multivalued'),('d09b7c3a-55c6-4d0c-948a-f84a7d85c59e','foo','user.attribute'),('d19d0c43-d5d5-41d6-bee8-c690a3144537','true','access.token.claim'),('d19d0c43-d5d5-41d6-bee8-c690a3144537','true','id.token.claim'),('d19d0c43-d5d5-41d6-bee8-c690a3144537','true','introspection.token.claim'),('d19d0c43-d5d5-41d6-bee8-c690a3144537','true','userinfo.token.claim'),('d4844edb-20b1-466c-97ad-ed41b895dc62','true','access.token.claim'),('d4844edb-20b1-466c-97ad-ed41b895dc62','picture','claim.name'),('d4844edb-20b1-466c-97ad-ed41b895dc62','true','id.token.claim'),('d4844edb-20b1-466c-97ad-ed41b895dc62','true','introspection.token.claim'),('d4844edb-20b1-466c-97ad-ed41b895dc62','String','jsonType.label'),('d4844edb-20b1-466c-97ad-ed41b895dc62','picture','user.attribute'),('d4844edb-20b1-466c-97ad-ed41b895dc62','true','userinfo.token.claim'),('d7052cb1-0c49-4497-82e7-50eb90fa9fc0','true','access.token.claim'),('d7052cb1-0c49-4497-82e7-50eb90fa9fc0','resource_access.${client_id}.roles','claim.name'),('d7052cb1-0c49-4497-82e7-50eb90fa9fc0','true','introspection.token.claim'),('d7052cb1-0c49-4497-82e7-50eb90fa9fc0','String','jsonType.label'),('d7052cb1-0c49-4497-82e7-50eb90fa9fc0','true','multivalued'),('d7052cb1-0c49-4497-82e7-50eb90fa9fc0','foo','user.attribute'),('d7e38cad-0b80-4dcc-9c99-3f670c614401','true','access.token.claim'),('d7e38cad-0b80-4dcc-9c99-3f670c614401','phone_number_verified','claim.name'),('d7e38cad-0b80-4dcc-9c99-3f670c614401','true','id.token.claim'),('d7e38cad-0b80-4dcc-9c99-3f670c614401','true','introspection.token.claim'),('d7e38cad-0b80-4dcc-9c99-3f670c614401','boolean','jsonType.label'),('d7e38cad-0b80-4dcc-9c99-3f670c614401','phoneNumberVerified','user.attribute'),('d7e38cad-0b80-4dcc-9c99-3f670c614401','true','userinfo.token.claim'),('d87deff4-d8d5-4259-9b36-501aeb200868','true','access.token.claim'),('d87deff4-d8d5-4259-9b36-501aeb200868','family_name','claim.name'),('d87deff4-d8d5-4259-9b36-501aeb200868','true','id.token.claim'),('d87deff4-d8d5-4259-9b36-501aeb200868','true','introspection.token.claim'),('d87deff4-d8d5-4259-9b36-501aeb200868','String','jsonType.label'),('d87deff4-d8d5-4259-9b36-501aeb200868','lastName','user.attribute'),('d87deff4-d8d5-4259-9b36-501aeb200868','true','userinfo.token.claim'),('d8dba8f6-eb40-42c7-acfd-cfee903693d5','true','access.token.claim'),('d8dba8f6-eb40-42c7-acfd-cfee903693d5','middle_name','claim.name'),('d8dba8f6-eb40-42c7-acfd-cfee903693d5','true','id.token.claim'),('d8dba8f6-eb40-42c7-acfd-cfee903693d5','true','introspection.token.claim'),('d8dba8f6-eb40-42c7-acfd-cfee903693d5','String','jsonType.label'),('d8dba8f6-eb40-42c7-acfd-cfee903693d5','middleName','user.attribute'),('d8dba8f6-eb40-42c7-acfd-cfee903693d5','true','userinfo.token.claim'),('d9283e34-4b63-46da-b735-eb6f296b4225','true','access.token.claim'),('d9283e34-4b63-46da-b735-eb6f296b4225','middle_name','claim.name'),('d9283e34-4b63-46da-b735-eb6f296b4225','true','id.token.claim'),('d9283e34-4b63-46da-b735-eb6f296b4225','true','introspection.token.claim'),('d9283e34-4b63-46da-b735-eb6f296b4225','String','jsonType.label'),('d9283e34-4b63-46da-b735-eb6f296b4225','middleName','user.attribute'),('d9283e34-4b63-46da-b735-eb6f296b4225','true','userinfo.token.claim'),('d9580003-87c1-4db6-8bdb-013421dc61bb','true','access.token.claim'),('d9580003-87c1-4db6-8bdb-013421dc61bb','updated_at','claim.name'),('d9580003-87c1-4db6-8bdb-013421dc61bb','true','id.token.claim'),('d9580003-87c1-4db6-8bdb-013421dc61bb','true','introspection.token.claim'),('d9580003-87c1-4db6-8bdb-013421dc61bb','long','jsonType.label'),('d9580003-87c1-4db6-8bdb-013421dc61bb','updatedAt','user.attribute'),('d9580003-87c1-4db6-8bdb-013421dc61bb','true','userinfo.token.claim'),('da48b168-4e04-48b5-8ac9-b4078caa76de','true','access.token.claim'),('da48b168-4e04-48b5-8ac9-b4078caa76de','locale','claim.name'),('da48b168-4e04-48b5-8ac9-b4078caa76de','true','id.token.claim'),('da48b168-4e04-48b5-8ac9-b4078caa76de','true','introspection.token.claim'),('da48b168-4e04-48b5-8ac9-b4078caa76de','String','jsonType.label'),('da48b168-4e04-48b5-8ac9-b4078caa76de','locale','user.attribute'),('da48b168-4e04-48b5-8ac9-b4078caa76de','true','userinfo.token.claim'),('dc062081-05c0-41b7-b40c-47da609246bf','true','access.token.claim'),('dc062081-05c0-41b7-b40c-47da609246bf','picture','claim.name'),('dc062081-05c0-41b7-b40c-47da609246bf','true','id.token.claim'),('dc062081-05c0-41b7-b40c-47da609246bf','true','introspection.token.claim'),('dc062081-05c0-41b7-b40c-47da609246bf','String','jsonType.label'),('dc062081-05c0-41b7-b40c-47da609246bf','picture','user.attribute'),('dc062081-05c0-41b7-b40c-47da609246bf','true','userinfo.token.claim'),('de043718-b683-4582-9929-0808891078c2','true','access.token.claim'),('de043718-b683-4582-9929-0808891078c2','email','claim.name'),('de043718-b683-4582-9929-0808891078c2','true','id.token.claim'),('de043718-b683-4582-9929-0808891078c2','true','introspection.token.claim'),('de043718-b683-4582-9929-0808891078c2','String','jsonType.label'),('de043718-b683-4582-9929-0808891078c2','email','user.attribute'),('de043718-b683-4582-9929-0808891078c2','true','userinfo.token.claim'),('e3a5b320-f219-4248-b42b-4b570627fa5f','true','access.token.claim'),('e3a5b320-f219-4248-b42b-4b570627fa5f','upn','claim.name'),('e3a5b320-f219-4248-b42b-4b570627fa5f','true','id.token.claim'),('e3a5b320-f219-4248-b42b-4b570627fa5f','true','introspection.token.claim'),('e3a5b320-f219-4248-b42b-4b570627fa5f','String','jsonType.label'),('e3a5b320-f219-4248-b42b-4b570627fa5f','username','user.attribute'),('e3a5b320-f219-4248-b42b-4b570627fa5f','true','userinfo.token.claim'),('e73ba3b4-4d74-4135-9b07-5db58837c6fc','true','access.token.claim'),('e73ba3b4-4d74-4135-9b07-5db58837c6fc','phone_number','claim.name'),('e73ba3b4-4d74-4135-9b07-5db58837c6fc','true','id.token.claim'),('e73ba3b4-4d74-4135-9b07-5db58837c6fc','true','introspection.token.claim'),('e73ba3b4-4d74-4135-9b07-5db58837c6fc','String','jsonType.label'),('e73ba3b4-4d74-4135-9b07-5db58837c6fc','phoneNumber','user.attribute'),('e73ba3b4-4d74-4135-9b07-5db58837c6fc','true','userinfo.token.claim'),('eb3682f4-8139-4f94-b8b5-4e48f3843221','true','access.token.claim'),('eb3682f4-8139-4f94-b8b5-4e48f3843221','true','id.token.claim'),('eb3682f4-8139-4f94-b8b5-4e48f3843221','true','introspection.token.claim'),('eb3682f4-8139-4f94-b8b5-4e48f3843221','true','userinfo.token.claim'),('ebdb3dfa-4c75-40f1-9be6-9036c2391c17','true','access.token.claim'),('ebdb3dfa-4c75-40f1-9be6-9036c2391c17','gender','claim.name'),('ebdb3dfa-4c75-40f1-9be6-9036c2391c17','true','id.token.claim'),('ebdb3dfa-4c75-40f1-9be6-9036c2391c17','true','introspection.token.claim'),('ebdb3dfa-4c75-40f1-9be6-9036c2391c17','String','jsonType.label'),('ebdb3dfa-4c75-40f1-9be6-9036c2391c17','gender','user.attribute'),('ebdb3dfa-4c75-40f1-9be6-9036c2391c17','true','userinfo.token.claim'),('ec361692-ea69-437d-90f8-4dd6cb983979','true','access.token.claim'),('ec361692-ea69-437d-90f8-4dd6cb983979','email','claim.name'),('ec361692-ea69-437d-90f8-4dd6cb983979','true','id.token.claim'),('ec361692-ea69-437d-90f8-4dd6cb983979','true','introspection.token.claim'),('ec361692-ea69-437d-90f8-4dd6cb983979','String','jsonType.label'),('ec361692-ea69-437d-90f8-4dd6cb983979','email','user.attribute'),('ec361692-ea69-437d-90f8-4dd6cb983979','true','userinfo.token.claim'),('ec3c23f3-6224-43e4-a73d-cbe2ade44574','true','access.token.claim'),('ec3c23f3-6224-43e4-a73d-cbe2ade44574','email','claim.name'),('ec3c23f3-6224-43e4-a73d-cbe2ade44574','true','id.token.claim'),('ec3c23f3-6224-43e4-a73d-cbe2ade44574','true','introspection.token.claim'),('ec3c23f3-6224-43e4-a73d-cbe2ade44574','String','jsonType.label'),('ec3c23f3-6224-43e4-a73d-cbe2ade44574','email','user.attribute'),('ec3c23f3-6224-43e4-a73d-cbe2ade44574','true','userinfo.token.claim'),('ef8cd680-ccc1-434b-a0b6-1e8f9692ae7a','true','access.token.claim'),('ef8cd680-ccc1-434b-a0b6-1e8f9692ae7a','true','id.token.claim'),('ef8cd680-ccc1-434b-a0b6-1e8f9692ae7a','true','introspection.token.claim'),('f17d6760-cebd-4087-8aff-06e684214254','true','access.token.claim'),('f17d6760-cebd-4087-8aff-06e684214254','given_name','claim.name'),('f17d6760-cebd-4087-8aff-06e684214254','true','id.token.claim'),('f17d6760-cebd-4087-8aff-06e684214254','true','introspection.token.claim'),('f17d6760-cebd-4087-8aff-06e684214254','String','jsonType.label'),('f17d6760-cebd-4087-8aff-06e684214254','firstName','user.attribute'),('f17d6760-cebd-4087-8aff-06e684214254','true','userinfo.token.claim'),('f2193fef-6af0-4ded-83bd-ca057a2f6703','true','access.token.claim'),('f2193fef-6af0-4ded-83bd-ca057a2f6703','middle_name','claim.name'),('f2193fef-6af0-4ded-83bd-ca057a2f6703','true','id.token.claim'),('f2193fef-6af0-4ded-83bd-ca057a2f6703','true','introspection.token.claim'),('f2193fef-6af0-4ded-83bd-ca057a2f6703','String','jsonType.label'),('f2193fef-6af0-4ded-83bd-ca057a2f6703','middleName','user.attribute'),('f2193fef-6af0-4ded-83bd-ca057a2f6703','true','userinfo.token.claim'),('f37a8d7d-3d51-40ea-9e8a-7fe4e6fd98a0','true','access.token.claim'),('f37a8d7d-3d51-40ea-9e8a-7fe4e6fd98a0','email_verified','claim.name'),('f37a8d7d-3d51-40ea-9e8a-7fe4e6fd98a0','true','id.token.claim'),('f37a8d7d-3d51-40ea-9e8a-7fe4e6fd98a0','true','introspection.token.claim'),('f37a8d7d-3d51-40ea-9e8a-7fe4e6fd98a0','boolean','jsonType.label'),('f37a8d7d-3d51-40ea-9e8a-7fe4e6fd98a0','emailVerified','user.attribute'),('f37a8d7d-3d51-40ea-9e8a-7fe4e6fd98a0','true','userinfo.token.claim'),('f5d14783-b24a-499f-a6cc-4723aed9b1e2','true','access.token.claim'),('f5d14783-b24a-499f-a6cc-4723aed9b1e2','true','introspection.token.claim'),('f7c5bf83-03ac-47b6-8938-5c26a4d4fa97','true','access.token.claim'),('f7c5bf83-03ac-47b6-8938-5c26a4d4fa97','groups','claim.name'),('f7c5bf83-03ac-47b6-8938-5c26a4d4fa97','true','id.token.claim'),('f7c5bf83-03ac-47b6-8938-5c26a4d4fa97','true','introspection.token.claim'),('f7c5bf83-03ac-47b6-8938-5c26a4d4fa97','String','jsonType.label'),('f7c5bf83-03ac-47b6-8938-5c26a4d4fa97','true','multivalued'),('f7c5bf83-03ac-47b6-8938-5c26a4d4fa97','foo','user.attribute'),('f818bf71-f4b1-480f-907a-2e09ad24d5f6','true','access.token.claim'),('f818bf71-f4b1-480f-907a-2e09ad24d5f6','phone_number_verified','claim.name'),('f818bf71-f4b1-480f-907a-2e09ad24d5f6','true','id.token.claim'),('f818bf71-f4b1-480f-907a-2e09ad24d5f6','true','introspection.token.claim'),('f818bf71-f4b1-480f-907a-2e09ad24d5f6','boolean','jsonType.label'),('f818bf71-f4b1-480f-907a-2e09ad24d5f6','phoneNumberVerified','user.attribute'),('f818bf71-f4b1-480f-907a-2e09ad24d5f6','true','userinfo.token.claim'),('f899bff8-f8fd-4b4d-9b96-627db73f0fcd','true','access.token.claim'),('f899bff8-f8fd-4b4d-9b96-627db73f0fcd','profile','claim.name'),('f899bff8-f8fd-4b4d-9b96-627db73f0fcd','true','id.token.claim'),('f899bff8-f8fd-4b4d-9b96-627db73f0fcd','true','introspection.token.claim'),('f899bff8-f8fd-4b4d-9b96-627db73f0fcd','String','jsonType.label'),('f899bff8-f8fd-4b4d-9b96-627db73f0fcd','profile','user.attribute'),('f899bff8-f8fd-4b4d-9b96-627db73f0fcd','true','userinfo.token.claim'),('f8c0534c-baf6-4657-b636-e809a665301a','true','access.token.claim'),('f8c0534c-baf6-4657-b636-e809a665301a','family_name','claim.name'),('f8c0534c-baf6-4657-b636-e809a665301a','true','id.token.claim'),('f8c0534c-baf6-4657-b636-e809a665301a','true','introspection.token.claim'),('f8c0534c-baf6-4657-b636-e809a665301a','String','jsonType.label'),('f8c0534c-baf6-4657-b636-e809a665301a','lastName','user.attribute'),('f8c0534c-baf6-4657-b636-e809a665301a','true','userinfo.token.claim'),('fa24ee32-1e34-4984-985a-d1de13bfcb3b','true','access.token.claim'),('fa24ee32-1e34-4984-985a-d1de13bfcb3b','phone_number','claim.name'),('fa24ee32-1e34-4984-985a-d1de13bfcb3b','true','id.token.claim'),('fa24ee32-1e34-4984-985a-d1de13bfcb3b','true','introspection.token.claim'),('fa24ee32-1e34-4984-985a-d1de13bfcb3b','String','jsonType.label'),('fa24ee32-1e34-4984-985a-d1de13bfcb3b','phoneNumber','user.attribute'),('fa24ee32-1e34-4984-985a-d1de13bfcb3b','true','userinfo.token.claim'),('faba82a2-628c-4e55-9150-4c5a02f1ada0','true','access.token.claim'),('faba82a2-628c-4e55-9150-4c5a02f1ada0','nickname','claim.name'),('faba82a2-628c-4e55-9150-4c5a02f1ada0','true','id.token.claim'),('faba82a2-628c-4e55-9150-4c5a02f1ada0','true','introspection.token.claim'),('faba82a2-628c-4e55-9150-4c5a02f1ada0','String','jsonType.label'),('faba82a2-628c-4e55-9150-4c5a02f1ada0','nickname','user.attribute'),('faba82a2-628c-4e55-9150-4c5a02f1ada0','true','userinfo.token.claim'),('fb5e6f27-2ff7-44ca-81ec-872249215fbe','true','access.token.claim'),('fb5e6f27-2ff7-44ca-81ec-872249215fbe','true','id.token.claim'),('fb5e6f27-2ff7-44ca-81ec-872249215fbe','true','introspection.token.claim'),('fb5e6f27-2ff7-44ca-81ec-872249215fbe','true','userinfo.token.claim'),('fbaa939b-aaac-4541-a243-da01de23fddb','true','access.token.claim'),('fbaa939b-aaac-4541-a243-da01de23fddb','locale','claim.name'),('fbaa939b-aaac-4541-a243-da01de23fddb','true','id.token.claim'),('fbaa939b-aaac-4541-a243-da01de23fddb','true','introspection.token.claim'),('fbaa939b-aaac-4541-a243-da01de23fddb','String','jsonType.label'),('fbaa939b-aaac-4541-a243-da01de23fddb','locale','user.attribute'),('fbaa939b-aaac-4541-a243-da01de23fddb','true','userinfo.token.claim'),('fd31a20f-b616-4379-aa0a-70f8bd4a9254','true','access.token.claim'),('fd31a20f-b616-4379-aa0a-70f8bd4a9254','phone_number','claim.name'),('fd31a20f-b616-4379-aa0a-70f8bd4a9254','true','id.token.claim'),('fd31a20f-b616-4379-aa0a-70f8bd4a9254','true','introspection.token.claim'),('fd31a20f-b616-4379-aa0a-70f8bd4a9254','String','jsonType.label'),('fd31a20f-b616-4379-aa0a-70f8bd4a9254','phoneNumber','user.attribute'),('fd31a20f-b616-4379-aa0a-70f8bd4a9254','true','userinfo.token.claim'),('fd92e22f-8d41-43fb-9ba2-b176250264c6','true','access.token.claim'),('fd92e22f-8d41-43fb-9ba2-b176250264c6','email_verified','claim.name'),('fd92e22f-8d41-43fb-9ba2-b176250264c6','true','id.token.claim'),('fd92e22f-8d41-43fb-9ba2-b176250264c6','true','introspection.token.claim'),('fd92e22f-8d41-43fb-9ba2-b176250264c6','boolean','jsonType.label'),('fd92e22f-8d41-43fb-9ba2-b176250264c6','emailVerified','user.attribute'),('fd92e22f-8d41-43fb-9ba2-b176250264c6','true','userinfo.token.claim'),('fe77cbeb-c74f-4927-a102-c68a47e0b0b5','true','access.token.claim'),('fe77cbeb-c74f-4927-a102-c68a47e0b0b5','website','claim.name'),('fe77cbeb-c74f-4927-a102-c68a47e0b0b5','true','id.token.claim'),('fe77cbeb-c74f-4927-a102-c68a47e0b0b5','true','introspection.token.claim'),('fe77cbeb-c74f-4927-a102-c68a47e0b0b5','String','jsonType.label'),('fe77cbeb-c74f-4927-a102-c68a47e0b0b5','website','user.attribute'),('fe77cbeb-c74f-4927-a102-c68a47e0b0b5','true','userinfo.token.claim');
UNLOCK TABLES;

--
-- Dumping data for table `REALM`
--

LOCK TABLES `REALM` WRITE;
INSERT INTO `REALM` VALUES ('9643073e-80de-4254-9166-5c75e800fbb5',60,300,60,NULL,NULL,NULL,1,0,0,'exastro','master',0,NULL,0,0,0,0,'NONE',1800,36000,0,0,'c9fb0f4c-f597-4c9f-bc8a-da80a1a8898a',1800,1,'ja',0,0,0,0,0,1,30,6,'HmacSHA1','totp','29d4102a-a54d-4b0d-ae04-1c5c74733c6d','9f59cd53-7c2f-4a59-8fd0-ec4876fa8855','a969e755-bf22-48e8-9efa-5b4c7bc225e1','1cdae50f-9ae8-4005-b6d2-a37f98a882ee','fa5ba895-d655-4033-9115-5cd8f6ed20f5',31536000,0,900,1,0,'960eef46-ef43-400f-9ea2-80e80f4c3e0a',0,0,0,0,'fee578c6-cae8-4918-90ad-5cb1cdbd7ee6'),('org1',60,300,300,NULL,NULL,NULL,1,0,0,'exastro','org1',0,NULL,0,0,0,0,'NONE',1800,36000,0,0,'17eebc4b-5b49-4784-a6f1-e98d788d48dd',1800,1,'ja',0,1,1,0,0,1,30,6,'HmacSHA1','totp','a88809fa-7536-4422-a1ba-a43852a01388','ab6a78b1-7a59-4673-9e8a-e7cab29fc8a5','791ae133-1494-42ff-a79d-48597f707456','53d3e4af-262e-41ad-885a-d36c02e616c0','71101625-19fb-4859-b4be-40ea30970352',31536000,0,900,1,0,'82bd9a4a-20f7-4fbe-8ce2-fb4d4ab8cc09',0,0,0,0,'0ceadffa-2a51-42c5-a95b-5e1ca3a13a98'),('org2',60,300,300,NULL,NULL,NULL,1,0,0,'exastro','org2',0,NULL,0,0,0,0,'NONE',1800,36000,0,0,'60018920-d721-4b3b-8366-e1b2e4292601',1800,1,'ja',0,1,1,0,0,1,30,6,'HmacSHA1','totp','476f16e9-9d5f-46d6-bcf5-687ce7e6ed19','7aab5018-ca45-486e-a7e1-fdeebf4c03e9','0603564d-6fab-4914-979b-87cbef301692','c904e0b5-1cd9-4839-92f4-6a305ffbecfa','291b882f-251a-4ac2-8535-33ac9b601178',31536000,0,900,1,0,'8fc360a2-5ccf-4798-8e18-648c0acf5ddf',0,0,0,0,'24f658b5-50d0-48e3-bef8-0316d28ef50f'),('org3',60,300,300,NULL,NULL,NULL,1,0,0,'exastro','org3',0,NULL,0,0,0,0,'NONE',1800,36000,0,0,'fc8b0e94-f0ab-49e6-84b3-2f528917a96d',1800,1,'ja',0,1,1,0,0,1,30,6,'HmacSHA1','totp','cbffb6bd-c9c5-4338-b864-ff073fcc600a','cd598942-bb21-46e3-b651-73dddaac080a','961c5e71-1813-49d7-a11d-e318fe98a721','00197f8e-7d14-4160-85e2-3f32e5e8d0a0','eddcb362-2a0c-44eb-bc1a-5ce72cf9b95b',31536000,0,900,1,0,'3da9a4b1-f734-467b-8a0e-003f7e44774b',0,0,0,0,'9c84a23e-a350-4fcd-bc2d-0ea2177cbf68'),('org4',60,300,300,NULL,NULL,NULL,1,0,0,'exastro','org4',0,NULL,0,0,0,0,'NONE',1800,36000,0,0,'6007d68b-d40c-4036-8801-e86b0fdb84ac',1800,1,'ja',0,1,1,0,0,1,30,6,'HmacSHA1','totp','e20429d4-3f5f-4f6e-b7b6-c71915d52949','1887475c-d3bd-4dcd-992d-3b4469361503','49d912c6-c40c-4d10-96ac-a1010a0f66c8','6b2b6c10-8664-4e3c-b3f9-3a0274c40946','13a2deaa-dc90-468b-88b5-7fba3717d471',31536000,0,900,1,0,'8f353eba-8e72-4813-b82a-dbd4a39abb99',0,0,0,0,'b006e21f-4db3-453d-8cbc-508e35bc5e3a'),('org5',60,300,300,NULL,NULL,NULL,1,0,0,'exastro','org5',0,NULL,0,0,0,0,'NONE',1800,36000,0,0,'e7fa7a04-142a-43d8-8758-603c821478df',1800,1,'ja',0,1,1,0,0,1,30,6,'HmacSHA1','totp','9659af3c-91dc-41b8-a434-1a1c67a716c5','f4659587-2b8b-4615-bd68-2e6b5245b078','4247663f-9613-46d8-b17e-9f9bab07ae98','b56d7d8d-e7da-434a-94b2-f8898943b81d','340e75ec-403f-4c89-81e0-3cb201b0a694',31536000,0,900,1,0,'318a7381-fd5f-467d-af02-a3ae2dcd600b',0,0,0,0,'be112f6d-246c-4857-b54c-a28e91d20544');
UNLOCK TABLES;

--
-- Dumping data for table `REALM_ATTRIBUTE`
--

LOCK TABLES `REALM_ATTRIBUTE` WRITE;
INSERT INTO `REALM_ATTRIBUTE` VALUES ('actionTokenGeneratedByAdminLifespan','org1','43200'),('actionTokenGeneratedByAdminLifespan','org2','43200'),('actionTokenGeneratedByAdminLifespan','org3','43200'),('actionTokenGeneratedByAdminLifespan','org4','43200'),('actionTokenGeneratedByAdminLifespan','org5','43200'),('actionTokenGeneratedByUserLifespan','org1','300'),('actionTokenGeneratedByUserLifespan','org2','300'),('actionTokenGeneratedByUserLifespan','org3','300'),('actionTokenGeneratedByUserLifespan','org4','300'),('actionTokenGeneratedByUserLifespan','org5','300'),('bruteForceProtected','9643073e-80de-4254-9166-5c75e800fbb5','false'),('bruteForceProtected','org1','false'),('bruteForceProtected','org2','false'),('bruteForceProtected','org3','false'),('bruteForceProtected','org4','false'),('bruteForceProtected','org5','false'),('cibaAuthRequestedUserHint','9643073e-80de-4254-9166-5c75e800fbb5','login_hint'),('cibaAuthRequestedUserHint','org1','login_hint'),('cibaAuthRequestedUserHint','org2','login_hint'),('cibaAuthRequestedUserHint','org3','login_hint'),('cibaAuthRequestedUserHint','org4','login_hint'),('cibaAuthRequestedUserHint','org5','login_hint'),('cibaBackchannelTokenDeliveryMode','9643073e-80de-4254-9166-5c75e800fbb5','poll'),('cibaBackchannelTokenDeliveryMode','org1','poll'),('cibaBackchannelTokenDeliveryMode','org2','poll'),('cibaBackchannelTokenDeliveryMode','org3','poll'),('cibaBackchannelTokenDeliveryMode','org4','poll'),('cibaBackchannelTokenDeliveryMode','org5','poll'),('cibaExpiresIn','9643073e-80de-4254-9166-5c75e800fbb5','120'),('cibaExpiresIn','org1','120'),('cibaExpiresIn','org2','120'),('cibaExpiresIn','org3','120'),('cibaExpiresIn','org4','120'),('cibaExpiresIn','org5','120'),('cibaInterval','9643073e-80de-4254-9166-5c75e800fbb5','5'),('cibaInterval','org1','5'),('cibaInterval','org2','5'),('cibaInterval','org3','5'),('cibaInterval','org4','5'),('cibaInterval','org5','5'),('defaultSignatureAlgorithm','9643073e-80de-4254-9166-5c75e800fbb5','RS256'),('defaultSignatureAlgorithm','org1','RS256'),('defaultSignatureAlgorithm','org2','RS256'),('defaultSignatureAlgorithm','org3','RS256'),('defaultSignatureAlgorithm','org4','RS256'),('defaultSignatureAlgorithm','org5','RS256'),('displayName','9643073e-80de-4254-9166-5c75e800fbb5','Keycloak'),('displayName','org1','name of organization'),('displayName','org2','name of organization'),('displayName','org3','name of organization'),('displayName','org4','name of organization'),('displayName','org5','name of organization'),('displayNameHtml','9643073e-80de-4254-9166-5c75e800fbb5','<div class=\"kc-logo-text\"><span>Keycloak</span></div>'),('failureFactor','9643073e-80de-4254-9166-5c75e800fbb5','30'),('failureFactor','org1','30'),('failureFactor','org2','30'),('failureFactor','org3','30'),('failureFactor','org4','30'),('failureFactor','org5','30'),('firstBrokerLoginFlowId','9643073e-80de-4254-9166-5c75e800fbb5','e4235d51-4fde-48ee-90b7-f2baf5a09b38'),('firstBrokerLoginFlowId','org1','ed001d88-ac14-4871-a69e-3540638392fc'),('firstBrokerLoginFlowId','org2','4a823f47-c17d-488e-9cce-e432d797a08f'),('firstBrokerLoginFlowId','org3','5daf2c4d-ed11-437a-ac77-355cc014d62d'),('firstBrokerLoginFlowId','org4','7c9a7b1f-7598-4180-85f2-123fe06caf78'),('firstBrokerLoginFlowId','org5','4f456d16-e82b-4cf8-a1ee-786de1959659'),('maxDeltaTimeSeconds','9643073e-80de-4254-9166-5c75e800fbb5','43200'),('maxDeltaTimeSeconds','org1','43200'),('maxDeltaTimeSeconds','org2','43200'),('maxDeltaTimeSeconds','org3','43200'),('maxDeltaTimeSeconds','org4','43200'),('maxDeltaTimeSeconds','org5','43200'),('maxFailureWaitSeconds','9643073e-80de-4254-9166-5c75e800fbb5','900'),('maxFailureWaitSeconds','org1','900'),('maxFailureWaitSeconds','org2','900'),('maxFailureWaitSeconds','org3','900'),('maxFailureWaitSeconds','org4','900'),('maxFailureWaitSeconds','org5','900'),('maxTemporaryLockouts','9643073e-80de-4254-9166-5c75e800fbb5','0'),('maxTemporaryLockouts','org1','0'),('maxTemporaryLockouts','org2','0'),('maxTemporaryLockouts','org3','0'),('maxTemporaryLockouts','org4','0'),('maxTemporaryLockouts','org5','0'),('minimumQuickLoginWaitSeconds','9643073e-80de-4254-9166-5c75e800fbb5','60'),('minimumQuickLoginWaitSeconds','org1','60'),('minimumQuickLoginWaitSeconds','org2','60'),('minimumQuickLoginWaitSeconds','org3','60'),('minimumQuickLoginWaitSeconds','org4','60'),('minimumQuickLoginWaitSeconds','org5','60'),('oauth2DeviceCodeLifespan','9643073e-80de-4254-9166-5c75e800fbb5','600'),('oauth2DeviceCodeLifespan','org1','600'),('oauth2DeviceCodeLifespan','org2','600'),('oauth2DeviceCodeLifespan','org3','600'),('oauth2DeviceCodeLifespan','org4','600'),('oauth2DeviceCodeLifespan','org5','600'),('oauth2DevicePollingInterval','9643073e-80de-4254-9166-5c75e800fbb5','5'),('oauth2DevicePollingInterval','org1','5'),('oauth2DevicePollingInterval','org2','5'),('oauth2DevicePollingInterval','org3','5'),('oauth2DevicePollingInterval','org4','5'),('oauth2DevicePollingInterval','org5','5'),('offlineSessionMaxLifespan','9643073e-80de-4254-9166-5c75e800fbb5','31536000'),('offlineSessionMaxLifespan','org1','31536000'),('offlineSessionMaxLifespan','org2','31536000'),('offlineSessionMaxLifespan','org3','31536000'),('offlineSessionMaxLifespan','org4','31536000'),('offlineSessionMaxLifespan','org5','31536000'),('offlineSessionMaxLifespanEnabled','9643073e-80de-4254-9166-5c75e800fbb5','true'),('offlineSessionMaxLifespanEnabled','org1','true'),('offlineSessionMaxLifespanEnabled','org2','true'),('offlineSessionMaxLifespanEnabled','org3','true'),('offlineSessionMaxLifespanEnabled','org4','true'),('offlineSessionMaxLifespanEnabled','org5','true'),('parRequestUriLifespan','9643073e-80de-4254-9166-5c75e800fbb5','60'),('parRequestUriLifespan','org1','60'),('parRequestUriLifespan','org2','60'),('parRequestUriLifespan','org3','60'),('parRequestUriLifespan','org4','60'),('parRequestUriLifespan','org5','60'),('permanentLockout','9643073e-80de-4254-9166-5c75e800fbb5','false'),('permanentLockout','org1','false'),('permanentLockout','org2','false'),('permanentLockout','org3','false'),('permanentLockout','org4','false'),('permanentLockout','org5','false'),('quickLoginCheckMilliSeconds','9643073e-80de-4254-9166-5c75e800fbb5','1000'),('quickLoginCheckMilliSeconds','org1','1000'),('quickLoginCheckMilliSeconds','org2','1000'),('quickLoginCheckMilliSeconds','org3','1000'),('quickLoginCheckMilliSeconds','org4','1000'),('quickLoginCheckMilliSeconds','org5','1000'),('realmReusableOtpCode','9643073e-80de-4254-9166-5c75e800fbb5','false'),('realmReusableOtpCode','org1','false'),('realmReusableOtpCode','org2','false'),('realmReusableOtpCode','org3','false'),('realmReusableOtpCode','org4','false'),('realmReusableOtpCode','org5','false'),('waitIncrementSeconds','9643073e-80de-4254-9166-5c75e800fbb5','60'),('waitIncrementSeconds','org1','60'),('waitIncrementSeconds','org2','60'),('waitIncrementSeconds','org3','60'),('waitIncrementSeconds','org4','60'),('waitIncrementSeconds','org5','60'),('webAuthnPolicyAttestationConveyancePreference','org1','not specified'),('webAuthnPolicyAttestationConveyancePreference','org2','not specified'),('webAuthnPolicyAttestationConveyancePreference','org3','not specified'),('webAuthnPolicyAttestationConveyancePreference','org4','not specified'),('webAuthnPolicyAttestationConveyancePreference','org5','not specified'),('webAuthnPolicyAttestationConveyancePreferencePasswordless','org1','not specified'),('webAuthnPolicyAttestationConveyancePreferencePasswordless','org2','not specified'),('webAuthnPolicyAttestationConveyancePreferencePasswordless','org3','not specified'),('webAuthnPolicyAttestationConveyancePreferencePasswordless','org4','not specified'),('webAuthnPolicyAttestationConveyancePreferencePasswordless','org5','not specified'),('webAuthnPolicyAuthenticatorAttachment','org1','not specified'),('webAuthnPolicyAuthenticatorAttachment','org2','not specified'),('webAuthnPolicyAuthenticatorAttachment','org3','not specified'),('webAuthnPolicyAuthenticatorAttachment','org4','not specified'),('webAuthnPolicyAuthenticatorAttachment','org5','not specified'),('webAuthnPolicyAuthenticatorAttachmentPasswordless','org1','not specified'),('webAuthnPolicyAuthenticatorAttachmentPasswordless','org2','not specified'),('webAuthnPolicyAuthenticatorAttachmentPasswordless','org3','not specified'),('webAuthnPolicyAuthenticatorAttachmentPasswordless','org4','not specified'),('webAuthnPolicyAuthenticatorAttachmentPasswordless','org5','not specified'),('webAuthnPolicyAvoidSameAuthenticatorRegister','org1','false'),('webAuthnPolicyAvoidSameAuthenticatorRegister','org2','false'),('webAuthnPolicyAvoidSameAuthenticatorRegister','org3','false'),('webAuthnPolicyAvoidSameAuthenticatorRegister','org4','false'),('webAuthnPolicyAvoidSameAuthenticatorRegister','org5','false'),('webAuthnPolicyAvoidSameAuthenticatorRegisterPasswordless','org1','false'),('webAuthnPolicyAvoidSameAuthenticatorRegisterPasswordless','org2','false'),('webAuthnPolicyAvoidSameAuthenticatorRegisterPasswordless','org3','false'),('webAuthnPolicyAvoidSameAuthenticatorRegisterPasswordless','org4','false'),('webAuthnPolicyAvoidSameAuthenticatorRegisterPasswordless','org5','false'),('webAuthnPolicyCreateTimeout','org1','0'),('webAuthnPolicyCreateTimeout','org2','0'),('webAuthnPolicyCreateTimeout','org3','0'),('webAuthnPolicyCreateTimeout','org4','0'),('webAuthnPolicyCreateTimeout','org5','0'),('webAuthnPolicyCreateTimeoutPasswordless','org1','0'),('webAuthnPolicyCreateTimeoutPasswordless','org2','0'),('webAuthnPolicyCreateTimeoutPasswordless','org3','0'),('webAuthnPolicyCreateTimeoutPasswordless','org4','0'),('webAuthnPolicyCreateTimeoutPasswordless','org5','0'),('webAuthnPolicyRequireResidentKey','org1','not specified'),('webAuthnPolicyRequireResidentKey','org2','not specified'),('webAuthnPolicyRequireResidentKey','org3','not specified'),('webAuthnPolicyRequireResidentKey','org4','not specified'),('webAuthnPolicyRequireResidentKey','org5','not specified'),('webAuthnPolicyRequireResidentKeyPasswordless','org1','not specified'),('webAuthnPolicyRequireResidentKeyPasswordless','org2','not specified'),('webAuthnPolicyRequireResidentKeyPasswordless','org3','not specified'),('webAuthnPolicyRequireResidentKeyPasswordless','org4','not specified'),('webAuthnPolicyRequireResidentKeyPasswordless','org5','not specified'),('webAuthnPolicyRpEntityName','org1','keycloak'),('webAuthnPolicyRpEntityName','org2','keycloak'),('webAuthnPolicyRpEntityName','org3','keycloak'),('webAuthnPolicyRpEntityName','org4','keycloak'),('webAuthnPolicyRpEntityName','org5','keycloak'),('webAuthnPolicyRpEntityNamePasswordless','org1','keycloak'),('webAuthnPolicyRpEntityNamePasswordless','org2','keycloak'),('webAuthnPolicyRpEntityNamePasswordless','org3','keycloak'),('webAuthnPolicyRpEntityNamePasswordless','org4','keycloak'),('webAuthnPolicyRpEntityNamePasswordless','org5','keycloak'),('webAuthnPolicyRpId','org1',''),('webAuthnPolicyRpId','org2',''),('webAuthnPolicyRpId','org3',''),('webAuthnPolicyRpId','org4',''),('webAuthnPolicyRpId','org5',''),('webAuthnPolicyRpIdPasswordless','org1',''),('webAuthnPolicyRpIdPasswordless','org2',''),('webAuthnPolicyRpIdPasswordless','org3',''),('webAuthnPolicyRpIdPasswordless','org4',''),('webAuthnPolicyRpIdPasswordless','org5',''),('webAuthnPolicySignatureAlgorithms','org1','ES256'),('webAuthnPolicySignatureAlgorithms','org2','ES256'),('webAuthnPolicySignatureAlgorithms','org3','ES256'),('webAuthnPolicySignatureAlgorithms','org4','ES256'),('webAuthnPolicySignatureAlgorithms','org5','ES256'),('webAuthnPolicySignatureAlgorithmsPasswordless','org1','ES256'),('webAuthnPolicySignatureAlgorithmsPasswordless','org2','ES256'),('webAuthnPolicySignatureAlgorithmsPasswordless','org3','ES256'),('webAuthnPolicySignatureAlgorithmsPasswordless','org4','ES256'),('webAuthnPolicySignatureAlgorithmsPasswordless','org5','ES256'),('webAuthnPolicyUserVerificationRequirement','org1','not specified'),('webAuthnPolicyUserVerificationRequirement','org2','not specified'),('webAuthnPolicyUserVerificationRequirement','org3','not specified'),('webAuthnPolicyUserVerificationRequirement','org4','not specified'),('webAuthnPolicyUserVerificationRequirement','org5','not specified'),('webAuthnPolicyUserVerificationRequirementPasswordless','org1','not specified'),('webAuthnPolicyUserVerificationRequirementPasswordless','org2','not specified'),('webAuthnPolicyUserVerificationRequirementPasswordless','org3','not specified'),('webAuthnPolicyUserVerificationRequirementPasswordless','org4','not specified'),('webAuthnPolicyUserVerificationRequirementPasswordless','org5','not specified'),('_browser_header.contentSecurityPolicy','9643073e-80de-4254-9166-5c75e800fbb5','frame-src \'self\'; frame-ancestors \'self\'; object-src \'none\';'),('_browser_header.contentSecurityPolicy','org1','frame-src \'self\'; frame-ancestors \'self\'; object-src \'none\';'),('_browser_header.contentSecurityPolicy','org2','frame-src \'self\'; frame-ancestors \'self\'; object-src \'none\';'),('_browser_header.contentSecurityPolicy','org3','frame-src \'self\'; frame-ancestors \'self\'; object-src \'none\';'),('_browser_header.contentSecurityPolicy','org4','frame-src \'self\'; frame-ancestors \'self\'; object-src \'none\';'),('_browser_header.contentSecurityPolicy','org5','frame-src \'self\'; frame-ancestors \'self\'; object-src \'none\';'),('_browser_header.contentSecurityPolicyReportOnly','9643073e-80de-4254-9166-5c75e800fbb5',''),('_browser_header.contentSecurityPolicyReportOnly','org1',''),('_browser_header.contentSecurityPolicyReportOnly','org2',''),('_browser_header.contentSecurityPolicyReportOnly','org3',''),('_browser_header.contentSecurityPolicyReportOnly','org4',''),('_browser_header.contentSecurityPolicyReportOnly','org5',''),('_browser_header.referrerPolicy','9643073e-80de-4254-9166-5c75e800fbb5','no-referrer'),('_browser_header.referrerPolicy','org1','no-referrer'),('_browser_header.referrerPolicy','org2','no-referrer'),('_browser_header.referrerPolicy','org3','no-referrer'),('_browser_header.referrerPolicy','org4','no-referrer'),('_browser_header.referrerPolicy','org5','no-referrer'),('_browser_header.strictTransportSecurity','9643073e-80de-4254-9166-5c75e800fbb5','max-age=31536000; includeSubDomains'),('_browser_header.strictTransportSecurity','org1','max-age=31536000; includeSubDomains'),('_browser_header.strictTransportSecurity','org2','max-age=31536000; includeSubDomains'),('_browser_header.strictTransportSecurity','org3','max-age=31536000; includeSubDomains'),('_browser_header.strictTransportSecurity','org4','max-age=31536000; includeSubDomains'),('_browser_header.strictTransportSecurity','org5','max-age=31536000; includeSubDomains'),('_browser_header.xContentTypeOptions','9643073e-80de-4254-9166-5c75e800fbb5','nosniff'),('_browser_header.xContentTypeOptions','org1','nosniff'),('_browser_header.xContentTypeOptions','org2','nosniff'),('_browser_header.xContentTypeOptions','org3','nosniff'),('_browser_header.xContentTypeOptions','org4','nosniff'),('_browser_header.xContentTypeOptions','org5','nosniff'),('_browser_header.xFrameOptions','9643073e-80de-4254-9166-5c75e800fbb5','SAMEORIGIN'),('_browser_header.xFrameOptions','org1','SAMEORIGIN'),('_browser_header.xFrameOptions','org2','SAMEORIGIN'),('_browser_header.xFrameOptions','org3','SAMEORIGIN'),('_browser_header.xFrameOptions','org4','SAMEORIGIN'),('_browser_header.xFrameOptions','org5','SAMEORIGIN'),('_browser_header.xRobotsTag','9643073e-80de-4254-9166-5c75e800fbb5','none'),('_browser_header.xRobotsTag','org1','none'),('_browser_header.xRobotsTag','org2','none'),('_browser_header.xRobotsTag','org3','none'),('_browser_header.xRobotsTag','org4','none'),('_browser_header.xRobotsTag','org5','none'),('_browser_header.xXSSProtection','9643073e-80de-4254-9166-5c75e800fbb5','1; mode=block'),('_browser_header.xXSSProtection','org1','1; mode=block'),('_browser_header.xXSSProtection','org2','1; mode=block'),('_browser_header.xXSSProtection','org3','1; mode=block'),('_browser_header.xXSSProtection','org4','1; mode=block'),('_browser_header.xXSSProtection','org5','1; mode=block');
UNLOCK TABLES;

--
-- Dumping data for table `REALM_DEFAULT_GROUPS`
--

LOCK TABLES `REALM_DEFAULT_GROUPS` WRITE;
UNLOCK TABLES;

--
-- Dumping data for table `REALM_ENABLED_EVENT_TYPES`
--

LOCK TABLES `REALM_ENABLED_EVENT_TYPES` WRITE;
INSERT INTO `REALM_ENABLED_EVENT_TYPES` VALUES ('org1','AUTHREQID_TO_TOKEN'),('org1','AUTHREQID_TO_TOKEN_ERROR'),('org1','CLIENT_DELETE'),('org1','CLIENT_DELETE_ERROR'),('org1','CLIENT_INITIATED_ACCOUNT_LINKING'),('org1','CLIENT_INITIATED_ACCOUNT_LINKING_ERROR'),('org1','CLIENT_LOGIN'),('org1','CLIENT_LOGIN_ERROR'),('org1','CLIENT_REGISTER'),('org1','CLIENT_REGISTER_ERROR'),('org1','CLIENT_UPDATE'),('org1','CLIENT_UPDATE_ERROR'),('org1','CODE_TO_TOKEN'),('org1','CODE_TO_TOKEN_ERROR'),('org1','CUSTOM_REQUIRED_ACTION'),('org1','CUSTOM_REQUIRED_ACTION_ERROR'),('org1','DELETE_ACCOUNT'),('org1','DELETE_ACCOUNT_ERROR'),('org1','EXECUTE_ACTIONS'),('org1','EXECUTE_ACTIONS_ERROR'),('org1','EXECUTE_ACTION_TOKEN'),('org1','EXECUTE_ACTION_TOKEN_ERROR'),('org1','FEDERATED_IDENTITY_LINK'),('org1','FEDERATED_IDENTITY_LINK_ERROR'),('org1','GRANT_CONSENT'),('org1','GRANT_CONSENT_ERROR'),('org1','IDENTITY_PROVIDER_FIRST_LOGIN'),('org1','IDENTITY_PROVIDER_FIRST_LOGIN_ERROR'),('org1','IDENTITY_PROVIDER_LINK_ACCOUNT'),('org1','IDENTITY_PROVIDER_LINK_ACCOUNT_ERROR'),('org1','IDENTITY_PROVIDER_POST_LOGIN'),('org1','IDENTITY_PROVIDER_POST_LOGIN_ERROR'),('org1','IMPERSONATE'),('org1','IMPERSONATE_ERROR'),('org1','LOGIN'),('org1','LOGIN_ERROR'),('org1','LOGOUT'),('org1','LOGOUT_ERROR'),('org1','OAUTH2_DEVICE_AUTH'),('org1','OAUTH2_DEVICE_AUTH_ERROR'),('org1','OAUTH2_DEVICE_CODE_TO_TOKEN'),('org1','OAUTH2_DEVICE_CODE_TO_TOKEN_ERROR'),('org1','OAUTH2_DEVICE_VERIFY_USER_CODE'),('org1','OAUTH2_DEVICE_VERIFY_USER_CODE_ERROR'),('org1','PERMISSION_TOKEN'),('org1','REGISTER'),('org1','REGISTER_ERROR'),('org1','REMOVE_FEDERATED_IDENTITY'),('org1','REMOVE_FEDERATED_IDENTITY_ERROR'),('org1','REMOVE_TOTP'),('org1','REMOVE_TOTP_ERROR'),('org1','RESET_PASSWORD'),('org1','RESET_PASSWORD_ERROR'),('org1','RESTART_AUTHENTICATION'),('org1','RESTART_AUTHENTICATION_ERROR'),('org1','REVOKE_GRANT'),('org1','REVOKE_GRANT_ERROR'),('org1','SEND_IDENTITY_PROVIDER_LINK'),('org1','SEND_IDENTITY_PROVIDER_LINK_ERROR'),('org1','SEND_RESET_PASSWORD'),('org1','SEND_RESET_PASSWORD_ERROR'),('org1','SEND_VERIFY_EMAIL'),('org1','SEND_VERIFY_EMAIL_ERROR'),('org1','TOKEN_EXCHANGE'),('org1','TOKEN_EXCHANGE_ERROR'),('org1','UPDATE_CONSENT'),('org1','UPDATE_CONSENT_ERROR'),('org1','UPDATE_EMAIL'),('org1','UPDATE_EMAIL_ERROR'),('org1','UPDATE_PASSWORD'),('org1','UPDATE_PASSWORD_ERROR'),('org1','UPDATE_PROFILE'),('org1','UPDATE_PROFILE_ERROR'),('org1','UPDATE_TOTP'),('org1','UPDATE_TOTP_ERROR'),('org1','VERIFY_EMAIL'),('org1','VERIFY_EMAIL_ERROR'),('org1','VERIFY_PROFILE'),('org1','VERIFY_PROFILE_ERROR'),('org2','AUTHREQID_TO_TOKEN'),('org2','AUTHREQID_TO_TOKEN_ERROR'),('org2','CLIENT_DELETE'),('org2','CLIENT_DELETE_ERROR'),('org2','CLIENT_INITIATED_ACCOUNT_LINKING'),('org2','CLIENT_INITIATED_ACCOUNT_LINKING_ERROR'),('org2','CLIENT_LOGIN'),('org2','CLIENT_LOGIN_ERROR'),('org2','CLIENT_REGISTER'),('org2','CLIENT_REGISTER_ERROR'),('org2','CLIENT_UPDATE'),('org2','CLIENT_UPDATE_ERROR'),('org2','CODE_TO_TOKEN'),('org2','CODE_TO_TOKEN_ERROR'),('org2','CUSTOM_REQUIRED_ACTION'),('org2','CUSTOM_REQUIRED_ACTION_ERROR'),('org2','DELETE_ACCOUNT'),('org2','DELETE_ACCOUNT_ERROR'),('org2','EXECUTE_ACTIONS'),('org2','EXECUTE_ACTIONS_ERROR'),('org2','EXECUTE_ACTION_TOKEN'),('org2','EXECUTE_ACTION_TOKEN_ERROR'),('org2','FEDERATED_IDENTITY_LINK'),('org2','FEDERATED_IDENTITY_LINK_ERROR'),('org2','GRANT_CONSENT'),('org2','GRANT_CONSENT_ERROR'),('org2','IDENTITY_PROVIDER_FIRST_LOGIN'),('org2','IDENTITY_PROVIDER_FIRST_LOGIN_ERROR'),('org2','IDENTITY_PROVIDER_LINK_ACCOUNT'),('org2','IDENTITY_PROVIDER_LINK_ACCOUNT_ERROR'),('org2','IDENTITY_PROVIDER_POST_LOGIN'),('org2','IDENTITY_PROVIDER_POST_LOGIN_ERROR'),('org2','IMPERSONATE'),('org2','IMPERSONATE_ERROR'),('org2','LOGIN'),('org2','LOGIN_ERROR'),('org2','LOGOUT'),('org2','LOGOUT_ERROR'),('org2','OAUTH2_DEVICE_AUTH'),('org2','OAUTH2_DEVICE_AUTH_ERROR'),('org2','OAUTH2_DEVICE_CODE_TO_TOKEN'),('org2','OAUTH2_DEVICE_CODE_TO_TOKEN_ERROR'),('org2','OAUTH2_DEVICE_VERIFY_USER_CODE'),('org2','OAUTH2_DEVICE_VERIFY_USER_CODE_ERROR'),('org2','PERMISSION_TOKEN'),('org2','REGISTER'),('org2','REGISTER_ERROR'),('org2','REMOVE_FEDERATED_IDENTITY'),('org2','REMOVE_FEDERATED_IDENTITY_ERROR'),('org2','REMOVE_TOTP'),('org2','REMOVE_TOTP_ERROR'),('org2','RESET_PASSWORD'),('org2','RESET_PASSWORD_ERROR'),('org2','RESTART_AUTHENTICATION'),('org2','RESTART_AUTHENTICATION_ERROR'),('org2','REVOKE_GRANT'),('org2','REVOKE_GRANT_ERROR'),('org2','SEND_IDENTITY_PROVIDER_LINK'),('org2','SEND_IDENTITY_PROVIDER_LINK_ERROR'),('org2','SEND_RESET_PASSWORD'),('org2','SEND_RESET_PASSWORD_ERROR'),('org2','SEND_VERIFY_EMAIL'),('org2','SEND_VERIFY_EMAIL_ERROR'),('org2','TOKEN_EXCHANGE'),('org2','TOKEN_EXCHANGE_ERROR'),('org2','UPDATE_CONSENT'),('org2','UPDATE_CONSENT_ERROR'),('org2','UPDATE_EMAIL'),('org2','UPDATE_EMAIL_ERROR'),('org2','UPDATE_PASSWORD'),('org2','UPDATE_PASSWORD_ERROR'),('org2','UPDATE_PROFILE'),('org2','UPDATE_PROFILE_ERROR'),('org2','UPDATE_TOTP'),('org2','UPDATE_TOTP_ERROR'),('org2','VERIFY_EMAIL'),('org2','VERIFY_EMAIL_ERROR'),('org2','VERIFY_PROFILE'),('org2','VERIFY_PROFILE_ERROR'),('org3','AUTHREQID_TO_TOKEN'),('org3','AUTHREQID_TO_TOKEN_ERROR'),('org3','CLIENT_DELETE'),('org3','CLIENT_DELETE_ERROR'),('org3','CLIENT_INITIATED_ACCOUNT_LINKING'),('org3','CLIENT_INITIATED_ACCOUNT_LINKING_ERROR'),('org3','CLIENT_LOGIN'),('org3','CLIENT_LOGIN_ERROR'),('org3','CLIENT_REGISTER'),('org3','CLIENT_REGISTER_ERROR'),('org3','CLIENT_UPDATE'),('org3','CLIENT_UPDATE_ERROR'),('org3','CODE_TO_TOKEN'),('org3','CODE_TO_TOKEN_ERROR'),('org3','CUSTOM_REQUIRED_ACTION'),('org3','CUSTOM_REQUIRED_ACTION_ERROR'),('org3','DELETE_ACCOUNT'),('org3','DELETE_ACCOUNT_ERROR'),('org3','EXECUTE_ACTIONS'),('org3','EXECUTE_ACTIONS_ERROR'),('org3','EXECUTE_ACTION_TOKEN'),('org3','EXECUTE_ACTION_TOKEN_ERROR'),('org3','FEDERATED_IDENTITY_LINK'),('org3','FEDERATED_IDENTITY_LINK_ERROR'),('org3','GRANT_CONSENT'),('org3','GRANT_CONSENT_ERROR'),('org3','IDENTITY_PROVIDER_FIRST_LOGIN'),('org3','IDENTITY_PROVIDER_FIRST_LOGIN_ERROR'),('org3','IDENTITY_PROVIDER_LINK_ACCOUNT'),('org3','IDENTITY_PROVIDER_LINK_ACCOUNT_ERROR'),('org3','IDENTITY_PROVIDER_POST_LOGIN'),('org3','IDENTITY_PROVIDER_POST_LOGIN_ERROR'),('org3','IMPERSONATE'),('org3','IMPERSONATE_ERROR'),('org3','LOGIN'),('org3','LOGIN_ERROR'),('org3','LOGOUT'),('org3','LOGOUT_ERROR'),('org3','OAUTH2_DEVICE_AUTH'),('org3','OAUTH2_DEVICE_AUTH_ERROR'),('org3','OAUTH2_DEVICE_CODE_TO_TOKEN'),('org3','OAUTH2_DEVICE_CODE_TO_TOKEN_ERROR'),('org3','OAUTH2_DEVICE_VERIFY_USER_CODE'),('org3','OAUTH2_DEVICE_VERIFY_USER_CODE_ERROR'),('org3','PERMISSION_TOKEN'),('org3','REGISTER'),('org3','REGISTER_ERROR'),('org3','REMOVE_FEDERATED_IDENTITY'),('org3','REMOVE_FEDERATED_IDENTITY_ERROR'),('org3','REMOVE_TOTP'),('org3','REMOVE_TOTP_ERROR'),('org3','RESET_PASSWORD'),('org3','RESET_PASSWORD_ERROR'),('org3','RESTART_AUTHENTICATION'),('org3','RESTART_AUTHENTICATION_ERROR'),('org3','REVOKE_GRANT'),('org3','REVOKE_GRANT_ERROR'),('org3','SEND_IDENTITY_PROVIDER_LINK'),('org3','SEND_IDENTITY_PROVIDER_LINK_ERROR'),('org3','SEND_RESET_PASSWORD'),('org3','SEND_RESET_PASSWORD_ERROR'),('org3','SEND_VERIFY_EMAIL'),('org3','SEND_VERIFY_EMAIL_ERROR'),('org3','TOKEN_EXCHANGE'),('org3','TOKEN_EXCHANGE_ERROR'),('org3','UPDATE_CONSENT'),('org3','UPDATE_CONSENT_ERROR'),('org3','UPDATE_EMAIL'),('org3','UPDATE_EMAIL_ERROR'),('org3','UPDATE_PASSWORD'),('org3','UPDATE_PASSWORD_ERROR'),('org3','UPDATE_PROFILE'),('org3','UPDATE_PROFILE_ERROR'),('org3','UPDATE_TOTP'),('org3','UPDATE_TOTP_ERROR'),('org3','VERIFY_EMAIL'),('org3','VERIFY_EMAIL_ERROR'),('org3','VERIFY_PROFILE'),('org3','VERIFY_PROFILE_ERROR'),('org4','AUTHREQID_TO_TOKEN'),('org4','AUTHREQID_TO_TOKEN_ERROR'),('org4','CLIENT_DELETE'),('org4','CLIENT_DELETE_ERROR'),('org4','CLIENT_INITIATED_ACCOUNT_LINKING'),('org4','CLIENT_INITIATED_ACCOUNT_LINKING_ERROR'),('org4','CLIENT_LOGIN'),('org4','CLIENT_LOGIN_ERROR'),('org4','CLIENT_REGISTER'),('org4','CLIENT_REGISTER_ERROR'),('org4','CLIENT_UPDATE'),('org4','CLIENT_UPDATE_ERROR'),('org4','CODE_TO_TOKEN'),('org4','CODE_TO_TOKEN_ERROR'),('org4','CUSTOM_REQUIRED_ACTION'),('org4','CUSTOM_REQUIRED_ACTION_ERROR'),('org4','DELETE_ACCOUNT'),('org4','DELETE_ACCOUNT_ERROR'),('org4','EXECUTE_ACTIONS'),('org4','EXECUTE_ACTIONS_ERROR'),('org4','EXECUTE_ACTION_TOKEN'),('org4','EXECUTE_ACTION_TOKEN_ERROR'),('org4','FEDERATED_IDENTITY_LINK'),('org4','FEDERATED_IDENTITY_LINK_ERROR'),('org4','GRANT_CONSENT'),('org4','GRANT_CONSENT_ERROR'),('org4','IDENTITY_PROVIDER_FIRST_LOGIN'),('org4','IDENTITY_PROVIDER_FIRST_LOGIN_ERROR'),('org4','IDENTITY_PROVIDER_LINK_ACCOUNT'),('org4','IDENTITY_PROVIDER_LINK_ACCOUNT_ERROR'),('org4','IDENTITY_PROVIDER_POST_LOGIN'),('org4','IDENTITY_PROVIDER_POST_LOGIN_ERROR'),('org4','IMPERSONATE'),('org4','IMPERSONATE_ERROR'),('org4','LOGIN'),('org4','LOGIN_ERROR'),('org4','LOGOUT'),('org4','LOGOUT_ERROR'),('org4','OAUTH2_DEVICE_AUTH'),('org4','OAUTH2_DEVICE_AUTH_ERROR'),('org4','OAUTH2_DEVICE_CODE_TO_TOKEN'),('org4','OAUTH2_DEVICE_CODE_TO_TOKEN_ERROR'),('org4','OAUTH2_DEVICE_VERIFY_USER_CODE'),('org4','OAUTH2_DEVICE_VERIFY_USER_CODE_ERROR'),('org4','PERMISSION_TOKEN'),('org4','REGISTER'),('org4','REGISTER_ERROR'),('org4','REMOVE_FEDERATED_IDENTITY'),('org4','REMOVE_FEDERATED_IDENTITY_ERROR'),('org4','REMOVE_TOTP'),('org4','REMOVE_TOTP_ERROR'),('org4','RESET_PASSWORD'),('org4','RESET_PASSWORD_ERROR'),('org4','RESTART_AUTHENTICATION'),('org4','RESTART_AUTHENTICATION_ERROR'),('org4','REVOKE_GRANT'),('org4','REVOKE_GRANT_ERROR'),('org4','SEND_IDENTITY_PROVIDER_LINK'),('org4','SEND_IDENTITY_PROVIDER_LINK_ERROR'),('org4','SEND_RESET_PASSWORD'),('org4','SEND_RESET_PASSWORD_ERROR'),('org4','SEND_VERIFY_EMAIL'),('org4','SEND_VERIFY_EMAIL_ERROR'),('org4','TOKEN_EXCHANGE'),('org4','TOKEN_EXCHANGE_ERROR'),('org4','UPDATE_CONSENT'),('org4','UPDATE_CONSENT_ERROR'),('org4','UPDATE_EMAIL'),('org4','UPDATE_EMAIL_ERROR'),('org4','UPDATE_PASSWORD'),('org4','UPDATE_PASSWORD_ERROR'),('org4','UPDATE_PROFILE'),('org4','UPDATE_PROFILE_ERROR'),('org4','UPDATE_TOTP'),('org4','UPDATE_TOTP_ERROR'),('org4','VERIFY_EMAIL'),('org4','VERIFY_EMAIL_ERROR'),('org4','VERIFY_PROFILE'),('org4','VERIFY_PROFILE_ERROR'),('org5','AUTHREQID_TO_TOKEN'),('org5','AUTHREQID_TO_TOKEN_ERROR'),('org5','CLIENT_DELETE'),('org5','CLIENT_DELETE_ERROR'),('org5','CLIENT_INITIATED_ACCOUNT_LINKING'),('org5','CLIENT_INITIATED_ACCOUNT_LINKING_ERROR'),('org5','CLIENT_LOGIN'),('org5','CLIENT_LOGIN_ERROR'),('org5','CLIENT_REGISTER'),('org5','CLIENT_REGISTER_ERROR'),('org5','CLIENT_UPDATE'),('org5','CLIENT_UPDATE_ERROR'),('org5','CODE_TO_TOKEN'),('org5','CODE_TO_TOKEN_ERROR'),('org5','CUSTOM_REQUIRED_ACTION'),('org5','CUSTOM_REQUIRED_ACTION_ERROR'),('org5','DELETE_ACCOUNT'),('org5','DELETE_ACCOUNT_ERROR'),('org5','EXECUTE_ACTIONS'),('org5','EXECUTE_ACTIONS_ERROR'),('org5','EXECUTE_ACTION_TOKEN'),('org5','EXECUTE_ACTION_TOKEN_ERROR'),('org5','FEDERATED_IDENTITY_LINK'),('org5','FEDERATED_IDENTITY_LINK_ERROR'),('org5','GRANT_CONSENT'),('org5','GRANT_CONSENT_ERROR'),('org5','IDENTITY_PROVIDER_FIRST_LOGIN'),('org5','IDENTITY_PROVIDER_FIRST_LOGIN_ERROR'),('org5','IDENTITY_PROVIDER_LINK_ACCOUNT'),('org5','IDENTITY_PROVIDER_LINK_ACCOUNT_ERROR'),('org5','IDENTITY_PROVIDER_POST_LOGIN'),('org5','IDENTITY_PROVIDER_POST_LOGIN_ERROR'),('org5','IMPERSONATE'),('org5','IMPERSONATE_ERROR'),('org5','LOGIN'),('org5','LOGIN_ERROR'),('org5','LOGOUT'),('org5','LOGOUT_ERROR'),('org5','OAUTH2_DEVICE_AUTH'),('org5','OAUTH2_DEVICE_AUTH_ERROR'),('org5','OAUTH2_DEVICE_CODE_TO_TOKEN'),('org5','OAUTH2_DEVICE_CODE_TO_TOKEN_ERROR'),('org5','OAUTH2_DEVICE_VERIFY_USER_CODE'),('org5','OAUTH2_DEVICE_VERIFY_USER_CODE_ERROR'),('org5','PERMISSION_TOKEN'),('org5','REGISTER'),('org5','REGISTER_ERROR'),('org5','REMOVE_FEDERATED_IDENTITY'),('org5','REMOVE_FEDERATED_IDENTITY_ERROR'),('org5','REMOVE_TOTP'),('org5','REMOVE_TOTP_ERROR'),('org5','RESET_PASSWORD'),('org5','RESET_PASSWORD_ERROR'),('org5','RESTART_AUTHENTICATION'),('org5','RESTART_AUTHENTICATION_ERROR'),('org5','REVOKE_GRANT'),('org5','REVOKE_GRANT_ERROR'),('org5','SEND_IDENTITY_PROVIDER_LINK'),('org5','SEND_IDENTITY_PROVIDER_LINK_ERROR'),('org5','SEND_RESET_PASSWORD'),('org5','SEND_RESET_PASSWORD_ERROR'),('org5','SEND_VERIFY_EMAIL'),('org5','SEND_VERIFY_EMAIL_ERROR'),('org5','TOKEN_EXCHANGE'),('org5','TOKEN_EXCHANGE_ERROR'),('org5','UPDATE_CONSENT'),('org5','UPDATE_CONSENT_ERROR'),('org5','UPDATE_EMAIL'),('org5','UPDATE_EMAIL_ERROR'),('org5','UPDATE_PASSWORD'),('org5','UPDATE_PASSWORD_ERROR'),('org5','UPDATE_PROFILE'),('org5','UPDATE_PROFILE_ERROR'),('org5','UPDATE_TOTP'),('org5','UPDATE_TOTP_ERROR'),('org5','VERIFY_EMAIL'),('org5','VERIFY_EMAIL_ERROR'),('org5','VERIFY_PROFILE'),('org5','VERIFY_PROFILE_ERROR');
UNLOCK TABLES;

--
-- Dumping data for table `REALM_EVENTS_LISTENERS`
--

LOCK TABLES `REALM_EVENTS_LISTENERS` WRITE;
INSERT INTO `REALM_EVENTS_LISTENERS` VALUES ('9643073e-80de-4254-9166-5c75e800fbb5','jboss-logging'),('org1','jboss-logging'),('org2','jboss-logging'),('org3','jboss-logging'),('org4','jboss-logging'),('org5','jboss-logging');
UNLOCK TABLES;

--
-- Dumping data for table `REALM_LOCALIZATIONS`
--

LOCK TABLES `REALM_LOCALIZATIONS` WRITE;
UNLOCK TABLES;

--
-- Dumping data for table `REALM_REQUIRED_CREDENTIAL`
--

LOCK TABLES `REALM_REQUIRED_CREDENTIAL` WRITE;
INSERT INTO `REALM_REQUIRED_CREDENTIAL` VALUES ('password','password',1,1,'9643073e-80de-4254-9166-5c75e800fbb5'),('password','password',1,1,'org1'),('password','password',1,1,'org2'),('password','password',1,1,'org3'),('password','password',1,1,'org4'),('password','password',1,1,'org5');
UNLOCK TABLES;

--
-- Dumping data for table `REALM_SMTP_CONFIG`
--

LOCK TABLES `REALM_SMTP_CONFIG` WRITE;
UNLOCK TABLES;

--
-- Dumping data for table `REALM_SUPPORTED_LOCALES`
--

LOCK TABLES `REALM_SUPPORTED_LOCALES` WRITE;
INSERT INTO `REALM_SUPPORTED_LOCALES` VALUES ('9643073e-80de-4254-9166-5c75e800fbb5','en'),('9643073e-80de-4254-9166-5c75e800fbb5','ja'),('org1','en'),('org1','ja'),('org2','en'),('org2','ja'),('org3','en'),('org3','ja'),('org4','en'),('org4','ja'),('org5','en'),('org5','ja');
UNLOCK TABLES;

--
-- Dumping data for table `REDIRECT_URIS`
--

LOCK TABLES `REDIRECT_URIS` WRITE;
INSERT INTO `REDIRECT_URIS` VALUES ('00d4d030-dda0-4f38-b364-9ba06c1469e9','/realms/org3/account/*'),('2a6170ac-f1dc-42ce-9c69-481425425668','/realms/org1/account/*'),('2d05db90-7bfd-4f43-8f74-4cdbbb9a4a40','/admin/org4/console/*'),('2e4723a1-d81b-4639-bb6b-9f411f27d91d','/*'),('4550d099-3f1d-4168-bc8d-659081fd9a17','/realms/org4/account/*'),('555435bb-3607-4027-89ec-ccdd8baae872','/admin/org3/console/*'),('58af73be-1124-4f34-a9a7-3742f8a57086','/realms/org3/account/*'),('60a7afae-7d70-4839-bcde-254fdf03b6e6','/admin/org1/console/*'),('61d92538-9a22-412e-b7a4-661fb81930ee','/*'),('65f6db45-0ad5-4094-92a4-606ec7018502','/*'),('6d55a46e-ddd0-4e3b-8827-c944ca695317','/realms/org5/account/*'),('723aa6e9-796b-40e8-8506-5ab2d8013a4f','/realms/master/account/*'),('8ce5f029-5409-47af-a57a-2a8e2d8c8683','/realms/org2/account/*'),('91dc2268-6b73-482b-b0d1-7756adb51d46','/*'),('9da3f36e-34a3-42a3-99ae-52f172a21ecf','/realms/org5/account/*'),('9e18243f-0082-4430-ad63-ae8ea2df0d3f','/admin/org5/console/*'),('adb42477-6c27-4fac-a442-2b998eac3281','/realms/org2/account/*'),('afb054ad-f4ed-460c-b66e-346c1a5f0969','/realms/org4/account/*'),('d49113dc-047b-4522-9313-7247cc9b659e','/*'),('d7cfc645-824c-4ea7-b991-76f1f5a3ee36','/realms/master/account/*'),('ec02446c-1f1e-45b1-9ad2-ab86e0cd1111','/admin/master/console/*'),('fa3c114b-67b5-4c44-a52c-380b50d58da3','/realms/org1/account/*'),('fc17abd5-4aba-48b9-a5e2-1a070c96267d','/*'),('fe87db9e-e678-498e-abec-9691a522d1af','/admin/org2/console/*');
UNLOCK TABLES;

--
-- Dumping data for table `REQUIRED_ACTION_CONFIG`
--

LOCK TABLES `REQUIRED_ACTION_CONFIG` WRITE;
UNLOCK TABLES;

--
-- Dumping data for table `REQUIRED_ACTION_PROVIDER`
--

LOCK TABLES `REQUIRED_ACTION_PROVIDER` WRITE;
INSERT INTO `REQUIRED_ACTION_PROVIDER` VALUES ('04d07fb4-3241-4273-8ff2-4f1ba1a74cd8','delete_credential','Delete Credential','org1',1,0,'delete_credential',100),('082390e8-aef0-4972-af8a-d22f8fc15e00','UPDATE_PASSWORD','Update Password','9643073e-80de-4254-9166-5c75e800fbb5',1,0,'UPDATE_PASSWORD',30),('11d9427e-d485-4942-afc8-4ec1eaf90ca1','delete_credential','Delete Credential','9643073e-80de-4254-9166-5c75e800fbb5',1,0,'delete_credential',100),('11f599ab-3232-43b7-90c2-5f2e90d5984d','delete_account','Delete Account','9643073e-80de-4254-9166-5c75e800fbb5',0,0,'delete_account',60),('160b2d5c-c29f-4925-a98f-479c013388af','UPDATE_PROFILE','Update Profile','org2',1,0,'UPDATE_PROFILE',40),('19418b87-67c8-4518-af0d-1403c9b7c48c','delete_credential','Delete Credential','org2',1,0,'delete_credential',100),('1a6501e7-e893-4d98-951f-4803eb94dc5c','TERMS_AND_CONDITIONS','Terms and Conditions','9643073e-80de-4254-9166-5c75e800fbb5',0,0,'TERMS_AND_CONDITIONS',20),('1abc55f0-4234-4ec0-b9e4-05ccd9448030','UPDATE_PROFILE','Update Profile','org1',1,0,'UPDATE_PROFILE',40),('1fb30118-3d4c-46ac-8e68-5c88c1122ee7','delete_account','Delete Account','org1',0,0,'delete_account',60),('21ba3d43-2724-466a-aab0-76997de6d2ca','CONFIGURE_TOTP','Configure OTP','org3',1,0,'CONFIGURE_TOTP',10),('225e004f-38d0-4bfc-87e8-3ab20cfb2e31','webauthn-register-passwordless','Webauthn Register Passwordless','org3',1,0,'webauthn-register-passwordless',80),('243e5a9e-16ec-4e3c-838b-0d65ffc09c62','UPDATE_PROFILE','Update Profile','org3',1,0,'UPDATE_PROFILE',40),('29d99f4c-0f29-4fd7-8ef0-4cedddf13779','VERIFY_EMAIL','Verify Email','org1',1,0,'VERIFY_EMAIL',50),('3007bdd6-947d-4a47-be0f-2b7ffa22e1c4','TERMS_AND_CONDITIONS','Terms and Conditions','org5',0,0,'TERMS_AND_CONDITIONS',20),('33423248-9808-4159-a125-bf1215a43032','CONFIGURE_TOTP','Configure OTP','org5',1,0,'CONFIGURE_TOTP',10),('383bc2a1-83d6-4d9e-9aa3-1e0e6990fea0','CONFIGURE_TOTP','Configure OTP','9643073e-80de-4254-9166-5c75e800fbb5',1,0,'CONFIGURE_TOTP',10),('3f2393e3-39d7-4f59-8cda-dee324b68517','TERMS_AND_CONDITIONS','Terms and Conditions','org4',0,0,'TERMS_AND_CONDITIONS',20),('4683b14d-a453-4533-bc21-37c53806846c','webauthn-register-passwordless','Webauthn Register Passwordless','org4',1,0,'webauthn-register-passwordless',80),('536a82fd-8b36-4e62-a516-bcd6b195fe98','delete_credential','Delete Credential','org5',1,0,'delete_credential',100),('55ac5c1c-f506-45ff-9a2f-7c5cd3b35581','delete_account','Delete Account','org3',0,0,'delete_account',60),('581b7940-69aa-4229-9a31-8e75938f613a','CONFIGURE_TOTP','Configure OTP','org2',1,0,'CONFIGURE_TOTP',10),('5e2c552e-e740-40dc-a25b-47cb1027aef4','update_user_locale','Update User Locale','org1',1,0,'update_user_locale',1000),('64b07e01-4ab3-418a-a14e-437bb024fddc','TERMS_AND_CONDITIONS','Terms and Conditions','org2',0,0,'TERMS_AND_CONDITIONS',20),('6e216628-c770-4752-b719-bd062dca92ae','webauthn-register','Webauthn Register','org3',1,0,'webauthn-register',70),('6fe410d8-613a-43c9-b100-ee9595925489','UPDATE_PASSWORD','Update Password','org1',1,0,'UPDATE_PASSWORD',30),('723fc354-b556-405c-bc01-8613911a6be0','update_user_locale','Update User Locale','org5',1,0,'update_user_locale',1000),('756e3733-acaa-45ca-9fcb-dfee4678b177','webauthn-register-passwordless','Webauthn Register Passwordless','9643073e-80de-4254-9166-5c75e800fbb5',1,0,'webauthn-register-passwordless',80),('75e1bf37-cf7c-4a3c-9238-ed101f05806a','delete_credential','Delete Credential','org4',1,0,'delete_credential',100),('7659be17-e516-4f07-80a2-bafc73835564','VERIFY_EMAIL','Verify Email','org3',1,0,'VERIFY_EMAIL',50),('7c898409-5781-48f5-832c-6760d12330da','CONFIGURE_TOTP','Configure OTP','org1',1,0,'CONFIGURE_TOTP',10),('844cc468-83cb-4c12-a3dd-662505633f9a','update_user_locale','Update User Locale','9643073e-80de-4254-9166-5c75e800fbb5',1,0,'update_user_locale',1000),('85b006f4-10be-464b-b4dd-96cabc8e9e49','webauthn-register-passwordless','Webauthn Register Passwordless','org2',1,0,'webauthn-register-passwordless',80),('86afcb66-4809-44e0-8495-ab2f1385cdd2','UPDATE_PROFILE','Update Profile','org5',1,0,'UPDATE_PROFILE',40),('87fd4967-ae35-47d7-ba22-7b1593c134cc','VERIFY_EMAIL','Verify Email','org2',1,0,'VERIFY_EMAIL',50),('8de479c3-dbe0-4a7d-9281-8c4c84bcdbd8','VERIFY_PROFILE','Verify Profile','org5',1,0,'VERIFY_PROFILE',90),('8f3d62cf-633a-4e4e-87e5-5cbf3dab7430','webauthn-register','Webauthn Register','org1',1,0,'webauthn-register',70),('95c9685b-7d8a-43e6-a709-4a5d31393f84','webauthn-register','Webauthn Register','org4',1,0,'webauthn-register',70),('99fb1897-8f9d-43f9-ba60-e7a2b345b136','webauthn-register-passwordless','Webauthn Register Passwordless','org5',1,0,'webauthn-register-passwordless',80),('a3c05323-b885-45cd-93fa-58e11285ba9a','delete_account','Delete Account','org4',0,0,'delete_account',60),('a5763636-b85f-40cb-a8d4-c56f6c0fa93b','delete_account','Delete Account','org5',0,0,'delete_account',60),('a5b3f397-30ee-49f1-8d0d-7bbb4a441acf','TERMS_AND_CONDITIONS','Terms and Conditions','org1',0,0,'TERMS_AND_CONDITIONS',20),('a76e8d81-e493-4ec8-9036-3be640718986','update_user_locale','Update User Locale','org2',1,0,'update_user_locale',1000),('a94de4c6-916e-47fe-b994-fc65ad767c30','webauthn-register-passwordless','Webauthn Register Passwordless','org1',1,0,'webauthn-register-passwordless',80),('b26ee935-042a-4834-8ea7-8dfd9b77ae6c','VERIFY_PROFILE','Verify Profile','org3',1,0,'VERIFY_PROFILE',90),('b2fc5ff7-89e8-4924-a2f8-c73019911308','update_user_locale','Update User Locale','org4',1,0,'update_user_locale',1000),('b3c6b4a0-6ea3-447f-ad2c-24245f40419f','VERIFY_PROFILE','Verify Profile','org1',1,0,'VERIFY_PROFILE',90),('b7ffcb50-eb10-447c-87e0-0fd08b4616b6','delete_credential','Delete Credential','org3',1,0,'delete_credential',100),('be3a7794-2541-4c95-9c66-61b58346eadc','UPDATE_PASSWORD','Update Password','org2',1,0,'UPDATE_PASSWORD',30),('bf9811b3-5457-4afc-96dd-3e8577b8bc09','UPDATE_PROFILE','Update Profile','org4',1,0,'UPDATE_PROFILE',40),('c60acfb7-8a09-4323-8306-984d7f01cbb9','webauthn-register','Webauthn Register','9643073e-80de-4254-9166-5c75e800fbb5',1,0,'webauthn-register',70),('c832d3f6-b83c-4967-bacb-6f0a5b09991e','UPDATE_PASSWORD','Update Password','org5',1,0,'UPDATE_PASSWORD',30),('cd9acec7-cf68-4d07-b66c-7382a7b75a0c','webauthn-register','Webauthn Register','org5',1,0,'webauthn-register',70),('d1d8c698-8d67-4b52-9dd4-e5aa6fb1ea8b','TERMS_AND_CONDITIONS','Terms and Conditions','org3',0,0,'TERMS_AND_CONDITIONS',20),('d3f1d688-5b6b-4af5-8bde-660fb8b36003','webauthn-register','Webauthn Register','org2',1,0,'webauthn-register',70),('d40feac8-5d4d-47c6-a1d4-01e102a24db7','VERIFY_PROFILE','Verify Profile','9643073e-80de-4254-9166-5c75e800fbb5',1,0,'VERIFY_PROFILE',90),('d6f9959e-4a14-42ab-b3bf-c068c1907125','CONFIGURE_TOTP','Configure OTP','org4',1,0,'CONFIGURE_TOTP',10),('da1297fc-f14f-4b3a-a1dd-1be94a43a1b4','VERIFY_EMAIL','Verify Email','org5',1,0,'VERIFY_EMAIL',50),('dac59f2b-3a84-4fae-9d84-b02ec9562de9','UPDATE_PASSWORD','Update Password','org4',1,0,'UPDATE_PASSWORD',30),('ddad935d-b882-4d3b-8428-faa60d51068d','update_user_locale','Update User Locale','org3',1,0,'update_user_locale',1000),('e18ed01a-cc07-4073-be96-5754e2b474db','VERIFY_EMAIL','Verify Email','org4',1,0,'VERIFY_EMAIL',50),('e38b321e-bff4-4c6b-a4b7-84e94d7eee84','UPDATE_PASSWORD','Update Password','org3',1,0,'UPDATE_PASSWORD',30),('e4d678d0-95c7-44be-a3da-56929c1549e5','UPDATE_PROFILE','Update Profile','9643073e-80de-4254-9166-5c75e800fbb5',1,0,'UPDATE_PROFILE',40),('e84397f3-a4c4-400b-807c-e91a7022da66','VERIFY_EMAIL','Verify Email','9643073e-80de-4254-9166-5c75e800fbb5',1,0,'VERIFY_EMAIL',50),('ed5510f6-6aa4-4432-abc3-22611c8050e8','VERIFY_PROFILE','Verify Profile','org4',1,0,'VERIFY_PROFILE',90),('fe7eb5fc-17a0-42d7-8388-0f80a15757a5','delete_account','Delete Account','org2',0,0,'delete_account',60),('ff2695f6-5551-41ae-a6d5-8a1a21359c82','VERIFY_PROFILE','Verify Profile','org2',1,0,'VERIFY_PROFILE',90);
UNLOCK TABLES;

--
-- Dumping data for table `RESOURCE_ATTRIBUTE`
--

LOCK TABLES `RESOURCE_ATTRIBUTE` WRITE;
UNLOCK TABLES;

--
-- Dumping data for table `RESOURCE_POLICY`
--

LOCK TABLES `RESOURCE_POLICY` WRITE;
UNLOCK TABLES;

--
-- Dumping data for table `RESOURCE_SCOPE`
--

LOCK TABLES `RESOURCE_SCOPE` WRITE;
UNLOCK TABLES;

--
-- Dumping data for table `RESOURCE_SERVER`
--

LOCK TABLES `RESOURCE_SERVER` WRITE;
UNLOCK TABLES;

--
-- Dumping data for table `RESOURCE_SERVER_PERM_TICKET`
--

LOCK TABLES `RESOURCE_SERVER_PERM_TICKET` WRITE;
UNLOCK TABLES;

--
-- Dumping data for table `RESOURCE_SERVER_POLICY`
--

LOCK TABLES `RESOURCE_SERVER_POLICY` WRITE;
UNLOCK TABLES;

--
-- Dumping data for table `RESOURCE_SERVER_RESOURCE`
--

LOCK TABLES `RESOURCE_SERVER_RESOURCE` WRITE;
UNLOCK TABLES;

--
-- Dumping data for table `RESOURCE_SERVER_SCOPE`
--

LOCK TABLES `RESOURCE_SERVER_SCOPE` WRITE;
UNLOCK TABLES;

--
-- Dumping data for table `RESOURCE_URIS`
--

LOCK TABLES `RESOURCE_URIS` WRITE;
UNLOCK TABLES;

--
-- Dumping data for table `ROLE_ATTRIBUTE`
--

LOCK TABLES `ROLE_ATTRIBUTE` WRITE;
INSERT INTO `ROLE_ATTRIBUTE` VALUES ('04b452ff-9be0-4c95-bab1-d79ded405682','8100ba4d-af3b-4fe1-8b24-f8ef29eb339b','kind','workspace'),('07e0e3a5-3233-44d4-bfbe-a3a6bff745f8','6653450c-8eb4-4fc3-80a2-4338860bf01b','kind','workspace'),('09dbd3a9-470d-4d80-b219-e3a20f338936','d9d40d55-1204-44e2-9dc4-4bc3bdfa42cc','kind','workspace'),('0e83b092-9471-4e4f-a24e-d06ac638f096','b9b38803-20b2-42f7-83cb-f6520681f9b4','kind','workspace'),('0f17e3a6-c5fb-4213-bae7-c103ab3ed5af','454bb2b0-f7d4-4427-ba1e-e4aa8ce303e2','kind','workspace'),('10802703-a507-4bc0-8dd8-c0c2a8d5b43f','7a467c7c-8c4d-4432-a08e-b72cadfa3245','kind','organization'),('12c2dcdc-2d48-4812-b4d2-5dabc96a0074','11b6dd1b-b952-4b8a-8e3f-e094cb41a387','kind','workspace'),('144eacec-b776-49a6-9142-36709ff99a81','1c9b31c7-9def-4212-945b-11f238e342f8','kind','workspace'),('187a4cd5-774f-414e-b278-c25e318afc5a','3cc1d8b7-8788-449c-9315-96d13f5fab25','kind','workspace'),('1a7bbd80-32a1-451c-acab-46b5d95a9cc9','35778e49-d1bf-475d-9f90-4fd3c7e6f4ef','kind','workspace'),('1aaf9167-bf39-44a8-8528-b2af9ff1c849','ef857485-9a31-44e8-a26d-82e56d05a36b','kind','workspace'),('1e5862b6-41e5-450a-a6b5-b877f93b0c68','53fdf5c3-b9d5-4b7a-9ab7-4c5189077e58','kind','workspace'),('20052c3b-725a-4ba5-a709-a8e50b240118','75d03edf-048f-4584-b70a-7e47482292f0','kind','workspace'),('21d8208c-934f-4697-9d9a-66f10a6c87e3','9664eae8-c7d9-458f-9826-9f808a38defd','kind','workspace'),('24107166-7f8e-4959-b8e2-6d0fb3222987','5549ac43-0569-43a5-95aa-03ef6547a892','kind','workspace'),('24b53e89-981d-4e50-a7ac-a038a3592919','35de38dc-9fc5-4d67-a8a2-88feb557bf39','kind','workspace'),('276c9444-d713-49b3-bfc8-5ddc11c05532','d8d01d7f-3e5a-4a99-87a7-00a9228aeaf8','kind','workspace'),('284bfebe-ba1f-47f8-8c21-253134491398','e0062728-bd29-4496-a250-9043254a7116','kind','workspace'),('28bec2fd-0ce4-4fd6-83ce-1fbe89438c43','78c0fe07-2d9c-41b9-be8c-14b5356a636d','kind','workspace'),('29900180-328c-423e-bd06-8e1a290af98b','7221b4f3-7798-416c-a3c7-4a0eda49855e','kind','organization'),('3014f8d3-9220-461a-bd2e-5e0ddc53dafa','d2dad045-c6d7-4c29-af76-f4e86fabbfe1','kind','workspace'),('3a9c0a75-66a0-4a81-bf18-b64d3376133b','f9f46b68-3d18-4b8e-b4c8-e61092f86bfa','kind','workspace'),('3d4c0500-9ef8-438b-a1ad-dee6761a0630','3a9e82f2-513f-4839-bff9-666cdce60589','kind','workspace'),('3da2ce13-3841-4a4b-8039-e374a11cd684','f5a667a7-6e62-4214-83c2-fcd74aa5a0ef','kind','workspace'),('405551ea-3dcb-4d7e-b9f5-dfee4deee5d3','1365be7b-b01c-4fdf-89e9-e751a99514bf','kind','organization'),('42ad8f43-121a-41ed-a43e-45d9acc969a2','34666c82-3aa3-4de1-9953-636ffed9e16e','kind','workspace'),('42fe71ee-ff61-48c0-9035-85ca883775f2','6d49a40c-6aea-437a-8772-931795aa2eb7','kind','workspace'),('468dbfaa-f640-45e3-b61a-96c43dbed91c','6e3ce2dd-1ced-4609-a88e-91d00ebb440c','kind','workspace'),('498f5538-e5c7-417a-8207-f899793c4f3c','e5b00e1c-2e64-429b-a054-98bb9fddd4ab','kind','workspace'),('49927884-2e3f-4ce6-82ce-9a44d3d1203c','01419763-5308-45f8-8557-5b86cf8f4b31','kind','workspace'),('4a153ace-7ee5-4d87-b650-50b6c2d689ee','ad869bcf-4bee-4a07-9eb5-c16e98832941','kind','workspace'),('511ec481-2916-45f5-85e0-17cd8ab57815','6fc18984-33cb-4a45-9e14-9c56eb8a310f','kind','workspace'),('52f1ad9a-dc49-41e1-97aa-76837bbb7a98','d67e0755-a1ed-4d6b-b5f1-accf35407a35','kind','workspace'),('53766993-ffc0-41ee-9895-e9394c7afe42','67bcc725-9186-4811-82c0-63bcc893d806','kind','organization'),('537981d7-f441-4e53-8ff1-da0974a99a60','a5802ab6-01b1-4309-b143-7168733970f1','kind','workspace'),('56983fdf-bd90-49e4-babb-b4383c95c821','11eeb637-6b8a-4ab9-aaa1-1cfbb63838a5','kind','workspace'),('579c4b17-6a3d-4282-8ed4-8cc4b67f8e1d','37ede91c-7651-48f2-ac14-13da8fec72af','kind','workspace'),('58f144b3-9b43-408f-b022-a1c644764ed3','4c93f6ee-e31f-4d9b-b514-888c7ec09c13','kind','workspace'),('5cc8c0fd-0d74-424a-907a-92c68c305336','8b683043-211e-4b44-a702-54f1a4ce5346','kind','organization'),('5ff7bd63-9437-4743-94dd-acf38b8340fe','3c2cdb34-2ea6-4e73-b7ed-c027bd45bdeb','kind','workspace'),('68f384d6-9a38-4876-85a1-d051b4ed8457','dcac98d8-f7f2-45bb-8fd5-c05eeac3d40d','kind','workspace'),('692ee8b6-f607-45f2-aa3e-de1547693df8','ebb77633-fb56-45c6-b1c6-7175e41c77c0','kind','organization'),('6adb3c14-6f16-4399-b974-d0f349b53807','e215219d-ebb0-4fd3-8301-0d1f01617938','kind','workspace'),('6bf77236-6789-4efc-bbdb-02e91bdf1fd3','dd35383f-c20c-40de-97cf-205d57896b29','kind','organization'),('6f7d7e87-713b-4e4e-93ee-afdcfccfd195','ea7f79a8-f9e3-40f2-bd1e-d0213ead58de','kind','workspace'),('7670e564-9938-4e13-befb-e29e4a7e3936','1c2cf165-c4f3-4cf0-9cd3-73295ee47806','kind','organization'),('76a381cc-e95a-4cf6-8fc6-d3bd1c4423ae','a394ed9e-c1ab-4eba-b255-6cf18c7dad81','kind','workspace'),('7c8c289c-6822-41ce-8630-8f059958da83','b6560c2f-f57b-4e22-a3e3-212717466cc4','kind','workspace'),('7de9bc3f-0840-46a2-8e75-f771768b64ba','fc54d871-1aaf-4038-9051-ee7b3f34f689','kind','workspace'),('800a4b6d-65af-4c68-8fa7-3a2363fa5377','9656ff84-c381-45d8-84fe-4fb7deb400ff','kind','workspace'),('81e7becc-848c-40b1-a6f6-ff4845e2b694','0e425cf5-f647-4eac-b55b-341e4c548ed5','kind','workspace'),('9232a410-0c20-49e5-9232-6819160f8cfc','10a92bbc-99d2-494c-b266-7b2e7a6f72f4','kind','workspace'),('94a2af2d-e35e-4d07-a0b6-e20a411097f7','ba19c3fc-3a45-434b-84ed-6497d55e257a','kind','workspace'),('97b76edb-0fed-4895-a394-63db51c81334','5191daa1-f5e5-4579-bea2-dce8be90d5b1','kind','organization'),('98c15d1f-27c2-42f7-8bec-1385da298a15','24917eb1-d781-4f1a-9c27-4b24c82854a3','kind','workspace'),('99b9d5f4-a874-47f9-a686-061ab79240a2','64954460-a397-42f0-bcaf-b938dbcaf6b6','kind','workspace'),('a263ab5a-d2c0-437c-9b42-e53b30291c72','e0d18af3-62f5-4fd7-9da8-cbdeaaf3aec2','kind','workspace'),('a47e3d75-c727-4922-a041-c3a6c5f3b954','cf2b1444-5e34-419f-be90-33d604ac1d68','kind','workspace'),('a6b9cfc4-00c3-4d6f-9eee-56166ee974aa','e4c17f1b-b90e-441b-93a5-b5c224f31c46','kind','organization'),('a748ae41-691e-48f4-a93d-0d526f030e3e','6312791a-434e-4113-aa7a-42178b4fa92f','kind','workspace'),('a88dbda6-1d07-4193-8d2c-94128a322021','ed8d9449-9273-4cd8-98c3-84cb5b87fc8f','kind','organization'),('a8932c10-fa7a-40d3-b8e4-1a92c73dc1b8','8c332389-73fb-4026-86bb-162f0ef16eb1','kind','workspace'),('ad0bc85b-d5e0-44a4-8c93-b41996a783c4','37f64ccd-1cae-4ce7-8566-1a990ccab7d4','kind','workspace'),('ae57814d-6c0a-425d-8df9-a50be1429ec5','927640f9-d877-4fd6-b965-8bc086c727b1','kind','workspace'),('af06c135-b823-4327-9082-376ce2a254bd','83e34751-5196-4229-8562-0834cf915f1e','kind','workspace'),('b168c8c0-d0a2-4238-b5d9-76bd76ae822f','25f712e7-1c59-4307-b7ea-e884108d3320','kind','organization'),('b37d918c-7e63-4e0c-b28a-f4eee6d0bf7b','ec42044e-1857-4780-a49f-c2e211892783','kind','workspace'),('b88a9735-3089-4924-a725-90af08f1fae8','2e3c84b8-ecea-4073-b301-763cd220ca30','kind','workspace'),('b8b87aef-1d2a-42f5-8a15-c91db87ff8df','35949c2d-f190-48ee-8a49-29e0c23fcdca','kind','workspace'),('c3a0fd29-1d99-4a20-808c-8ac9ff3587de','4b687421-46dc-476c-9a5a-7ebf2e613728','kind','workspace'),('c3a342f1-4530-4976-aa1c-1ed580effe44','7cf7d1e7-fc35-4df5-913d-5f9741eaef2e','kind','workspace'),('c4ce9e1f-5001-40b4-ad53-fc2d5bc5857c','ec27d0ec-fdef-4492-97e4-2aa911dfb9e5','kind','workspace'),('cf9d6d2b-0eec-45c2-b67c-4a0fef9d96eb','6958e33b-b0c2-4c19-9081-7592d165c555','kind','workspace'),('d22105b2-01a2-499f-aa62-583722ad2c83','1f685442-0fef-44f3-ae10-f2cce234f94d','kind','workspace'),('d2c40bd2-6021-4311-8c82-08665f42ba7c','b447b11e-d67a-4b60-a8ba-fd761b94fd58','kind','workspace'),('d3e273e5-c7f8-48f1-8a75-7b6d23f5dff0','c875a7c9-26fb-4195-96f0-3f689a4f5819','kind','workspace'),('d84477df-3325-4f87-b39a-18895c5c574b','d1c30e8b-4d71-4d97-9c45-1da8f318c2aa','kind','organization'),('d89d9bdc-0369-4369-b6b4-94523de874ba','e64d6af9-89e0-4324-b5f3-ee16c91824f3','kind','workspace'),('d9d039e8-1664-4ba0-aafd-5d76141290ee','d1dc780e-4b81-4f73-96da-c9579299e532','kind','workspace'),('e8d3a554-564a-415c-a930-e418a82ba70d','ce2805ec-1c55-4678-87d1-8a6981dcdc61','kind','organization'),('ea0bd2d3-4996-4ca7-b050-39935b44dfe4','4a4e2004-448e-4013-a7f2-c0a360cc5bfa','kind','workspace'),('eeebf4e3-1563-4d89-9f1f-5e8cedd216d9','e4b4e9b1-2dde-4d00-92e1-bd5932a99ff1','kind','workspace'),('ef3ca211-c63f-4d5d-b91f-abcb077b491c','c99b8965-1c0d-4253-90c4-2fa88fd0b777','kind','workspace'),('f0da5bc9-4383-42cc-a329-23af9eb8fcd5','87b8e675-6ece-4ac8-a6a4-1da6e13af703','kind','workspace'),('f782dceb-58b6-402d-b18c-4d543e58b47e','9a69d67b-6e12-423a-abee-348efff81bd4','kind','workspace'),('f7d28403-7713-4533-918a-a5baf92b9128','20b181d5-bf8b-41c0-a107-6ffc380b67f1','kind','workspace'),('f960194c-7e46-4c69-ba20-5a59322bb282','7297c7b4-f529-4167-8a08-6087d8ead5e6','kind','organization'),('fb7ed437-81e3-4dc6-9857-9415f2d5e2ea','ca877a4e-b403-442c-8faf-12baf7099d61','kind','workspace'),('fca3b41c-086d-46e6-ad60-878e2895115f','a6991074-464f-4d30-883f-823245ae8f2c','kind','workspace'),('feff6d2f-6542-4bf7-a319-bfd2d0ff4909','484b8207-d766-4cc3-9172-e132ca6dc832','kind','workspace');
UNLOCK TABLES;

--
-- Dumping data for table `SCOPE_MAPPING`
--

LOCK TABLES `SCOPE_MAPPING` WRITE;
INSERT INTO `SCOPE_MAPPING` VALUES ('4550d099-3f1d-4168-bc8d-659081fd9a17','3d14327c-4c10-47b7-8ce3-e31456a2fc87'),('4550d099-3f1d-4168-bc8d-659081fd9a17','ee45f4eb-9984-42e1-b0dc-72f0b4c8594d'),('58af73be-1124-4f34-a9a7-3742f8a57086','4bd10918-1e20-4d99-bce3-b4fe0ee31d34'),('58af73be-1124-4f34-a9a7-3742f8a57086','65d00038-754a-4094-b1fe-9aff64bb04aa'),('8ce5f029-5409-47af-a57a-2a8e2d8c8683','19b4f240-97dc-4a61-bbb1-143fb7098fbe'),('8ce5f029-5409-47af-a57a-2a8e2d8c8683','eebd89c1-277f-4b08-a4d7-dae9eab47cf0'),('9da3f36e-34a3-42a3-99ae-52f172a21ecf','0dd2f686-945d-4e8f-af38-bf45d8281b0d'),('9da3f36e-34a3-42a3-99ae-52f172a21ecf','3d512122-dabc-43ec-939e-5cefc69c05d5'),('d7cfc645-824c-4ea7-b991-76f1f5a3ee36','3c652db4-8134-4237-8c2b-881ce1818baf'),('d7cfc645-824c-4ea7-b991-76f1f5a3ee36','9e437b05-2977-4394-8f22-ab1ae074e739'),('fa3c114b-67b5-4c44-a52c-380b50d58da3','7ab6516c-93f0-49e6-98f6-661535eccfa9'),('fa3c114b-67b5-4c44-a52c-380b50d58da3','c312e76b-cbe5-4f00-aa68-60832d549db3');
UNLOCK TABLES;

--
-- Dumping data for table `SCOPE_POLICY`
--

LOCK TABLES `SCOPE_POLICY` WRITE;
UNLOCK TABLES;

--
-- Dumping data for table `USERNAME_LOGIN_FAILURE`
--

LOCK TABLES `USERNAME_LOGIN_FAILURE` WRITE;
UNLOCK TABLES;

--
-- Dumping data for table `USER_ATTRIBUTE`
--

LOCK TABLES `USER_ATTRIBUTE` WRITE;
UNLOCK TABLES;

--
-- Dumping data for table `USER_CONSENT`
--

LOCK TABLES `USER_CONSENT` WRITE;
UNLOCK TABLES;

--
-- Dumping data for table `USER_CONSENT_CLIENT_SCOPE`
--

LOCK TABLES `USER_CONSENT_CLIENT_SCOPE` WRITE;
UNLOCK TABLES;

--
-- Dumping data for table `USER_ENTITY`
--

LOCK TABLES `USER_ENTITY` WRITE;
INSERT INTO `USER_ENTITY` VALUES ('0d3ecd32-2905-43ff-b166-15f5cc14b69f',NULL,'7b043bc6-dad7-4ab9-b2de-541ddd6571f0',0,1,NULL,NULL,NULL,'9643073e-80de-4254-9166-5c75e800fbb5','admin',1755590818032,NULL,0),('11e8c7e0-cfb5-45f4-be0c-87c51eccd434',NULL,'26593759-2c3d-46e3-bdaf-08fe22cd7edb',0,1,NULL,NULL,NULL,'9643073e-80de-4254-9166-5c75e800fbb5','service-account-_platform',1755590826031,'1bb141eb-f6ea-4e73-a5c5-9902dd89cd08',0),('1be43b9e-0ad6-4401-980f-3ef5a5a6b889','admin@example.com','admin@example.com',0,1,NULL,'admin','admin','org5','admin',1755591081195,NULL,0),('2e17e43b-654c-47b3-91fa-35a9cd5e1067','admin@example.com','admin@example.com',0,1,NULL,'admin','admin','org2','admin',1755591035628,NULL,0),('52e0b689-8b97-48c6-b85c-861f6daf5497','admin@example.com','admin@example.com',0,1,NULL,'admin','admin','org1','admin',1755591019215,NULL,0),('57df7deb-9bdd-41da-8092-d56544d6ede7',NULL,'f9924b3a-2ed3-4196-b221-188c9d421b65',0,1,NULL,NULL,NULL,'org3','service-account-org3-workspaces',1755591049636,'d137d744-bd8f-4564-a08a-42c321fcd1ef',0),('87e9d871-9812-4e8f-9ae8-25b1de8007c3','admin@example.com','admin@example.com',0,1,NULL,'admin','admin','org4','admin',1755591067022,NULL,0),('9a65e6ea-bcd8-41e4-9003-727e8b57e54b',NULL,'15b07384-0ad5-47a3-bf19-32afb81ee312',0,1,NULL,NULL,NULL,'org5','service-account-org5-workspaces',1755591080200,'8fc726dc-fdaf-4ade-b55e-f33c7111bf95',0),('da698bab-f61b-455a-9d24-9128e9515c92',NULL,'457f4b50-f929-477f-a309-fb6c0472e73c',0,1,NULL,NULL,NULL,'org4','service-account-org4-workspaces',1755591065951,'a0940068-fbaf-4ef7-a62c-c38b71f55474',0),('e9eccc79-6f5f-478a-9277-6ae4bea39d98',NULL,'81ab0544-bd2e-43e2-9d27-32991f96a18a',0,1,NULL,NULL,NULL,'org1','service-account-org1-workspaces',1755591017819,'742e6a45-dd6c-42b9-8bac-676ee77ef264',0),('eb0170e4-dc33-4912-a268-052b8234c43c','admin@example.com','admin@example.com',0,1,NULL,'admin','admin','org3','admin',1755591050580,NULL,0),('f01d8325-1d93-43f5-8d50-6f4011b117c6',NULL,'a3cc3533-fbbc-4aad-bede-a4314cc61f78',0,1,NULL,NULL,NULL,'org2','service-account-org2-workspaces',1755591034522,'25395b94-d108-4733-bde2-275d838f2ad2',0);
UNLOCK TABLES;

--
-- Dumping data for table `USER_FEDERATION_CONFIG`
--

LOCK TABLES `USER_FEDERATION_CONFIG` WRITE;
UNLOCK TABLES;

--
-- Dumping data for table `USER_FEDERATION_MAPPER`
--

LOCK TABLES `USER_FEDERATION_MAPPER` WRITE;
UNLOCK TABLES;

--
-- Dumping data for table `USER_FEDERATION_MAPPER_CONFIG`
--

LOCK TABLES `USER_FEDERATION_MAPPER_CONFIG` WRITE;
UNLOCK TABLES;

--
-- Dumping data for table `USER_FEDERATION_PROVIDER`
--

LOCK TABLES `USER_FEDERATION_PROVIDER` WRITE;
UNLOCK TABLES;

--
-- Dumping data for table `USER_GROUP_MEMBERSHIP`
--

LOCK TABLES `USER_GROUP_MEMBERSHIP` WRITE;
UNLOCK TABLES;

--
-- Dumping data for table `USER_REQUIRED_ACTION`
--

LOCK TABLES `USER_REQUIRED_ACTION` WRITE;
UNLOCK TABLES;

--
-- Dumping data for table `USER_ROLE_MAPPING`
--

LOCK TABLES `USER_ROLE_MAPPING` WRITE;
INSERT INTO `USER_ROLE_MAPPING` VALUES ('0ceadffa-2a51-42c5-a95b-5e1ca3a13a98','52e0b689-8b97-48c6-b85c-861f6daf5497'),('0ceadffa-2a51-42c5-a95b-5e1ca3a13a98','e9eccc79-6f5f-478a-9277-6ae4bea39d98'),('0e425cf5-f647-4eac-b55b-341e4c548ed5','2e17e43b-654c-47b3-91fa-35a9cd5e1067'),('1f685442-0fef-44f3-ae10-f2cce234f94d','eb0170e4-dc33-4912-a268-052b8234c43c'),('24f658b5-50d0-48e3-bef8-0316d28ef50f','2e17e43b-654c-47b3-91fa-35a9cd5e1067'),('24f658b5-50d0-48e3-bef8-0316d28ef50f','f01d8325-1d93-43f5-8d50-6f4011b117c6'),('25f712e7-1c59-4307-b7ea-e884108d3320','2e17e43b-654c-47b3-91fa-35a9cd5e1067'),('35de38dc-9fc5-4d67-a8a2-88feb557bf39','eb0170e4-dc33-4912-a268-052b8234c43c'),('37ede91c-7651-48f2-ac14-13da8fec72af','eb0170e4-dc33-4912-a268-052b8234c43c'),('3a9e82f2-513f-4839-bff9-666cdce60589','87e9d871-9812-4e8f-9ae8-25b1de8007c3'),('48c10856-3b1c-44f6-8a9d-ab499fec27f7','57df7deb-9bdd-41da-8092-d56544d6ede7'),('67bcc725-9186-4811-82c0-63bcc893d806','eb0170e4-dc33-4912-a268-052b8234c43c'),('6958e33b-b0c2-4c19-9081-7592d165c555','2e17e43b-654c-47b3-91fa-35a9cd5e1067'),('7a467c7c-8c4d-4432-a08e-b72cadfa3245','87e9d871-9812-4e8f-9ae8-25b1de8007c3'),('7ff33427-a382-4133-809d-9a27f1f51688','f01d8325-1d93-43f5-8d50-6f4011b117c6'),('8960a001-9fc4-41b7-b400-a4bc0e39fd76','9a65e6ea-bcd8-41e4-9003-727e8b57e54b'),('8c1e2842-b510-4ac2-bb5b-78e8beaa58cf','e9eccc79-6f5f-478a-9277-6ae4bea39d98'),('95574367-34a7-4196-ac78-1bc355f43933','da698bab-f61b-455a-9d24-9128e9515c92'),('9c84a23e-a350-4fcd-bc2d-0ea2177cbf68','57df7deb-9bdd-41da-8092-d56544d6ede7'),('9c84a23e-a350-4fcd-bc2d-0ea2177cbf68','eb0170e4-dc33-4912-a268-052b8234c43c'),('b006e21f-4db3-453d-8cbc-508e35bc5e3a','87e9d871-9812-4e8f-9ae8-25b1de8007c3'),('b006e21f-4db3-453d-8cbc-508e35bc5e3a','da698bab-f61b-455a-9d24-9128e9515c92'),('b9b38803-20b2-42f7-83cb-f6520681f9b4','87e9d871-9812-4e8f-9ae8-25b1de8007c3'),('ba19c3fc-3a45-434b-84ed-6497d55e257a','52e0b689-8b97-48c6-b85c-861f6daf5497'),('be112f6d-246c-4857-b54c-a28e91d20544','1be43b9e-0ad6-4401-980f-3ef5a5a6b889'),('be112f6d-246c-4857-b54c-a28e91d20544','9a65e6ea-bcd8-41e4-9003-727e8b57e54b'),('c875a7c9-26fb-4195-96f0-3f689a4f5819','1be43b9e-0ad6-4401-980f-3ef5a5a6b889'),('ce2805ec-1c55-4678-87d1-8a6981dcdc61','52e0b689-8b97-48c6-b85c-861f6daf5497'),('d8d01d7f-3e5a-4a99-87a7-00a9228aeaf8','1be43b9e-0ad6-4401-980f-3ef5a5a6b889'),('d9d40d55-1204-44e2-9dc4-4bc3bdfa42cc','2e17e43b-654c-47b3-91fa-35a9cd5e1067'),('dbe7b89a-c2f2-42f7-a872-19d5229d6053','0d3ecd32-2905-43ff-b166-15f5cc14b69f'),('dbe7b89a-c2f2-42f7-a872-19d5229d6053','11e8c7e0-cfb5-45f4-be0c-87c51eccd434'),('e0d18af3-62f5-4fd7-9da8-cbdeaaf3aec2','52e0b689-8b97-48c6-b85c-861f6daf5497'),('e215219d-ebb0-4fd3-8301-0d1f01617938','1be43b9e-0ad6-4401-980f-3ef5a5a6b889'),('e5b00e1c-2e64-429b-a054-98bb9fddd4ab','87e9d871-9812-4e8f-9ae8-25b1de8007c3'),('ea7f79a8-f9e3-40f2-bd1e-d0213ead58de','52e0b689-8b97-48c6-b85c-861f6daf5497'),('ed8d9449-9273-4cd8-98c3-84cb5b87fc8f','1be43b9e-0ad6-4401-980f-3ef5a5a6b889'),('fee578c6-cae8-4918-90ad-5cb1cdbd7ee6','0d3ecd32-2905-43ff-b166-15f5cc14b69f'),('fee578c6-cae8-4918-90ad-5cb1cdbd7ee6','11e8c7e0-cfb5-45f4-be0c-87c51eccd434');
UNLOCK TABLES;

--
-- Dumping data for table `USER_SESSION`
--

LOCK TABLES `USER_SESSION` WRITE;
UNLOCK TABLES;

--
-- Dumping data for table `USER_SESSION_NOTE`
--

LOCK TABLES `USER_SESSION_NOTE` WRITE;
UNLOCK TABLES;

--
-- Dumping data for table `WEB_ORIGINS`
--

LOCK TABLES `WEB_ORIGINS` WRITE;
INSERT INTO `WEB_ORIGINS` VALUES ('2d05db90-7bfd-4f43-8f74-4cdbbb9a4a40','+'),('555435bb-3607-4027-89ec-ccdd8baae872','+'),('60a7afae-7d70-4839-bcde-254fdf03b6e6','+'),('9e18243f-0082-4430-ad63-ae8ea2df0d3f','+'),('ec02446c-1f1e-45b1-9ad2-ab86e0cd1111','+'),('fe87db9e-e678-498e-abec-9691a522d1af','+');
UNLOCK TABLES;

--
-- Current Database: `platform`
--

USE `platform`;

--
-- Dumping data for table `M_SYSTEM_CONFIG`
--

LOCK TABLES `M_SYSTEM_CONFIG` WRITE;
INSERT INTO `M_SYSTEM_CONFIG` VALUES ('ita.system.ansible.execution_limit','25','Maximum number of movement executions for whole of IT automation','2025-08-19 17:07:11','dummy','2025-08-19 17:07:11','dummy'),('ita.system.menu_export_import.buffer_size','10000','Maximum buffer size of menu Export/import for System default (Used for DB fetch size, file stream read size)','2025-08-19 17:07:12','dummy','2025-08-19 17:07:12','dummy'),('platform.system.audit_log.cleanup_time','04:00','Audit log cleanup time','2025-08-19 17:07:06','dummy','2025-08-19 17:07:06','dummy'),('platform.system.audit_log.download_exp_days','7','Audit log download expiration days','2025-08-19 17:07:06','dummy','2025-08-19 17:07:06','dummy'),('platform.system.audit_log.download_file_limit','100','Audit log download limit','2025-08-19 17:07:06','dummy','2025-08-19 17:07:06','dummy'),('platform.system.audit_log.retention_days','365','Audit log retention days','2025-08-19 17:07:06','dummy','2025-08-19 17:07:06','dummy'),('platform.system.chunk_size','102400','chunk size for upload/download','2025-08-19 17:07:06','dummy','2025-08-19 17:07:06','dummy'),('platform.system.user_export_import.cleanup_time','04:01','User export and bulk import cleanup time','2025-08-19 17:07:07','dummy','2025-08-19 17:07:07','dummy'),('platform.system.user_export_import.exp_days','7','User export and bulk import expiration days','2025-08-19 17:07:06','dummy','2025-08-19 17:07:06','dummy');
UNLOCK TABLES;

--
-- Dumping data for table `T_MAINTENANCE_MODE`
--

LOCK TABLES `T_MAINTENANCE_MODE` WRITE;
INSERT INTO `T_MAINTENANCE_MODE` VALUES ('1','BACKYARD_EXECUTE_STOP','0','2025-08-19 17:07:06.000000',NULL),('2','DATA_UPDATE_STOP','0','2025-08-19 17:07:06.000000',NULL);
UNLOCK TABLES;

--
-- Dumping data for table `T_ORGANIZATION`
--

LOCK TABLES `T_ORGANIZATION` WRITE;
INSERT INTO `T_ORGANIZATION` VALUES ('org1','name of organization','{\"status\": \"Organization Create Complete\", \"options\": {}, \"ext_options\": {\"options_ita\": {\"drivers\": {\"terraform_cloud_ep\": false, \"terraform_cli\": false, \"ci_cd\": false, \"oase\": false}}}}','2025-08-19 17:10:16','unittest-user01','2025-08-19 17:10:21','unittest-user01'),('org2','name of organization','{\"status\": \"Organization Create Complete\", \"options\": {}, \"ext_options\": {\"options_ita\": {\"drivers\": {\"terraform_cloud_ep\": false, \"terraform_cli\": false, \"ci_cd\": false, \"oase\": false}}}}','2025-08-19 17:10:33','unittest-user01','2025-08-19 17:10:38','unittest-user01'),('org3','name of organization','{\"status\": \"Organization Create Complete\", \"options\": {}, \"ext_options\": {\"options_ita\": {\"drivers\": {\"terraform_cloud_ep\": false, \"terraform_cli\": false, \"ci_cd\": false, \"oase\": false}}}}','2025-08-19 17:10:48','unittest-user01','2025-08-19 17:10:52','unittest-user01'),('org4','name of organization','{\"status\": \"Organization Create Complete\", \"options\": {}, \"ext_options\": {\"options_ita\": {\"drivers\": {\"terraform_cloud_ep\": false, \"terraform_cli\": false, \"ci_cd\": false, \"oase\": false}}}}','2025-08-19 17:11:04','unittest-user01','2025-08-19 17:11:08','unittest-user01'),('org5','name of organization','{\"status\": \"Organization Create Complete\", \"options\": {}, \"ext_options\": {\"options_ita\": {\"drivers\": {\"terraform_cloud_ep\": false, \"terraform_cli\": false, \"ci_cd\": false, \"oase\": false}}}}','2025-08-19 17:11:18','unittest-user01','2025-08-19 17:11:23','unittest-user01');
UNLOCK TABLES;

--
-- Dumping data for table `T_ORGANIZATION_DB`
--

LOCK TABLES `T_ORGANIZATION_DB` WRITE;
INSERT INTO `T_ORGANIZATION_DB` VALUES ('org1','unittest-platform-db',3306,'PF_ORG_EJAZXMTPQTINWQZ16444','PF_ORG_EJAZXMTPQTINWQZ16444','nBu8GNwIGcfXXGXiP8M2Mz3SdJgqX98opp9bFIaSSOBSS5zFzkMf4E/ygRsewuoV','2025-08-19 17:10:19','unittest-user01','2025-08-19 17:11:34','unittest-user01'),('org2','unittest-platform-db',3306,'PF_ORG_3ZFT04BZQ7EFICH92F9P','PF_ORG_3ZFT04BZQ7EFICH92F9P','w7i+EFDqH39C/tdi5aqIpeLHUVG5D2CeKWmR6qwvHDfZMsy7rwK/KSYZUs6cg5dW','2025-08-19 17:10:36','unittest-user01','2025-08-19 17:11:34','unittest-user01'),('org3','unittest-platform-db',3306,'PF_ORG_88TRICA7QF3FWGGEBERO','PF_ORG_88TRICA7QF3FWGGEBERO','nMNj7/3pjNzD3doZAUICPokDRoIBYaCQPvZ1Aq1oqPODS91zoJnVXQylGvF9I10/','2025-08-19 17:10:51','unittest-user01','2025-08-19 17:11:34','unittest-user01'),('org4','unittest-platform-db',3306,'PF_ORG_DGZ00V7W0MS6UE8FCB69','PF_ORG_DGZ00V7W0MS6UE8FCB69','5CeKLUvscuicCjYtldn9R8++cSRyAvioJx/U39tnYOP6t5Xl+JKk5vF8APxRafog','2025-08-19 17:11:07','unittest-user01','2025-08-19 17:11:34','unittest-user01'),('org5','unittest-platform-db',3306,'PF_ORG_SFRZWK33L31NYHF3VHNU','PF_ORG_SFRZWK33L31NYHF3VHNU','BYExcsrXqId8JdsmJD4GJUFBfv0sY1E+0FDAmNnTRjgL+Wn4zRjacOk9W8Oi+J2b','2025-08-19 17:11:21','unittest-user01','2025-08-19 17:11:34','unittest-user01');
UNLOCK TABLES;

--
-- Dumping data for table `T_ORGANIZATION_PLAN`
--

LOCK TABLES `T_ORGANIZATION_PLAN` WRITE;
UNLOCK TABLES;

--
-- Dumping data for table `T_PLAN`
--

LOCK TABLES `T_PLAN` WRITE;
INSERT INTO `T_PLAN` VALUES ('_default','_default plan','{\"description\": \"default plan\"}','2025-08-19 17:07:05','system','2025-08-19 17:07:05','system');
UNLOCK TABLES;

--
-- Dumping data for table `T_PLAN_ITEM`
--

LOCK TABLES `T_PLAN_ITEM` WRITE;
INSERT INTO `T_PLAN_ITEM` VALUES ('ita.organization.ansible.execution_limit','{\"description\": \"Maximum number of movement executions for organization default\", \"max\": 1000}','2025-08-19 17:07:11','dummy','2025-08-19 17:07:11','dummy'),('ita.organization.common.maintenance_records_limit','{\"description\": \"Maximum number of maintenance records processing for organization default\", \"max\": 100000}','2025-08-19 17:07:12','dummy','2025-08-19 17:07:12','dummy'),('ita.organization.common.upload_file_size_limit','{\"description\": \"Maximum byte size of upload file for organization default\", \"max\": 107374182400}','2025-08-19 17:07:12','dummy','2025-08-19 17:07:12','dummy'),('ita.organization.menu_export_import.buffer_size','{\"description\": \"Maximum buffer size of menu Export/import for Organization default (Used for DB fetch size, file stream read size)\", \"max\": 10000}','2025-08-19 17:07:12','dummy','2025-08-19 17:07:12','dummy'),('platform.roles','{\"description\": \"Maximum number of roles for organization default\", \"max\": 1000}','2025-08-19 17:07:05','system','2025-08-19 17:07:06','system'),('platform.users','{\"description\": \"Maximum number of users for organization default\", \"max\": 10000}','2025-08-19 17:07:05','system','2025-08-19 17:07:06','system'),('platform.workspaces','{\"description\": \"Maximum number of workspaces for organization default\", \"max\": 1000}','2025-08-19 17:07:05','system','2025-08-19 17:07:06','system');
UNLOCK TABLES;

--
-- Dumping data for table `T_PLAN_LIMIT`
--

LOCK TABLES `T_PLAN_LIMIT` WRITE;
INSERT INTO `T_PLAN_LIMIT` VALUES ('_default','ita.organization.ansible.execution_limit',25,'2025-08-19 17:07:11','dummy','2025-08-19 17:07:11','dummy'),('_default','ita.organization.common.maintenance_records_limit',10000,'2025-08-19 17:07:12','dummy','2025-08-19 17:07:12','dummy'),('_default','ita.organization.common.upload_file_size_limit',104857600,'2025-08-19 17:07:12','dummy','2025-08-19 17:07:12','dummy'),('_default','ita.organization.menu_export_import.buffer_size',1000,'2025-08-19 17:07:12','dummy','2025-08-19 17:07:12','dummy'),('_default','platform.roles',1000,'2025-08-19 17:07:05','system','2025-08-19 17:07:05','system'),('_default','platform.users',10000,'2025-08-19 17:07:05','system','2025-08-19 17:07:05','system'),('_default','platform.workspaces',100,'2025-08-19 17:07:05','system','2025-08-19 17:07:05','system');
UNLOCK TABLES;

--
-- Dumping data for table `T_PLATFORM_MIGRATION_HISTORY`
--

LOCK TABLES `T_PLATFORM_MIGRATION_HISTORY` WRITE;
INSERT INTO `T_PLATFORM_MIGRATION_HISTORY` VALUES (1,'1.3.0','START',NULL,'2025-08-19 17:07:04','1.11.0','2025-08-19 17:07:04','1.11.0'),(2,'1.3.0','SUCCEED',NULL,'2025-08-19 17:07:06','1.11.0','2025-08-19 17:07:06','1.11.0'),(3,'1.5.0','START',NULL,'2025-08-19 17:07:06','1.11.0','2025-08-19 17:07:06','1.11.0'),(4,'1.5.0','SUCCEED',NULL,'2025-08-19 17:07:06','1.11.0','2025-08-19 17:07:06','1.11.0'),(5,'1.5.2','START',NULL,'2025-08-19 17:07:06','1.11.0','2025-08-19 17:07:06','1.11.0'),(6,'1.5.2','SUCCEED',NULL,'2025-08-19 17:07:06','1.11.0','2025-08-19 17:07:06','1.11.0'),(7,'1.6.0','START',NULL,'2025-08-19 17:07:06','1.11.0','2025-08-19 17:07:06','1.11.0'),(8,'1.6.0','SUCCEED',NULL,'2025-08-19 17:07:06','1.11.0','2025-08-19 17:07:06','1.11.0'),(9,'1.7.0','START',NULL,'2025-08-19 17:07:06','1.11.0','2025-08-19 17:07:06','1.11.0'),(10,'1.7.0','SUCCEED',NULL,'2025-08-19 17:07:06','1.11.0','2025-08-19 17:07:06','1.11.0'),(11,'1.8.0','START',NULL,'2025-08-19 17:07:06','1.11.0','2025-08-19 17:07:06','1.11.0'),(12,'1.8.0','SUCCEED',NULL,'2025-08-19 17:07:06','1.11.0','2025-08-19 17:07:06','1.11.0'),(13,'1.8.1','START',NULL,'2025-08-19 17:07:06','1.11.0','2025-08-19 17:07:06','1.11.0'),(14,'1.8.1','SUCCEED',NULL,'2025-08-19 17:07:06','1.11.0','2025-08-19 17:07:06','1.11.0'),(15,'1.8.100','START',NULL,'2025-08-19 17:07:06','1.11.0','2025-08-19 17:07:06','1.11.0'),(16,'1.8.100','SUCCEED',NULL,'2025-08-19 17:07:06','1.11.0','2025-08-19 17:07:06','1.11.0'),(17,'1.9.0','START',NULL,'2025-08-19 17:07:06','1.11.0','2025-08-19 17:07:06','1.11.0'),(18,'1.9.0','SUCCEED',NULL,'2025-08-19 17:07:07','1.11.0','2025-08-19 17:07:07','1.11.0'),(19,'1.10.0','START',NULL,'2025-08-19 17:07:07','1.11.0','2025-08-19 17:07:07','1.11.0'),(20,'1.10.0','SUCCEED',NULL,'2025-08-19 17:07:07','1.11.0','2025-08-19 17:07:07','1.11.0'),(21,'1.11.0','START',NULL,'2025-08-19 17:07:07','1.11.0','2025-08-19 17:07:07','1.11.0'),(22,'1.11.0','SUCCEED',NULL,'2025-08-19 17:07:07','1.11.0','2025-08-19 17:07:07','1.11.0');
UNLOCK TABLES;

--
-- Dumping data for table `T_PLATFORM_PRIVATE`
--

LOCK TABLES `T_PLATFORM_PRIVATE` WRITE;
INSERT INTO `T_PLATFORM_PRIVATE` VALUES (1,'{\"TOKEN_CHECK_REALM_ID\": \"master\", \"TOKEN_CHECK_CLIENT_CLIENTID\": \"_platform\", \"TOKEN_CHECK_CLIENT_ID\": \"1bb141eb-f6ea-4e73-a5c5-9902dd89cd08\", \"TOKEN_CHECK_CLIENT_SECRET\": \"0G0G3FU4M2CTVeU9Ezi5fyrTl9GvLEUa\", \"API_TOKEN_CLIENT_CLIENTID\": \"_platform-api\", \"API_TOKEN_CLIENT_ID\": \"4684d68e-637f-499b-b7c6-92703645abd4\"}','2025-08-19 17:07:06','system','2025-08-19 17:07:06','system');
UNLOCK TABLES;

--
-- Dumping data for table `T_PLATFORM_VERSION`
--

LOCK TABLES `T_PLATFORM_VERSION` WRITE;
INSERT INTO `T_PLATFORM_VERSION` VALUES (1,'1.11.0','2025-08-19 17:06:26','system','2025-08-19 17:07:07','1.11.0');
UNLOCK TABLES;

--
-- Dumping data for table `T_PROCESS_QUEUE`
--

LOCK TABLES `T_PROCESS_QUEUE` WRITE;
UNLOCK TABLES;

--
-- Dumping data for table `T_PROCESS_QUEUE_LOCK`
--

LOCK TABLES `T_PROCESS_QUEUE_LOCK` WRITE;
UNLOCK TABLES;

--
-- Dumping data for table `T_REFRESH_TOKEN`
--

LOCK TABLES `T_REFRESH_TOKEN` WRITE;
UNLOCK TABLES;

--
-- Current Database: `PF_ORG_EJAZXMTPQTINWQZ16444`
--

USE `PF_ORG_EJAZXMTPQTINWQZ16444`;

--
-- Dumping data for table `M_SMTP_SERVER`
--

LOCK TABLES `M_SMTP_SERVER` WRITE;
UNLOCK TABLES;

--
-- Dumping data for table `T_AUDIT_LOG`
--

LOCK TABLES `T_AUDIT_LOG` WRITE;
UNLOCK TABLES;

--
-- Dumping data for table `T_JOBS_AUDIT_LOG`
--

LOCK TABLES `T_JOBS_AUDIT_LOG` WRITE;
UNLOCK TABLES;

--
-- Dumping data for table `T_JOBS_AUDIT_LOG_FILE`
--

LOCK TABLES `T_JOBS_AUDIT_LOG_FILE` WRITE;
UNLOCK TABLES;

--
-- Dumping data for table `T_JOBS_USER`
--

LOCK TABLES `T_JOBS_USER` WRITE;
UNLOCK TABLES;

--
-- Dumping data for table `T_JOBS_USER_EXPORT`
--

LOCK TABLES `T_JOBS_USER_EXPORT` WRITE;
UNLOCK TABLES;

--
-- Dumping data for table `T_JOBS_USER_FILE`
--

LOCK TABLES `T_JOBS_USER_FILE` WRITE;
UNLOCK TABLES;

--
-- Dumping data for table `T_JOBS_USER_FILE_EXPORT`
--

LOCK TABLES `T_JOBS_USER_FILE_EXPORT` WRITE;
UNLOCK TABLES;

--
-- Dumping data for table `T_JOBS_USER_RESULT`
--

LOCK TABLES `T_JOBS_USER_RESULT` WRITE;
UNLOCK TABLES;

--
-- Dumping data for table `T_ORGANIZATION_PRIVATE`
--

LOCK TABLES `T_ORGANIZATION_PRIVATE` WRITE;
INSERT INTO `T_ORGANIZATION_PRIVATE` VALUES (1,'{\"USER_TOKEN_CLIENT_CLIENTID\": \"org1\", \"USER_TOKEN_CLIENT_ID\": \"fc17abd5-4aba-48b9-a5e2-1a070c96267d\", \"USER_TOKEN_CLIENT_SECRET\": \"zRxnEEdZyJRapC5BtfteTNQOPeYTtDrJ\", \"INTERNAL_API_CLIENT_CLIENTID\": \"org1-workspaces\", \"INTERNAL_API_CLIENT_ID\": \"742e6a45-dd6c-42b9-8bac-676ee77ef264\", \"INTERNAL_API_CLIENT_SECRET\": \"OwXOXrCtByOpsL4fMK7QmPP6sxuz3TYg\", \"TOKEN_CHECK_CLIENT_CLIENTID\": \"system-org1-auth\", \"TOKEN_CHECK_CLIENT_ID\": \"18e7b0e7-2c8d-44b2-b435-36efa33a6ca1\", \"TOKEN_CHECK_CLIENT_SECRET\": \"Os6ZW1IJPhL1VXRVb1WvLTYBGJDH3by9\", \"API_TOKEN_CLIENT_CLIENTID\": \"_org1-api\", \"API_TOKEN_CLIENT_ID\": \"d0b0c1e6-ea07-4ac5-b32b-dacc23704ee1\"}','2025-08-19 17:10:20','unittest-user01','2025-08-19 17:10:20','unittest-user01');
UNLOCK TABLES;

--
-- Dumping data for table `T_REFRESH_TOKEN`
--

LOCK TABLES `T_REFRESH_TOKEN` WRITE;
UNLOCK TABLES;

--
-- Dumping data for table `T_WORKSPACE`
--

LOCK TABLES `T_WORKSPACE` WRITE;
INSERT INTO `T_WORKSPACE` VALUES ('ws1','name of workspace','{\"environments\": [{\"name\": \"staging\"}, {\"name\": \"production\"}], \"description\": \"description of workspace\"}','2025-08-19 17:10:22','52e0b689-8b97-48c6-b85c-861f6daf5497','2025-08-19 17:10:22','52e0b689-8b97-48c6-b85c-861f6daf5497'),('ws2','name of workspace','{\"environments\": [{\"name\": \"staging\"}, {\"name\": \"production\"}], \"description\": \"description of workspace\"}','2025-08-19 17:10:25','52e0b689-8b97-48c6-b85c-861f6daf5497','2025-08-19 17:10:25','52e0b689-8b97-48c6-b85c-861f6daf5497'),('ws3','name of workspace','{\"environments\": [{\"name\": \"staging\"}, {\"name\": \"production\"}], \"description\": \"description of workspace\"}','2025-08-19 17:10:29','52e0b689-8b97-48c6-b85c-861f6daf5497','2025-08-19 17:10:29','52e0b689-8b97-48c6-b85c-861f6daf5497');
UNLOCK TABLES;

--
-- Dumping data for table `T_WORKSPACE_DB`
--

LOCK TABLES `T_WORKSPACE_DB` WRITE;
INSERT INTO `T_WORKSPACE_DB` VALUES ('org1','ws1','unittest-platform-db',3306,'PF_WS_XKQKZT1L4HYSFEGAQO08','PF_WS_XKQKZT1L4HYSFEGAQO08','dL1zpAXUR11j14B/CPK1c69D1z//OkZGRRG9MfXQYthQGIzCTmjoZpuyIlYFnBUu','2025-08-19 17:10:22','52e0b689-8b97-48c6-b85c-861f6daf5497','2025-08-19 17:11:34','52e0b689-8b97-48c6-b85c-861f6daf5497'),('org1','ws2','unittest-platform-db',3306,'PF_WS_XFKVDFP3YUZD8K2DTKR9','PF_WS_XFKVDFP3YUZD8K2DTKR9','a+hUQn8z8LvbgBkmNfl1pToyAK/Fh/g03to7d+zYOja60cGTQkmq5VPIgd0dJAxg','2025-08-19 17:10:25','52e0b689-8b97-48c6-b85c-861f6daf5497','2025-08-19 17:11:34','52e0b689-8b97-48c6-b85c-861f6daf5497'),('org1','ws3','unittest-platform-db',3306,'PF_WS_L1VM339M8ECNS2ULTIIU','PF_WS_L1VM339M8ECNS2ULTIIU','DLcDTpFo7YvKJPp+DBDH7CLr83OZuuoIyzzz9bOESSn8F4O7JkIDqGmIA6P4iTLL','2025-08-19 17:10:29','52e0b689-8b97-48c6-b85c-861f6daf5497','2025-08-19 17:11:34','52e0b689-8b97-48c6-b85c-861f6daf5497');
UNLOCK TABLES;

--
-- Current Database: `PF_WS_XKQKZT1L4HYSFEGAQO08`
--

USE `PF_WS_XKQKZT1L4HYSFEGAQO08`;

--
-- Dumping data for table `M_NOTIFICATION_DESTINATION`
--

LOCK TABLES `M_NOTIFICATION_DESTINATION` WRITE;
UNLOCK TABLES;

--
-- Dumping data for table `T_NOTIFICATION_MESSAGE`
--

LOCK TABLES `T_NOTIFICATION_MESSAGE` WRITE;
UNLOCK TABLES;

--
-- Current Database: `PF_WS_XFKVDFP3YUZD8K2DTKR9`
--

USE `PF_WS_XFKVDFP3YUZD8K2DTKR9`;

--
-- Dumping data for table `M_NOTIFICATION_DESTINATION`
--

LOCK TABLES `M_NOTIFICATION_DESTINATION` WRITE;
UNLOCK TABLES;

--
-- Dumping data for table `T_NOTIFICATION_MESSAGE`
--

LOCK TABLES `T_NOTIFICATION_MESSAGE` WRITE;
UNLOCK TABLES;

--
-- Current Database: `PF_WS_L1VM339M8ECNS2ULTIIU`
--

USE `PF_WS_L1VM339M8ECNS2ULTIIU`;

--
-- Dumping data for table `M_NOTIFICATION_DESTINATION`
--

LOCK TABLES `M_NOTIFICATION_DESTINATION` WRITE;
UNLOCK TABLES;

--
-- Dumping data for table `T_NOTIFICATION_MESSAGE`
--

LOCK TABLES `T_NOTIFICATION_MESSAGE` WRITE;
UNLOCK TABLES;

--
-- Current Database: `PF_ORG_3ZFT04BZQ7EFICH92F9P`
--

USE `PF_ORG_3ZFT04BZQ7EFICH92F9P`;

--
-- Dumping data for table `M_SMTP_SERVER`
--

LOCK TABLES `M_SMTP_SERVER` WRITE;
UNLOCK TABLES;

--
-- Dumping data for table `T_AUDIT_LOG`
--

LOCK TABLES `T_AUDIT_LOG` WRITE;
UNLOCK TABLES;

--
-- Dumping data for table `T_JOBS_AUDIT_LOG`
--

LOCK TABLES `T_JOBS_AUDIT_LOG` WRITE;
UNLOCK TABLES;

--
-- Dumping data for table `T_JOBS_AUDIT_LOG_FILE`
--

LOCK TABLES `T_JOBS_AUDIT_LOG_FILE` WRITE;
UNLOCK TABLES;

--
-- Dumping data for table `T_JOBS_USER`
--

LOCK TABLES `T_JOBS_USER` WRITE;
UNLOCK TABLES;

--
-- Dumping data for table `T_JOBS_USER_EXPORT`
--

LOCK TABLES `T_JOBS_USER_EXPORT` WRITE;
UNLOCK TABLES;

--
-- Dumping data for table `T_JOBS_USER_FILE`
--

LOCK TABLES `T_JOBS_USER_FILE` WRITE;
UNLOCK TABLES;

--
-- Dumping data for table `T_JOBS_USER_FILE_EXPORT`
--

LOCK TABLES `T_JOBS_USER_FILE_EXPORT` WRITE;
UNLOCK TABLES;

--
-- Dumping data for table `T_JOBS_USER_RESULT`
--

LOCK TABLES `T_JOBS_USER_RESULT` WRITE;
UNLOCK TABLES;

--
-- Dumping data for table `T_ORGANIZATION_PRIVATE`
--

LOCK TABLES `T_ORGANIZATION_PRIVATE` WRITE;
INSERT INTO `T_ORGANIZATION_PRIVATE` VALUES (1,'{\"USER_TOKEN_CLIENT_CLIENTID\": \"org2\", \"USER_TOKEN_CLIENT_ID\": \"2e4723a1-d81b-4639-bb6b-9f411f27d91d\", \"USER_TOKEN_CLIENT_SECRET\": \"5CTkfSQ7cU7BZw0qJ2mzjQLriLwVYiEQ\", \"INTERNAL_API_CLIENT_CLIENTID\": \"org2-workspaces\", \"INTERNAL_API_CLIENT_ID\": \"25395b94-d108-4733-bde2-275d838f2ad2\", \"INTERNAL_API_CLIENT_SECRET\": \"0jLCoU2q6Rrp3KwksEsVyb0ykn0lc455\", \"TOKEN_CHECK_CLIENT_CLIENTID\": \"system-org2-auth\", \"TOKEN_CHECK_CLIENT_ID\": \"a458683d-f4c2-4669-90fd-99a49eba399b\", \"TOKEN_CHECK_CLIENT_SECRET\": \"hMKmXRatF7X5R84oEdcQH9LEWwQADjXI\", \"API_TOKEN_CLIENT_CLIENTID\": \"_org2-api\", \"API_TOKEN_CLIENT_ID\": \"76398bcb-f02f-4ff0-b900-032f46596814\"}','2025-08-19 17:10:36','unittest-user01','2025-08-19 17:10:36','unittest-user01');
UNLOCK TABLES;

--
-- Dumping data for table `T_REFRESH_TOKEN`
--

LOCK TABLES `T_REFRESH_TOKEN` WRITE;
UNLOCK TABLES;

--
-- Dumping data for table `T_WORKSPACE`
--

LOCK TABLES `T_WORKSPACE` WRITE;
INSERT INTO `T_WORKSPACE` VALUES ('ws1','name of workspace','{\"environments\": [{\"name\": \"staging\"}, {\"name\": \"production\"}], \"description\": \"description of workspace\"}','2025-08-19 17:10:38','2e17e43b-654c-47b3-91fa-35a9cd5e1067','2025-08-19 17:10:38','2e17e43b-654c-47b3-91fa-35a9cd5e1067'),('ws2','name of workspace','{\"environments\": [{\"name\": \"staging\"}, {\"name\": \"production\"}], \"description\": \"description of workspace\"}','2025-08-19 17:10:41','2e17e43b-654c-47b3-91fa-35a9cd5e1067','2025-08-19 17:10:41','2e17e43b-654c-47b3-91fa-35a9cd5e1067'),('ws3','name of workspace','{\"environments\": [{\"name\": \"staging\"}, {\"name\": \"production\"}], \"description\": \"description of workspace\"}','2025-08-19 17:10:45','2e17e43b-654c-47b3-91fa-35a9cd5e1067','2025-08-19 17:10:45','2e17e43b-654c-47b3-91fa-35a9cd5e1067');
UNLOCK TABLES;

--
-- Dumping data for table `T_WORKSPACE_DB`
--

LOCK TABLES `T_WORKSPACE_DB` WRITE;
INSERT INTO `T_WORKSPACE_DB` VALUES ('org2','ws1','unittest-platform-db',3306,'PF_WS_0WE16BADQSJ7JUW4T1TA','PF_WS_0WE16BADQSJ7JUW4T1TA','a/t+5KaW3vpk5jMmlqfZJGJ/dixmI7eOTYGifnY3dRUrVYwruEL/GJBDOsxwy3ew','2025-08-19 17:10:38','2e17e43b-654c-47b3-91fa-35a9cd5e1067','2025-08-19 17:11:34','2e17e43b-654c-47b3-91fa-35a9cd5e1067'),('org2','ws2','unittest-platform-db',3306,'PF_WS_W0CD4LK5SA12BRWUJ39L','PF_WS_W0CD4LK5SA12BRWUJ39L','Rz8BbjE+Cd/vLjz4eetBp39u4cqNyX7S+DiOBiz4omi0bvR4wak5N0OH25FQoofc','2025-08-19 17:10:41','2e17e43b-654c-47b3-91fa-35a9cd5e1067','2025-08-19 17:11:34','2e17e43b-654c-47b3-91fa-35a9cd5e1067'),('org2','ws3','unittest-platform-db',3306,'PF_WS_FPNY2O3RD85Z3KJQ2TC5','PF_WS_FPNY2O3RD85Z3KJQ2TC5','7RipiI1scnO+IziNTR1raKKzUz3W1mwWm24LeUegTvSy//foBKsyo9yJkWqe3Te9','2025-08-19 17:10:45','2e17e43b-654c-47b3-91fa-35a9cd5e1067','2025-08-19 17:11:34','2e17e43b-654c-47b3-91fa-35a9cd5e1067');
UNLOCK TABLES;

--
-- Current Database: `PF_WS_0WE16BADQSJ7JUW4T1TA`
--

USE `PF_WS_0WE16BADQSJ7JUW4T1TA`;

--
-- Dumping data for table `M_NOTIFICATION_DESTINATION`
--

LOCK TABLES `M_NOTIFICATION_DESTINATION` WRITE;
UNLOCK TABLES;

--
-- Dumping data for table `T_NOTIFICATION_MESSAGE`
--

LOCK TABLES `T_NOTIFICATION_MESSAGE` WRITE;
UNLOCK TABLES;

--
-- Current Database: `PF_WS_W0CD4LK5SA12BRWUJ39L`
--

USE `PF_WS_W0CD4LK5SA12BRWUJ39L`;

--
-- Dumping data for table `M_NOTIFICATION_DESTINATION`
--

LOCK TABLES `M_NOTIFICATION_DESTINATION` WRITE;
UNLOCK TABLES;

--
-- Dumping data for table `T_NOTIFICATION_MESSAGE`
--

LOCK TABLES `T_NOTIFICATION_MESSAGE` WRITE;
UNLOCK TABLES;

--
-- Current Database: `PF_WS_FPNY2O3RD85Z3KJQ2TC5`
--

USE `PF_WS_FPNY2O3RD85Z3KJQ2TC5`;

--
-- Dumping data for table `M_NOTIFICATION_DESTINATION`
--

LOCK TABLES `M_NOTIFICATION_DESTINATION` WRITE;
UNLOCK TABLES;

--
-- Dumping data for table `T_NOTIFICATION_MESSAGE`
--

LOCK TABLES `T_NOTIFICATION_MESSAGE` WRITE;
UNLOCK TABLES;

--
-- Current Database: `PF_ORG_88TRICA7QF3FWGGEBERO`
--

USE `PF_ORG_88TRICA7QF3FWGGEBERO`;

--
-- Dumping data for table `M_SMTP_SERVER`
--

LOCK TABLES `M_SMTP_SERVER` WRITE;
UNLOCK TABLES;

--
-- Dumping data for table `T_AUDIT_LOG`
--

LOCK TABLES `T_AUDIT_LOG` WRITE;
UNLOCK TABLES;

--
-- Dumping data for table `T_JOBS_AUDIT_LOG`
--

LOCK TABLES `T_JOBS_AUDIT_LOG` WRITE;
UNLOCK TABLES;

--
-- Dumping data for table `T_JOBS_AUDIT_LOG_FILE`
--

LOCK TABLES `T_JOBS_AUDIT_LOG_FILE` WRITE;
UNLOCK TABLES;

--
-- Dumping data for table `T_JOBS_USER`
--

LOCK TABLES `T_JOBS_USER` WRITE;
UNLOCK TABLES;

--
-- Dumping data for table `T_JOBS_USER_EXPORT`
--

LOCK TABLES `T_JOBS_USER_EXPORT` WRITE;
UNLOCK TABLES;

--
-- Dumping data for table `T_JOBS_USER_FILE`
--

LOCK TABLES `T_JOBS_USER_FILE` WRITE;
UNLOCK TABLES;

--
-- Dumping data for table `T_JOBS_USER_FILE_EXPORT`
--

LOCK TABLES `T_JOBS_USER_FILE_EXPORT` WRITE;
UNLOCK TABLES;

--
-- Dumping data for table `T_JOBS_USER_RESULT`
--

LOCK TABLES `T_JOBS_USER_RESULT` WRITE;
UNLOCK TABLES;

--
-- Dumping data for table `T_ORGANIZATION_PRIVATE`
--

LOCK TABLES `T_ORGANIZATION_PRIVATE` WRITE;
INSERT INTO `T_ORGANIZATION_PRIVATE` VALUES (1,'{\"USER_TOKEN_CLIENT_CLIENTID\": \"org3\", \"USER_TOKEN_CLIENT_ID\": \"91dc2268-6b73-482b-b0d1-7756adb51d46\", \"USER_TOKEN_CLIENT_SECRET\": \"4YzV7pKf1l6ibdGlYKUy21j55HbEGgVo\", \"INTERNAL_API_CLIENT_CLIENTID\": \"org3-workspaces\", \"INTERNAL_API_CLIENT_ID\": \"d137d744-bd8f-4564-a08a-42c321fcd1ef\", \"INTERNAL_API_CLIENT_SECRET\": \"GAzph816lYuEHkwkXUoOgGPW26n6FZjV\", \"TOKEN_CHECK_CLIENT_CLIENTID\": \"system-org3-auth\", \"TOKEN_CHECK_CLIENT_ID\": \"09a856e4-4e30-4266-9325-adf59490f8b1\", \"TOKEN_CHECK_CLIENT_SECRET\": \"S5lG3nVAQpRidwW4QTbIVL915bTrxBAe\", \"API_TOKEN_CLIENT_CLIENTID\": \"_org3-api\", \"API_TOKEN_CLIENT_ID\": \"e62b98f4-f0ba-4212-b0c6-f96497dfbf00\"}','2025-08-19 17:10:51','unittest-user01','2025-08-19 17:10:51','unittest-user01');
UNLOCK TABLES;

--
-- Dumping data for table `T_REFRESH_TOKEN`
--

LOCK TABLES `T_REFRESH_TOKEN` WRITE;
UNLOCK TABLES;

--
-- Dumping data for table `T_WORKSPACE`
--

LOCK TABLES `T_WORKSPACE` WRITE;
INSERT INTO `T_WORKSPACE` VALUES ('ws1','name of workspace','{\"environments\": [{\"name\": \"staging\"}, {\"name\": \"production\"}], \"description\": \"description of workspace\"}','2025-08-19 17:10:53','eb0170e4-dc33-4912-a268-052b8234c43c','2025-08-19 17:10:53','eb0170e4-dc33-4912-a268-052b8234c43c'),('ws2','name of workspace','{\"environments\": [{\"name\": \"staging\"}, {\"name\": \"production\"}], \"description\": \"description of workspace\"}','2025-08-19 17:10:56','eb0170e4-dc33-4912-a268-052b8234c43c','2025-08-19 17:10:56','eb0170e4-dc33-4912-a268-052b8234c43c'),('ws3','name of workspace','{\"environments\": [{\"name\": \"staging\"}, {\"name\": \"production\"}], \"description\": \"description of workspace\"}','2025-08-19 17:11:00','eb0170e4-dc33-4912-a268-052b8234c43c','2025-08-19 17:11:00','eb0170e4-dc33-4912-a268-052b8234c43c');
UNLOCK TABLES;

--
-- Dumping data for table `T_WORKSPACE_DB`
--

LOCK TABLES `T_WORKSPACE_DB` WRITE;
INSERT INTO `T_WORKSPACE_DB` VALUES ('org3','ws1','unittest-platform-db',3306,'PF_WS_N1HW4CXTBSBEI3TO19QK','PF_WS_N1HW4CXTBSBEI3TO19QK','3xtr1ymgW57PzEsoK2WGuVxj9cqwLrCE97jkTrrg9oViaXsYhJbUiPDo43ggOfm+','2025-08-19 17:10:53','eb0170e4-dc33-4912-a268-052b8234c43c','2025-08-19 17:11:34','eb0170e4-dc33-4912-a268-052b8234c43c'),('org3','ws2','unittest-platform-db',3306,'PF_WS_4SM6XNRVPSYAVS1JNUT2','PF_WS_4SM6XNRVPSYAVS1JNUT2','EeoACr9+xb5WPbMNupB9Q2+Lk8tblwLHZSZNSPQJNyXaacdRYbTEX+1gnRJK2wqX','2025-08-19 17:10:57','eb0170e4-dc33-4912-a268-052b8234c43c','2025-08-19 17:11:34','eb0170e4-dc33-4912-a268-052b8234c43c'),('org3','ws3','unittest-platform-db',3306,'PF_WS_FPUKCCKW39BWT8GZAUEU','PF_WS_FPUKCCKW39BWT8GZAUEU','sJe+CFTBNN54P/UquIpR30kuqZGerujEQ8qO9I4YzQwUKaRa3RG5qF1Dna5QT2LI','2025-08-19 17:11:00','eb0170e4-dc33-4912-a268-052b8234c43c','2025-08-19 17:11:34','eb0170e4-dc33-4912-a268-052b8234c43c');
UNLOCK TABLES;

--
-- Current Database: `PF_WS_N1HW4CXTBSBEI3TO19QK`
--

USE `PF_WS_N1HW4CXTBSBEI3TO19QK`;

--
-- Dumping data for table `M_NOTIFICATION_DESTINATION`
--

LOCK TABLES `M_NOTIFICATION_DESTINATION` WRITE;
UNLOCK TABLES;

--
-- Dumping data for table `T_NOTIFICATION_MESSAGE`
--

LOCK TABLES `T_NOTIFICATION_MESSAGE` WRITE;
UNLOCK TABLES;

--
-- Current Database: `PF_WS_4SM6XNRVPSYAVS1JNUT2`
--

USE `PF_WS_4SM6XNRVPSYAVS1JNUT2`;

--
-- Dumping data for table `M_NOTIFICATION_DESTINATION`
--

LOCK TABLES `M_NOTIFICATION_DESTINATION` WRITE;
UNLOCK TABLES;

--
-- Dumping data for table `T_NOTIFICATION_MESSAGE`
--

LOCK TABLES `T_NOTIFICATION_MESSAGE` WRITE;
UNLOCK TABLES;

--
-- Current Database: `PF_WS_FPUKCCKW39BWT8GZAUEU`
--

USE `PF_WS_FPUKCCKW39BWT8GZAUEU`;

--
-- Dumping data for table `M_NOTIFICATION_DESTINATION`
--

LOCK TABLES `M_NOTIFICATION_DESTINATION` WRITE;
UNLOCK TABLES;

--
-- Dumping data for table `T_NOTIFICATION_MESSAGE`
--

LOCK TABLES `T_NOTIFICATION_MESSAGE` WRITE;
UNLOCK TABLES;

--
-- Current Database: `PF_ORG_DGZ00V7W0MS6UE8FCB69`
--

USE `PF_ORG_DGZ00V7W0MS6UE8FCB69`;

--
-- Dumping data for table `M_SMTP_SERVER`
--

LOCK TABLES `M_SMTP_SERVER` WRITE;
UNLOCK TABLES;

--
-- Dumping data for table `T_AUDIT_LOG`
--

LOCK TABLES `T_AUDIT_LOG` WRITE;
UNLOCK TABLES;

--
-- Dumping data for table `T_JOBS_AUDIT_LOG`
--

LOCK TABLES `T_JOBS_AUDIT_LOG` WRITE;
UNLOCK TABLES;

--
-- Dumping data for table `T_JOBS_AUDIT_LOG_FILE`
--

LOCK TABLES `T_JOBS_AUDIT_LOG_FILE` WRITE;
UNLOCK TABLES;

--
-- Dumping data for table `T_JOBS_USER`
--

LOCK TABLES `T_JOBS_USER` WRITE;
UNLOCK TABLES;

--
-- Dumping data for table `T_JOBS_USER_EXPORT`
--

LOCK TABLES `T_JOBS_USER_EXPORT` WRITE;
UNLOCK TABLES;

--
-- Dumping data for table `T_JOBS_USER_FILE`
--

LOCK TABLES `T_JOBS_USER_FILE` WRITE;
UNLOCK TABLES;

--
-- Dumping data for table `T_JOBS_USER_FILE_EXPORT`
--

LOCK TABLES `T_JOBS_USER_FILE_EXPORT` WRITE;
UNLOCK TABLES;

--
-- Dumping data for table `T_JOBS_USER_RESULT`
--

LOCK TABLES `T_JOBS_USER_RESULT` WRITE;
UNLOCK TABLES;

--
-- Dumping data for table `T_ORGANIZATION_PRIVATE`
--

LOCK TABLES `T_ORGANIZATION_PRIVATE` WRITE;
INSERT INTO `T_ORGANIZATION_PRIVATE` VALUES (1,'{\"USER_TOKEN_CLIENT_CLIENTID\": \"org4\", \"USER_TOKEN_CLIENT_ID\": \"61d92538-9a22-412e-b7a4-661fb81930ee\", \"USER_TOKEN_CLIENT_SECRET\": \"ouqlFjbSMyWRjy14BdGzCjXG7yhr6qd7\", \"INTERNAL_API_CLIENT_CLIENTID\": \"org4-workspaces\", \"INTERNAL_API_CLIENT_ID\": \"a0940068-fbaf-4ef7-a62c-c38b71f55474\", \"INTERNAL_API_CLIENT_SECRET\": \"XQEuedoxrQVjfNjrAGjNK2tzIwS3vOue\", \"TOKEN_CHECK_CLIENT_CLIENTID\": \"system-org4-auth\", \"TOKEN_CHECK_CLIENT_ID\": \"8fd586fb-6edb-482c-ad94-abe111951d1c\", \"TOKEN_CHECK_CLIENT_SECRET\": \"TzicuTuaIr2QpdvvF5hLOCxYUy50gUjX\", \"API_TOKEN_CLIENT_CLIENTID\": \"_org4-api\", \"API_TOKEN_CLIENT_ID\": \"438356cc-9d72-4f49-97ff-91bbea97f232\"}','2025-08-19 17:11:07','unittest-user01','2025-08-19 17:11:07','unittest-user01');
UNLOCK TABLES;

--
-- Dumping data for table `T_REFRESH_TOKEN`
--

LOCK TABLES `T_REFRESH_TOKEN` WRITE;
UNLOCK TABLES;

--
-- Dumping data for table `T_WORKSPACE`
--

LOCK TABLES `T_WORKSPACE` WRITE;
INSERT INTO `T_WORKSPACE` VALUES ('ws1','name of workspace','{\"environments\": [{\"name\": \"staging\"}, {\"name\": \"production\"}], \"description\": \"description of workspace\"}','2025-08-19 17:11:08','87e9d871-9812-4e8f-9ae8-25b1de8007c3','2025-08-19 17:11:08','87e9d871-9812-4e8f-9ae8-25b1de8007c3'),('ws2','name of workspace','{\"environments\": [{\"name\": \"staging\"}, {\"name\": \"production\"}], \"description\": \"description of workspace\"}','2025-08-19 17:11:11','87e9d871-9812-4e8f-9ae8-25b1de8007c3','2025-08-19 17:11:11','87e9d871-9812-4e8f-9ae8-25b1de8007c3'),('ws3','name of workspace','{\"environments\": [{\"name\": \"staging\"}, {\"name\": \"production\"}], \"description\": \"description of workspace\"}','2025-08-19 17:11:15','87e9d871-9812-4e8f-9ae8-25b1de8007c3','2025-08-19 17:11:15','87e9d871-9812-4e8f-9ae8-25b1de8007c3');
UNLOCK TABLES;

--
-- Dumping data for table `T_WORKSPACE_DB`
--

LOCK TABLES `T_WORKSPACE_DB` WRITE;
INSERT INTO `T_WORKSPACE_DB` VALUES ('org4','ws1','unittest-platform-db',3306,'PF_WS_FK4ZN1D1GUMW9KSL5R7Q','PF_WS_FK4ZN1D1GUMW9KSL5R7Q','OjrR0xoxnCU1WF+WBrPzmn/+YTssJXc7dYtWFYp6/kzUkZoHziVrt1724Ejq3CY4','2025-08-19 17:11:08','87e9d871-9812-4e8f-9ae8-25b1de8007c3','2025-08-19 17:11:34','87e9d871-9812-4e8f-9ae8-25b1de8007c3'),('org4','ws2','unittest-platform-db',3306,'PF_WS_0RFUQBJ5WBLLU42A6UOH','PF_WS_0RFUQBJ5WBLLU42A6UOH','iW/ST6BdcifkW0h/Wi/oW//KhY3raiW3vi/YANs1s92bBD4ih9b3JnLn6yvCTgts','2025-08-19 17:11:11','87e9d871-9812-4e8f-9ae8-25b1de8007c3','2025-08-19 17:11:34','87e9d871-9812-4e8f-9ae8-25b1de8007c3'),('org4','ws3','unittest-platform-db',3306,'PF_WS_ST1KKO7A8JGGPGTM0X2U','PF_WS_ST1KKO7A8JGGPGTM0X2U','Cdt3ToAZ5gGZ1g4QdsgjN6YRSat9tGlaNMbvW94PB1o3uo5UW9OIuZ0ZkvpRtqur','2025-08-19 17:11:15','87e9d871-9812-4e8f-9ae8-25b1de8007c3','2025-08-19 17:11:34','87e9d871-9812-4e8f-9ae8-25b1de8007c3');
UNLOCK TABLES;

--
-- Current Database: `PF_WS_FK4ZN1D1GUMW9KSL5R7Q`
--

USE `PF_WS_FK4ZN1D1GUMW9KSL5R7Q`;

--
-- Dumping data for table `M_NOTIFICATION_DESTINATION`
--

LOCK TABLES `M_NOTIFICATION_DESTINATION` WRITE;
UNLOCK TABLES;

--
-- Dumping data for table `T_NOTIFICATION_MESSAGE`
--

LOCK TABLES `T_NOTIFICATION_MESSAGE` WRITE;
UNLOCK TABLES;

--
-- Current Database: `PF_WS_0RFUQBJ5WBLLU42A6UOH`
--

USE `PF_WS_0RFUQBJ5WBLLU42A6UOH`;

--
-- Dumping data for table `M_NOTIFICATION_DESTINATION`
--

LOCK TABLES `M_NOTIFICATION_DESTINATION` WRITE;
UNLOCK TABLES;

--
-- Dumping data for table `T_NOTIFICATION_MESSAGE`
--

LOCK TABLES `T_NOTIFICATION_MESSAGE` WRITE;
UNLOCK TABLES;

--
-- Current Database: `PF_WS_ST1KKO7A8JGGPGTM0X2U`
--

USE `PF_WS_ST1KKO7A8JGGPGTM0X2U`;

--
-- Dumping data for table `M_NOTIFICATION_DESTINATION`
--

LOCK TABLES `M_NOTIFICATION_DESTINATION` WRITE;
UNLOCK TABLES;

--
-- Dumping data for table `T_NOTIFICATION_MESSAGE`
--

LOCK TABLES `T_NOTIFICATION_MESSAGE` WRITE;
UNLOCK TABLES;

--
-- Current Database: `PF_ORG_SFRZWK33L31NYHF3VHNU`
--

USE `PF_ORG_SFRZWK33L31NYHF3VHNU`;

--
-- Dumping data for table `M_SMTP_SERVER`
--

LOCK TABLES `M_SMTP_SERVER` WRITE;
UNLOCK TABLES;

--
-- Dumping data for table `T_AUDIT_LOG`
--

LOCK TABLES `T_AUDIT_LOG` WRITE;
UNLOCK TABLES;

--
-- Dumping data for table `T_JOBS_AUDIT_LOG`
--

LOCK TABLES `T_JOBS_AUDIT_LOG` WRITE;
UNLOCK TABLES;

--
-- Dumping data for table `T_JOBS_AUDIT_LOG_FILE`
--

LOCK TABLES `T_JOBS_AUDIT_LOG_FILE` WRITE;
UNLOCK TABLES;

--
-- Dumping data for table `T_JOBS_USER`
--

LOCK TABLES `T_JOBS_USER` WRITE;
UNLOCK TABLES;

--
-- Dumping data for table `T_JOBS_USER_EXPORT`
--

LOCK TABLES `T_JOBS_USER_EXPORT` WRITE;
UNLOCK TABLES;

--
-- Dumping data for table `T_JOBS_USER_FILE`
--

LOCK TABLES `T_JOBS_USER_FILE` WRITE;
UNLOCK TABLES;

--
-- Dumping data for table `T_JOBS_USER_FILE_EXPORT`
--

LOCK TABLES `T_JOBS_USER_FILE_EXPORT` WRITE;
UNLOCK TABLES;

--
-- Dumping data for table `T_JOBS_USER_RESULT`
--

LOCK TABLES `T_JOBS_USER_RESULT` WRITE;
UNLOCK TABLES;

--
-- Dumping data for table `T_ORGANIZATION_PRIVATE`
--

LOCK TABLES `T_ORGANIZATION_PRIVATE` WRITE;
INSERT INTO `T_ORGANIZATION_PRIVATE` VALUES (1,'{\"USER_TOKEN_CLIENT_CLIENTID\": \"org5\", \"USER_TOKEN_CLIENT_ID\": \"65f6db45-0ad5-4094-92a4-606ec7018502\", \"USER_TOKEN_CLIENT_SECRET\": \"FVp919iOt6u4MCO6KgtxXADI6sXDaOoi\", \"INTERNAL_API_CLIENT_CLIENTID\": \"org5-workspaces\", \"INTERNAL_API_CLIENT_ID\": \"8fc726dc-fdaf-4ade-b55e-f33c7111bf95\", \"INTERNAL_API_CLIENT_SECRET\": \"FGnwqUIUKHOBbffFlUR6oSoIWILICtKD\", \"TOKEN_CHECK_CLIENT_CLIENTID\": \"system-org5-auth\", \"TOKEN_CHECK_CLIENT_ID\": \"19960f2a-7858-4e31-88cf-84e8e028af03\", \"TOKEN_CHECK_CLIENT_SECRET\": \"WavpPV5WsYEdAR9NnlodA5vy7hZz9DKe\", \"API_TOKEN_CLIENT_CLIENTID\": \"_org5-api\", \"API_TOKEN_CLIENT_ID\": \"ddf659f2-e655-434e-994d-cb9c7daef9dd\"}','2025-08-19 17:11:21','unittest-user01','2025-08-19 17:11:21','unittest-user01');
UNLOCK TABLES;

--
-- Dumping data for table `T_REFRESH_TOKEN`
--

LOCK TABLES `T_REFRESH_TOKEN` WRITE;
UNLOCK TABLES;

--
-- Dumping data for table `T_WORKSPACE`
--

LOCK TABLES `T_WORKSPACE` WRITE;
INSERT INTO `T_WORKSPACE` VALUES ('ws1','name of workspace','{\"environments\": [{\"name\": \"staging\"}, {\"name\": \"production\"}], \"description\": \"description of workspace\"}','2025-08-19 17:11:23','1be43b9e-0ad6-4401-980f-3ef5a5a6b889','2025-08-19 17:11:23','1be43b9e-0ad6-4401-980f-3ef5a5a6b889'),('ws2','name of workspace','{\"environments\": [{\"name\": \"staging\"}, {\"name\": \"production\"}], \"description\": \"description of workspace\"}','2025-08-19 17:11:27','1be43b9e-0ad6-4401-980f-3ef5a5a6b889','2025-08-19 17:11:27','1be43b9e-0ad6-4401-980f-3ef5a5a6b889'),('ws3','name of workspace','{\"environments\": [{\"name\": \"staging\"}, {\"name\": \"production\"}], \"description\": \"description of workspace\"}','2025-08-19 17:11:30','1be43b9e-0ad6-4401-980f-3ef5a5a6b889','2025-08-19 17:11:30','1be43b9e-0ad6-4401-980f-3ef5a5a6b889');
UNLOCK TABLES;

--
-- Dumping data for table `T_WORKSPACE_DB`
--

LOCK TABLES `T_WORKSPACE_DB` WRITE;
INSERT INTO `T_WORKSPACE_DB` VALUES ('org5','ws1','unittest-platform-db',3306,'PF_WS_WE7JHVTBFG6WNZNLU3R4','PF_WS_WE7JHVTBFG6WNZNLU3R4','IE8w8+PYzaI/N7g90rYh5a3fWUdbYgF5bVG4rTUXkCMnsmERPTobN7b/8gNcxCF3','2025-08-19 17:11:23','1be43b9e-0ad6-4401-980f-3ef5a5a6b889','2025-08-19 17:11:34','1be43b9e-0ad6-4401-980f-3ef5a5a6b889'),('org5','ws2','unittest-platform-db',3306,'PF_WS_4YHY1C6HPA3JZWWPD6YM','PF_WS_4YHY1C6HPA3JZWWPD6YM','ZyEv6Cymjr3cQDn8bgEjAVlv75D9kQ4SCLw1tbDd/t4MfC+o5OyMZq2eGi8hIndD','2025-08-19 17:11:27','1be43b9e-0ad6-4401-980f-3ef5a5a6b889','2025-08-19 17:11:34','1be43b9e-0ad6-4401-980f-3ef5a5a6b889'),('org5','ws3','unittest-platform-db',3306,'PF_WS_TGOF6K6KCHYCWKB23QSU','PF_WS_TGOF6K6KCHYCWKB23QSU','Tq7HZjwm5s6yEvg1XdHOx4BHFhGBJ8vsmh/qgJ65+ps/jJsozCiB5ChE+G1hYcc1','2025-08-19 17:11:31','1be43b9e-0ad6-4401-980f-3ef5a5a6b889','2025-08-19 17:11:34','1be43b9e-0ad6-4401-980f-3ef5a5a6b889');
UNLOCK TABLES;

--
-- Current Database: `PF_WS_WE7JHVTBFG6WNZNLU3R4`
--

USE `PF_WS_WE7JHVTBFG6WNZNLU3R4`;

--
-- Dumping data for table `M_NOTIFICATION_DESTINATION`
--

LOCK TABLES `M_NOTIFICATION_DESTINATION` WRITE;
UNLOCK TABLES;

--
-- Dumping data for table `T_NOTIFICATION_MESSAGE`
--

LOCK TABLES `T_NOTIFICATION_MESSAGE` WRITE;
UNLOCK TABLES;

--
-- Current Database: `PF_WS_4YHY1C6HPA3JZWWPD6YM`
--

USE `PF_WS_4YHY1C6HPA3JZWWPD6YM`;

--
-- Dumping data for table `M_NOTIFICATION_DESTINATION`
--

LOCK TABLES `M_NOTIFICATION_DESTINATION` WRITE;
UNLOCK TABLES;

--
-- Dumping data for table `T_NOTIFICATION_MESSAGE`
--

LOCK TABLES `T_NOTIFICATION_MESSAGE` WRITE;
UNLOCK TABLES;

--
-- Current Database: `PF_WS_TGOF6K6KCHYCWKB23QSU`
--

USE `PF_WS_TGOF6K6KCHYCWKB23QSU`;

--
-- Dumping data for table `M_NOTIFICATION_DESTINATION`
--

LOCK TABLES `M_NOTIFICATION_DESTINATION` WRITE;
UNLOCK TABLES;

--
-- Dumping data for table `T_NOTIFICATION_MESSAGE`
--

LOCK TABLES `T_NOTIFICATION_MESSAGE` WRITE;
UNLOCK TABLES;
/*!40103 SET TIME_ZONE=@OLD_TIME_ZONE */;

/*!40101 SET SQL_MODE=@OLD_SQL_MODE */;
/*!40014 SET FOREIGN_KEY_CHECKS=@OLD_FOREIGN_KEY_CHECKS */;
/*!40014 SET UNIQUE_CHECKS=@OLD_UNIQUE_CHECKS */;
/*!40101 SET CHARACTER_SET_CLIENT=@OLD_CHARACTER_SET_CLIENT */;
/*!40101 SET CHARACTER_SET_RESULTS=@OLD_CHARACTER_SET_RESULTS */;
/*!40101 SET COLLATION_CONNECTION=@OLD_COLLATION_CONNECTION */;
/*!40111 SET SQL_NOTES=@OLD_SQL_NOTES */;

-- Dump completed on 2025-08-19 17:11:35
SET foreign_key_checks = 1;
